-- phpMyAdmin SQL Dump
-- version 4.5.2
-- http://www.phpmyadmin.net
--
-- Host: 127.0.0.1
-- Generation Time: May 01, 2017 at 12:25 PM
-- Server version: 5.7.9
-- PHP Version: 5.6.16

SET SQL_MODE = "NO_AUTO_VALUE_ON_ZERO";
SET time_zone = "+00:00";


/*!40101 SET @OLD_CHARACTER_SET_CLIENT=@@CHARACTER_SET_CLIENT */;
/*!40101 SET @OLD_CHARACTER_SET_RESULTS=@@CHARACTER_SET_RESULTS */;
/*!40101 SET @OLD_COLLATION_CONNECTION=@@COLLATION_CONNECTION */;
/*!40101 SET NAMES utf8mb4 */;

--
-- Database: `wrldc_grid_elements`
--

-- --------------------------------------------------------

--
-- Table structure for table `bus_reactors`
--

DROP TABLE IF EXISTS `bus_reactors`;
CREATE TABLE IF NOT EXISTS `bus_reactors` (
  `id` int(11) NOT NULL AUTO_INCREMENT,
  `mvar` int(11) NOT NULL DEFAULT '0',
  `elements_id` int(11) NOT NULL,
  PRIMARY KEY (`id`),
  UNIQUE KEY `elements_id` (`elements_id`) USING BTREE,
  KEY `fk_bus_reactors_elements1_idx` (`elements_id`)
) ENGINE=InnoDB AUTO_INCREMENT=5 DEFAULT CHARSET=utf8;

--
-- Dumping data for table `bus_reactors`
--

INSERT INTO `bus_reactors` (`id`, `mvar`, `elements_id`) VALUES
  (1, 125, 2119);

-- --------------------------------------------------------

--
-- Table structure for table `conductor_types`
--

DROP TABLE IF EXISTS `conductor_types`;
CREATE TABLE IF NOT EXISTS `conductor_types` (
  `id` int(11) NOT NULL AUTO_INCREMENT,
  `name` varchar(100) NOT NULL,
  PRIMARY KEY (`id`),
  UNIQUE KEY `name_UNIQUE` (`name`)
) ENGINE=InnoDB AUTO_INCREMENT=1764 DEFAULT CHARSET=utf8;

--
-- Dumping data for table `conductor_types`
--

INSERT INTO `conductor_types` (`id`, `name`) VALUES
  (407, 'Hexa Zebra'),
  (478, 'NA'),
  (473, 'Octa Bersimis'),
  (5, 'Quad AAAC Moose'),
  (2, 'Quad ACSR Moose'),
  (4, 'Quad Bersimis'),
  (474, 'Single Zebra'),
  (3, 'Triple ACSR Snowbird'),
  (1, 'Twin ACSR Moose'),
  (476, 'Twin Moose');

-- --------------------------------------------------------

--
-- Table structure for table `elements`
--

DROP TABLE IF EXISTS `elements`;
CREATE TABLE IF NOT EXISTS `elements` (
  `id` int(11) NOT NULL AUTO_INCREMENT,
  `name` varchar(100) DEFAULT NULL,
  `description` varchar(300) DEFAULT NULL,
  `sil` int(11) DEFAULT NULL,
  `stability_limit` int(11) DEFAULT NULL,
  `thermal_limit` int(11) DEFAULT NULL,
  `element_types_id` int(11) NOT NULL,
  `voltages_id` int(11) NOT NULL,
  `elem_num` int(11) NOT NULL DEFAULT '1',
  `created_at` timestamp NOT NULL DEFAULT CURRENT_TIMESTAMP,
  `updated_at` timestamp NOT NULL DEFAULT CURRENT_TIMESTAMP ON UPDATE CURRENT_TIMESTAMP,
  PRIMARY KEY (`id`),
  UNIQUE KEY `name_UNIQUE` (`name`,`element_types_id`,`voltages_id`,`elem_num`) USING BTREE,
  KEY `fk_elements_element_types1_idx` (`element_types_id`),
  KEY `fk_elements_voltages1_idx` (`voltages_id`)
) ENGINE=InnoDB AUTO_INCREMENT=6209 DEFAULT CHARSET=utf8;

--
-- Dumping data for table `elements`
--

INSERT INTO `elements` (`id`, `name`, `description`, `sil`, `stability_limit`, `thermal_limit`, `element_types_id`, `voltages_id`, `elem_num`, `created_at`, `updated_at`) VALUES
  (1, 'ACBIL', 'No Description', 0, 0, 0, 16, 4, 1, '2016-09-25 11:18:33', '2016-09-25 11:18:33'),
  (2, 'Akola', 'No Description', 0, 0, 0, 16, 4, 1, '2016-09-25 11:18:33', '2016-09-25 11:18:33'),
  (3, 'Akola(2)', 'No Description', 0, 0, 0, 16, 4, 1, '2016-09-25 11:18:33', '2016-09-25 11:18:33'),
  (4, 'Amreli', 'No Description', 0, 0, 0, 16, 4, 1, '2016-09-25 11:18:34', '2016-09-25 11:18:34'),
  (5, 'APL-Mundra', 'No Description', 0, 0, 0, 16, 4, 1, '2016-09-25 11:18:34', '2016-09-25 11:18:34'),
  (6, 'Asoj', 'No Description', 0, 0, 0, 16, 4, 1, '2016-09-25 11:18:34', '2016-09-25 11:18:34'),
  (7, 'Astha', 'No Description', 0, 0, 0, 16, 4, 1, '2016-09-25 11:18:35', '2016-09-25 11:18:35'),
  (8, 'Athena', 'No Description', 0, 0, 0, 16, 4, 1, '2016-09-25 11:18:35', '2016-09-25 11:18:35'),
  (9, 'Aurangabad-M(Waluj)', 'No Description', 0, 0, 0, 16, 4, 1, '2016-09-25 11:18:35', '2016-09-25 11:18:35'),
  (10, 'Aurangabad-PG', 'No Description', 0, 0, 0, 16, 4, 1, '2016-09-25 11:18:35', '2016-09-25 11:18:35'),
  (11, 'Bableshwar', 'No Description', 0, 0, 0, 16, 4, 1, '2016-09-25 11:18:36', '2016-09-25 11:18:36'),
  (12, 'Bachau', 'No Description', 0, 0, 0, 16, 4, 1, '2016-09-25 11:18:36', '2016-09-25 11:18:36'),
  (13, 'Balco', 'No Description', 0, 0, 0, 16, 4, 1, '2016-09-25 11:18:36', '2016-09-25 11:18:36'),
  (14, 'Bhadrawati', 'No Description', 0, 0, 0, 16, 4, 1, '2016-09-25 11:18:37', '2016-09-25 11:18:37'),
  (15, 'Bhatapara', 'No Description', 0, 0, 0, 16, 4, 1, '2016-09-25 11:18:37', '2016-09-25 11:18:37'),
  (16, 'Bhilai', 'No Description', 0, 0, 0, 16, 4, 1, '2016-09-25 11:18:37', '2016-09-25 11:18:37'),
  (17, 'Bhopal-BDTCL', 'No Description', 0, 0, 0, 16, 4, 1, '2016-09-25 11:18:37', '2016-09-25 11:18:37'),
  (18, 'Bhopal-MP', 'No Description', 0, 0, 0, 16, 4, 1, '2016-09-25 11:18:38', '2016-09-25 11:18:38'),
  (19, 'Bhusawal (Khadka)', 'No Description', 0, 0, 0, 16, 4, 1, '2016-09-25 11:18:38', '2016-09-25 11:18:38'),
  (20, 'Bilaspur ', 'No Description', 0, 0, 0, 16, 4, 1, '2016-09-25 11:18:38', '2016-09-25 11:18:38'),
  (21, 'Bina-MP', 'No Description', 0, 0, 0, 16, 4, 1, '2016-09-25 11:18:38', '2016-09-25 11:18:38'),
  (22, 'Bina-NHPTL', 'No Description', 0, 0, 0, 16, 4, 1, '2016-09-25 11:18:38', '2016-09-25 11:18:38'),
  (23, 'Bina-NTS', 'No Description', 0, 0, 0, 16, 4, 1, '2016-09-25 11:18:38', '2016-09-25 11:18:38'),
  (24, 'Bina-PG', 'No Description', 0, 0, 0, 16, 4, 1, '2016-09-25 11:18:38', '2016-09-25 11:18:38'),
  (25, 'Birsingpur', 'No Description', 0, 0, 0, 16, 4, 1, '2016-09-25 11:18:38', '2016-09-25 11:18:38'),
  (26, 'Boisar', 'No Description', 0, 0, 0, 16, 4, 1, '2016-09-25 11:18:38', '2016-09-25 11:18:38'),
  (27, 'CGPL', 'No Description', 0, 0, 0, 16, 4, 1, '2016-09-25 11:18:39', '2016-09-25 11:18:39'),
  (28, 'Chakan', 'No Description', 0, 0, 0, 16, 4, 1, '2016-09-25 11:18:39', '2016-09-25 11:18:39'),
  (29, 'Champa ', 'No Description', 0, 0, 0, 16, 4, 1, '2016-09-25 11:18:39', '2016-09-25 11:18:39'),
  (30, 'Chandrapur', 'No Description', 0, 0, 0, 16, 4, 1, '2016-09-25 11:18:39', '2016-09-25 11:18:39'),
  (31, 'Chandrapur-II', 'No Description', 0, 0, 0, 16, 4, 1, '2016-09-25 11:18:39', '2016-09-25 11:18:39'),
  (32, 'Chhegaon', 'No Description', 0, 0, 0, 16, 4, 1, '2016-09-25 11:18:39', '2016-09-25 11:18:39'),
  (33, 'Chorania', 'No Description', 0, 0, 0, 16, 4, 1, '2016-09-25 11:18:39', '2016-09-25 11:18:39'),
  (34, 'Damoh', 'No Description', 0, 0, 0, 16, 4, 1, '2016-09-25 11:18:39', '2016-09-25 11:18:39'),
  (35, 'DB-Power', 'No Description', 0, 0, 0, 16, 4, 1, '2016-09-25 11:18:39', '2016-09-25 11:18:39'),
  (36, 'Deepnagar', 'No Description', 0, 0, 0, 16, 4, 1, '2016-09-25 11:18:39', '2016-09-25 11:18:39'),
  (37, 'Dehgam', 'No Description', 0, 0, 0, 16, 4, 1, '2016-09-25 11:18:39', '2016-09-25 11:18:39'),
  (38, 'DGEN', 'No Description', 0, 0, 0, 16, 4, 1, '2016-09-25 11:18:39', '2016-09-25 11:18:39'),
  (39, 'Dhariwal', 'No Description', 0, 0, 0, 16, 4, 1, '2016-09-25 11:18:40', '2016-09-25 11:18:40'),
  (40, 'Dhariwal-MS', 'No Description', 0, 0, 0, 16, 4, 1, '2016-09-25 11:18:40', '2016-09-25 11:18:40'),
  (41, 'Dhule-BDTCL', 'No Description', 0, 0, 0, 16, 4, 1, '2016-09-25 11:18:40', '2016-09-25 11:18:40'),
  (42, 'Dhule-MS', 'No Description', 0, 0, 0, 16, 4, 1, '2016-09-25 11:18:40', '2016-09-25 11:18:40'),
  (43, 'EMCO', 'No Description', 0, 0, 0, 16, 4, 1, '2016-09-25 11:18:40', '2016-09-25 11:18:40'),
  (44, 'Essar_Mahan', 'No Description', 0, 0, 0, 16, 4, 1, '2016-09-25 11:18:40', '2016-09-25 11:18:40'),
  (45, 'Gandhar', 'No Description', 0, 0, 0, 16, 4, 1, '2016-09-25 11:18:40', '2016-09-25 11:18:40'),
  (46, 'GMR-CG', 'No Description', 0, 0, 0, 16, 4, 1, '2016-09-25 11:18:40', '2016-09-25 11:18:40'),
  (47, 'GPEC', 'No Description', 0, 0, 0, 16, 4, 1, '2016-09-25 11:18:40', '2016-09-25 11:18:40'),
  (48, 'Gwalior', 'No Description', 0, 0, 0, 16, 4, 1, '2016-09-25 11:18:40', '2016-09-25 11:18:40'),
  (49, 'Hadala', 'No Description', 0, 0, 0, 16, 4, 1, '2016-09-25 11:18:40', '2016-09-25 11:18:40'),
  (50, 'Hazira', 'No Description', 0, 0, 0, 16, 4, 1, '2016-09-25 11:18:41', '2016-09-25 11:18:41'),
  (51, 'IEPL', 'No Description', 0, 0, 0, 16, 4, 1, '2016-09-25 11:18:41', '2016-09-25 11:18:41'),
  (52, 'Indira Sagar', 'No Description', 0, 0, 0, 16, 4, 1, '2016-09-25 11:18:41', '2016-09-25 11:18:41'),
  (53, 'Indore-MP', 'No Description', 0, 0, 0, 16, 4, 1, '2016-09-25 11:18:41', '2016-09-25 11:18:41'),
  (54, 'Indore-PG', 'No Description', 0, 0, 0, 16, 4, 1, '2016-09-25 11:18:41', '2016-09-25 11:18:41'),
  (55, 'Itarsi', 'No Description', 0, 0, 0, 16, 4, 1, '2016-09-25 11:18:41', '2016-09-25 11:18:41'),
  (56, 'Jabalpur', 'No Description', 0, 0, 0, 16, 4, 1, '2016-09-25 11:18:41', '2016-09-25 11:18:41'),
  (57, 'Jabalpur (PS)', 'No Description', 0, 0, 0, 16, 4, 1, '2016-09-25 11:18:41', '2016-09-25 11:18:41'),
  (58, 'Jaigad', 'No Description', 0, 0, 0, 16, 4, 1, '2016-09-25 11:18:41', '2016-09-25 11:18:41'),
  (59, 'Jejuri', 'No Description', 0, 0, 0, 16, 4, 1, '2016-09-25 11:18:41', '2016-09-25 11:18:41'),
  (60, 'Jetpur', 'No Description', 0, 0, 0, 16, 4, 1, '2016-09-25 11:18:41', '2016-09-25 11:18:41'),
  (61, 'Jhabua Power', 'No Description', 0, 0, 0, 16, 4, 1, '2016-09-25 11:18:42', '2016-09-25 11:18:42'),
  (62, 'JP-Bina', 'No Description', 0, 0, 0, 16, 4, 1, '2016-09-25 11:18:42', '2016-09-25 11:18:42'),
  (63, 'JPL', 'No Description', 0, 0, 0, 16, 4, 1, '2016-09-25 11:18:42', '2016-09-25 11:18:42'),
  (64, 'JPL_extn(Tamnar)', 'No Description', 0, 0, 0, 16, 4, 1, '2016-09-25 11:18:42', '2016-09-25 11:18:42'),
  (65, 'JP-Nigrie', 'No Description', 0, 0, 0, 16, 4, 1, '2016-09-25 11:18:42', '2016-09-25 11:18:42'),
  (66, 'Julwania', 'No Description', 0, 0, 0, 16, 4, 1, '2016-09-25 11:18:42', '2016-09-25 11:18:42'),
  (67, 'Kala', 'No Description', 0, 0, 0, 16, 4, 1, '2016-09-25 11:18:42', '2016-09-25 11:18:42'),
  (68, 'Kalwa', 'No Description', 0, 0, 0, 16, 4, 1, '2016-09-25 11:18:42', '2016-09-25 11:18:42'),
  (69, 'Karad', 'No Description', 0, 0, 0, 16, 4, 1, '2016-09-25 11:18:42', '2016-09-25 11:18:42'),
  (70, 'Kasor', 'No Description', 0, 0, 0, 16, 4, 1, '2016-09-25 11:18:42', '2016-09-25 11:18:42'),
  (71, 'Katni', 'No Description', 0, 0, 0, 16, 4, 1, '2016-09-25 11:18:43', '2016-09-25 11:18:43'),
  (72, 'Khandwa', 'No Description', 0, 0, 0, 16, 4, 1, '2016-09-25 11:18:43', '2016-09-25 11:18:43'),
  (73, 'Khaparkheda', 'No Description', 0, 0, 0, 16, 4, 1, '2016-09-25 11:18:43', '2016-09-25 11:18:43'),
  (74, 'Kharghar', 'No Description', 0, 0, 0, 16, 4, 1, '2016-09-25 11:18:43', '2016-09-25 11:18:43'),
  (75, 'Kolhapur', 'No Description', 0, 0, 0, 16, 4, 1, '2016-09-25 11:18:43', '2016-09-25 11:18:43'),
  (76, 'Kolhapur-PG', 'No Description', 0, 0, 0, 16, 4, 1, '2016-09-25 11:18:43', '2016-09-25 11:18:43'),
  (77, 'Koradi', 'No Description', 0, 0, 0, 16, 4, 1, '2016-09-25 11:18:43', '2016-09-25 11:18:43'),
  (78, 'Koradi-II', 'No Description', 0, 0, 0, 16, 4, 1, '2016-09-25 11:18:43', '2016-09-25 11:18:43'),
  (79, 'Korba (W)', 'No Description', 0, 0, 0, 16, 4, 1, '2016-09-25 11:18:43', '2016-09-25 11:18:43'),
  (80, 'Korba (W)-Ext', 'No Description', 0, 0, 0, 16, 4, 1, '2016-09-25 11:18:43', '2016-09-25 11:18:43'),
  (81, 'Korba-NTPC', 'No Description', 0, 0, 0, 16, 4, 1, '2016-09-25 11:18:44', '2016-09-25 11:18:44'),
  (82, 'Kosamba', 'No Description', 0, 0, 0, 16, 4, 1, '2016-09-25 11:18:44', '2016-09-25 11:18:44'),
  (83, 'Koyna stage-IV', 'No Description', 0, 0, 0, 16, 4, 1, '2016-09-25 11:18:44', '2016-09-25 11:18:44'),
  (84, 'KSK Mahanadi', 'No Description', 0, 0, 0, 16, 4, 1, '2016-09-25 11:18:44', '2016-09-25 11:18:44'),
  (85, 'KWPCL', 'No Description', 0, 0, 0, 16, 4, 1, '2016-09-25 11:18:44', '2016-09-25 11:18:44'),
  (86, 'Lara', 'No Description', 0, 0, 0, 16, 4, 1, '2016-09-25 11:18:44', '2016-09-25 11:18:44'),
  (87, 'Lonikhand', 'No Description', 0, 0, 0, 16, 4, 1, '2016-09-25 11:18:44', '2016-09-25 11:18:44'),
  (88, 'Lonikhand-II', 'No Description', 0, 0, 0, 16, 4, 1, '2016-09-25 11:18:44', '2016-09-25 11:18:44'),
  (89, 'Magarawada', 'No Description', 0, 0, 0, 16, 4, 1, '2016-09-25 11:18:44', '2016-09-25 11:18:44'),
  (90, 'Malwa', 'No Description', 0, 0, 0, 16, 4, 1, '2016-09-25 11:18:45', '2016-09-25 11:18:45'),
  (91, 'Mansar', 'No Description', 0, 0, 0, 16, 4, 1, '2016-09-25 11:18:45', '2016-09-25 11:18:45'),
  (92, 'Mapusa', 'No Description', 0, 0, 0, 16, 4, 1, '2016-09-25 11:18:45', '2016-09-25 11:18:45'),
  (93, 'Marwa', 'No Description', 0, 0, 0, 16, 4, 1, '2016-09-25 11:18:45', '2016-09-25 11:18:45'),
  (94, 'MB Power', 'No Description', 0, 0, 0, 16, 4, 1, '2016-09-25 11:18:46', '2016-09-25 11:18:46'),
  (95, 'MCCPL', 'No Description', 0, 0, 0, 16, 4, 1, '2016-09-25 11:18:46', '2016-09-25 11:18:46'),
  (96, 'Mouda', 'No Description', 0, 0, 0, 16, 4, 1, '2016-09-25 11:18:46', '2016-09-25 11:18:46'),
  (97, 'Nagda', 'No Description', 0, 0, 0, 16, 4, 1, '2016-09-25 11:18:46', '2016-09-25 11:18:46'),
  (98, 'Nagothane', 'No Description', 0, 0, 0, 16, 4, 1, '2016-09-25 11:18:46', '2016-09-25 11:18:46'),
  (99, 'Nanded', 'No Description', 0, 0, 0, 16, 4, 1, '2016-09-25 11:18:46', '2016-09-25 11:18:46'),
  (100, 'Nandgaonpeth', 'No Description', 0, 0, 0, 16, 4, 1, '2016-09-25 11:18:46', '2016-09-25 11:18:46'),
  (101, 'Navsari', 'No Description', 0, 0, 0, 16, 4, 1, '2016-09-25 11:18:46', '2016-09-25 11:18:46'),
  (102, 'New koyna ', 'No Description', 0, 0, 0, 16, 4, 1, '2016-09-25 11:18:46', '2016-09-25 11:18:46'),
  (103, 'NSPCL', 'No Description', 0, 0, 0, 16, 4, 1, '2016-09-25 11:18:46', '2016-09-25 11:18:46'),
  (104, 'Padghe', 'No Description', 0, 0, 0, 16, 4, 1, '2016-09-25 11:18:46', '2016-09-25 11:18:46'),
  (105, 'Parli-M', 'No Description', 0, 0, 0, 16, 4, 1, '2016-09-25 11:18:47', '2016-09-25 11:18:47'),
  (106, 'Parli-PG', 'No Description', 0, 0, 0, 16, 4, 1, '2016-09-25 11:18:47', '2016-09-25 11:18:47'),
  (107, 'Pathadi', 'No Description', 0, 0, 0, 16, 4, 1, '2016-09-25 11:18:47', '2016-09-25 11:18:47'),
  (108, 'Pirana-PG', 'No Description', 0, 0, 0, 16, 4, 1, '2016-09-25 11:18:47', '2016-09-25 11:18:47'),
  (109, 'Pirana-T', 'No Description', 0, 0, 0, 16, 4, 1, '2016-09-25 11:18:47', '2016-09-25 11:18:47'),
  (110, 'Pithampur', 'No Description', 0, 0, 0, 16, 4, 1, '2016-09-25 11:18:47', '2016-09-25 11:18:47'),
  (111, 'Pune-PG', 'No Description', 0, 0, 0, 16, 4, 1, '2016-09-25 11:18:47', '2016-09-25 11:18:47'),
  (112, 'Pune-PG(Shikrapur)', 'No Description', 0, 0, 0, 16, 4, 1, '2016-09-25 11:18:47', '2016-09-25 11:18:47'),
  (113, 'Raigarh', 'No Description', 0, 0, 0, 16, 4, 1, '2016-09-25 11:18:47', '2016-09-25 11:18:47'),
  (114, 'Raigarh-PS(Kotra)', 'No Description', 0, 0, 0, 16, 4, 1, '2016-09-25 11:18:47', '2016-09-25 11:18:47'),
  (115, 'Raipur', 'No Description', 0, 0, 0, 16, 4, 1, '2016-09-25 11:18:48', '2016-09-25 11:18:48'),
  (116, 'Raipur-PS(Durg)', 'No Description', 0, 0, 0, 16, 4, 1, '2016-09-25 11:18:48', '2016-09-25 11:18:48'),
  (117, 'Raita', 'No Description', 0, 0, 0, 16, 4, 1, '2016-09-25 11:18:48', '2016-09-25 11:18:48'),
  (118, 'Rajgarh', 'No Description', 0, 0, 0, 16, 4, 1, '2016-09-25 11:18:48', '2016-09-25 11:18:48'),
  (119, 'Ranchodpura', 'No Description', 0, 0, 0, 16, 4, 1, '2016-09-25 11:18:48', '2016-09-25 11:18:48'),
  (120, 'RGPPL', 'No Description', 0, 0, 0, 16, 4, 1, '2016-09-25 11:18:48', '2016-09-25 11:18:48'),
  (121, 'RKM', 'No Description', 0, 0, 0, 16, 4, 1, '2016-09-25 11:18:48', '2016-09-25 11:18:48'),
  (122, 'Sami', 'No Description', 0, 0, 0, 16, 4, 1, '2016-09-25 11:18:48', '2016-09-25 11:18:48'),
  (123, 'Sasan', 'No Description', 0, 0, 0, 16, 4, 1, '2016-09-25 11:18:48', '2016-09-25 11:18:48'),
  (124, 'Satna', 'No Description', 0, 0, 0, 16, 4, 1, '2016-09-25 11:18:48', '2016-09-25 11:18:48'),
  (125, 'Satpura', 'No Description', 0, 0, 0, 16, 4, 1, '2016-09-25 11:18:49', '2016-09-25 11:18:49'),
  (126, 'Seoni', 'No Description', 0, 0, 0, 16, 4, 1, '2016-09-25 11:18:49', '2016-09-25 11:18:49'),
  (127, 'Sholapur-M', 'No Description', 0, 0, 0, 16, 4, 1, '2016-09-25 11:18:49', '2016-09-25 11:18:49'),
  (128, 'Shujalpur', 'No Description', 0, 0, 0, 16, 4, 1, '2016-09-25 11:18:49', '2016-09-25 11:18:49'),
  (129, 'Sipat', 'No Description', 0, 0, 0, 16, 4, 1, '2016-09-25 11:18:49', '2016-09-25 11:18:49'),
  (130, 'SKS', 'No Description', 0, 0, 0, 16, 4, 1, '2016-09-25 11:18:49', '2016-09-25 11:18:49'),
  (131, 'Soja', 'No Description', 0, 0, 0, 16, 4, 1, '2016-09-25 11:18:49', '2016-09-25 11:18:49'),
  (132, 'Solapur-NTPC', 'No Description', 0, 0, 0, 16, 4, 1, '2016-09-25 11:18:49', '2016-09-25 11:18:49'),
  (133, 'Solapur-PG', 'No Description', 0, 0, 0, 16, 4, 1, '2016-09-25 11:18:49', '2016-09-25 11:18:49'),
  (134, 'SSP', 'No Description', 0, 0, 0, 16, 4, 1, '2016-09-25 11:18:49', '2016-09-25 11:18:49'),
  (135, 'Sugen', 'No Description', 0, 0, 0, 16, 4, 1, '2016-09-25 11:18:50', '2016-09-25 11:18:50'),
  (136, 'Tamnar', 'No Description', 0, 0, 0, 16, 4, 1, '2016-09-25 11:18:50', '2016-09-25 11:18:50'),
  (137, 'Taptithanda', 'No Description', 0, 0, 0, 16, 4, 1, '2016-09-25 11:18:50', '2016-09-25 11:18:50'),
  (138, 'Tarapur-3&4', 'No Description', 0, 0, 0, 16, 4, 1, '2016-09-25 11:18:50', '2016-09-25 11:18:50'),
  (139, 'Tiroda', 'No Description', 0, 0, 0, 16, 4, 1, '2016-09-25 11:18:50', '2016-09-25 11:18:50'),
  (140, 'TRN', 'No Description', 0, 0, 0, 16, 4, 1, '2016-09-25 11:18:50', '2016-09-25 11:18:50'),
  (141, 'Ukai', 'No Description', 0, 0, 0, 16, 4, 1, '2016-09-25 11:18:50', '2016-09-25 11:18:50'),
  (142, 'Uno-Sugen', 'No Description', 0, 0, 0, 16, 4, 1, '2016-09-25 11:18:50', '2016-09-25 11:18:50'),
  (143, 'Vadinar', 'No Description', 0, 0, 0, 16, 4, 1, '2016-09-25 11:18:50', '2016-09-25 11:18:50'),
  (144, 'Vadodara-PS', 'No Description', 0, 0, 0, 16, 4, 1, '2016-09-25 11:18:50', '2016-09-25 11:18:50'),
  (145, 'Vandana', 'No Description', 0, 0, 0, 16, 4, 1, '2016-09-25 11:18:51', '2016-09-25 11:18:51'),
  (146, 'Vapi', 'No Description', 0, 0, 0, 16, 4, 1, '2016-09-25 11:18:51', '2016-09-25 11:18:51'),
  (147, 'Varsana', 'No Description', 0, 0, 0, 16, 4, 1, '2016-09-25 11:18:51', '2016-09-25 11:18:51'),
  (148, 'Vindhyachal', 'No Description', 0, 0, 0, 16, 4, 1, '2016-09-25 11:18:51', '2016-09-25 11:18:51'),
  (149, 'Vindhyachal-III', 'No Description', 0, 0, 0, 16, 4, 1, '2016-09-25 11:18:51', '2016-09-25 11:18:51'),
  (150, 'Vindhyachal-IV', 'No Description', 0, 0, 0, 16, 4, 1, '2016-09-25 11:18:51', '2016-09-25 11:18:51'),
  (151, 'Vindhyachal-PS', 'No Description', 0, 0, 0, 16, 4, 1, '2016-09-25 11:18:51', '2016-09-25 11:18:51'),
  (152, 'Vindhyachal-V', 'No Description', 0, 0, 0, 16, 4, 1, '2016-09-25 11:18:51', '2016-09-25 11:18:51'),
  (153, 'Wanakbori', 'No Description', 0, 0, 0, 16, 4, 1, '2016-09-25 11:18:51', '2016-09-25 11:18:51'),
  (154, 'Wardha', 'No Description', 0, 0, 0, 16, 4, 1, '2016-09-25 11:18:51', '2016-09-25 11:18:51'),
  (155, 'Warora', 'No Description', 0, 0, 0, 16, 4, 1, '2016-09-25 11:18:51', '2016-09-25 11:18:51'),
  (156, 'Zerda(Kansari)', 'No Description', 0, 0, 0, 16, 4, 1, '2016-09-25 11:18:51', '2016-09-25 11:18:51'),
  (157, 'Akola(2)', 'No Description', 0, 0, 0, 16, 1, 1, '2016-09-25 11:18:52', '2016-09-25 11:18:52'),
  (158, 'Aurangabad-PG', 'No Description', 0, 0, 0, 16, 1, 1, '2016-09-25 11:18:52', '2016-09-25 11:18:52'),
  (159, 'Bhopal-BDTCL', 'No Description', 0, 0, 0, 16, 1, 1, '2016-09-25 11:18:52', '2016-09-25 11:18:52'),
  (160, 'Bilaspur', 'No Description', 0, 0, 0, 16, 1, 1, '2016-09-25 11:18:52', '2016-09-25 11:18:52'),
  (161, 'Bina-NHPTL', 'No Description', 0, 0, 0, 16, 1, 1, '2016-09-25 11:18:52', '2016-09-25 11:18:52'),
  (162, 'Bina-PG', 'No Description', 0, 0, 0, 16, 1, 1, '2016-09-25 11:18:52', '2016-09-25 11:18:52'),
  (163, 'Champa ', 'No Description', 0, 0, 0, 16, 1, 1, '2016-09-25 11:18:52', '2016-09-25 11:18:52'),
  (164, 'Dharamjaygarh', 'No Description', 0, 0, 0, 16, 1, 1, '2016-09-25 11:18:52', '2016-09-25 11:18:52'),
  (165, 'Dhule-BDTCL', 'No Description', 0, 0, 0, 16, 1, 1, '2016-09-25 11:18:52', '2016-09-25 11:18:52'),
  (166, 'Ektuni (Aurangabad(3))', 'No Description', 0, 0, 0, 16, 1, 1, '2016-09-25 11:18:52', '2016-09-25 11:18:52'),
  (167, 'Gwalior', 'No Description', 0, 0, 0, 16, 1, 1, '2016-09-25 11:18:52', '2016-09-25 11:18:52'),
  (168, 'Indore-PG', 'No Description', 0, 0, 0, 16, 1, 1, '2016-09-25 11:18:53', '2016-09-25 11:18:53'),
  (169, 'Jabalpur-PS', 'No Description', 0, 0, 0, 16, 1, 1, '2016-09-25 11:18:53', '2016-09-25 11:18:53'),
  (170, 'Koradi(III)', 'No Description', 0, 0, 0, 16, 1, 1, '2016-09-25 11:18:53', '2016-09-25 11:18:53'),
  (171, 'Pune-PG(Shikrapur)', 'No Description', 0, 0, 0, 16, 1, 1, '2016-09-25 11:18:53', '2016-09-25 11:18:53'),
  (172, 'Raigarh-PS(Kotra)', 'No Description', 0, 0, 0, 16, 1, 1, '2016-09-25 11:18:53', '2016-09-25 11:18:53'),
  (173, 'Raipur-PS(Durg)', 'No Description', 0, 0, 0, 16, 1, 1, '2016-09-25 11:18:53', '2016-09-25 11:18:53'),
  (174, 'Sasan', 'No Description', 0, 0, 0, 16, 1, 1, '2016-09-25 11:18:53', '2016-09-25 11:18:53'),
  (175, 'Satna', 'No Description', 0, 0, 0, 16, 1, 1, '2016-09-25 11:18:53', '2016-09-25 11:18:53'),
  (176, 'Seoni', 'No Description', 0, 0, 0, 16, 1, 1, '2016-09-25 11:18:54', '2016-09-25 11:18:54'),
  (177, 'Sipat', 'No Description', 0, 0, 0, 16, 1, 1, '2016-09-25 11:18:54', '2016-09-25 11:18:54'),
  (178, 'Solapur', 'No Description', 0, 0, 0, 16, 1, 1, '2016-09-25 11:18:54', '2016-09-25 11:18:54'),
  (179, 'Tamnar', 'No Description', 0, 0, 0, 16, 1, 1, '2016-09-25 11:18:54', '2016-09-25 11:18:54'),
  (180, 'Tiroda', 'No Description', 0, 0, 0, 16, 1, 1, '2016-09-25 11:18:54', '2016-09-25 11:18:54'),
  (181, 'Vadodora-PS ', 'No Description', 0, 0, 0, 16, 1, 1, '2016-09-25 11:18:54', '2016-09-25 11:18:54'),
  (182, 'Vindhyachal-PS', 'No Description', 0, 0, 0, 16, 1, 1, '2016-09-25 11:18:54', '2016-09-25 11:18:54'),
  (183, 'Wardha', 'No Description', 0, 0, 0, 16, 1, 1, '2016-09-25 11:18:54', '2016-09-25 11:18:54'),
  (184, 'Bina-NTS', 'No Description', 0, 0, 0, 16, 2, 1, '2016-09-25 11:18:54', '2016-09-25 11:18:54'),
  (295, 'IB-Nasik', 'No Description', 0, 0, 0, 16, 4, 1, '2016-09-25 11:20:08', '2016-09-25 11:20:08'),
  (336, 'Bhadrawati HVDC', 'No Description', 0, 0, 0, 16, 4, 1, '2016-09-25 11:20:12', '2016-09-25 11:20:12'),
  (337, 'Ramagundam', 'No Description', 0, 0, 0, 16, 4, 1, '2016-09-25 11:20:12', '2016-09-25 11:20:12'),
  (427, 'NHPTL', 'No Description', 0, 0, 0, 16, 4, 1, '2016-09-25 11:20:20', '2016-09-25 11:20:20'),
  (544, 'Dharamjaygarh', 'No Description', 0, 0, 0, 16, 4, 1, '2016-09-25 11:20:32', '2016-09-25 11:20:32'),
  (565, 'Ektuni (Aurangabad(3))', 'No Description', 0, 0, 0, 16, 4, 1, '2016-09-25 11:20:34', '2016-09-25 11:20:34'),
  (703, 'Tamnar-PS', 'No Description', 0, 0, 0, 16, 4, 1, '2016-09-25 11:20:50', '2016-09-25 11:20:50'),
  (1023, 'India Bharath', 'No Description', 0, 0, 0, 16, 4, 1, '2016-09-25 11:21:05', '2016-09-25 11:21:05'),
  (1026, 'Jharsuguda', 'No Description', 0, 0, 0, 16, 4, 1, '2016-09-25 11:21:05', '2016-09-25 11:21:05'),
  (1030, 'Rourkela', 'No Description', 0, 0, 0, 16, 4, 1, '2016-09-25 11:21:05', '2016-09-25 11:21:05'),
  (1033, 'Sterlite', 'No Description', 0, 0, 0, 16, 4, 1, '2016-09-25 11:21:05', '2016-09-25 11:21:05'),
  (1155, 'RAPP', 'No Description', 0, 0, 0, 16, 4, 1, '2016-09-25 11:21:09', '2016-09-25 11:21:09'),
  (1170, 'Ranchi', 'No Description', 0, 0, 0, 16, 4, 1, '2016-09-25 11:21:09', '2016-09-25 11:21:09'),
  (1338, 'Rihand', 'No Description', 0, 0, 0, 16, 4, 1, '2016-09-25 11:21:15', '2016-09-25 11:21:15'),
  (1374, 'Bhinmal', 'No Description', 0, 0, 0, 16, 4, 1, '2016-09-25 11:21:16', '2016-09-25 11:21:16'),
  (1377, 'Kankroli', 'No Description', 0, 0, 0, 16, 4, 1, '2016-09-25 11:21:16', '2016-09-25 11:21:16'),
  (1402, 'Solapur-PG', 'No Description', 0, 0, 0, 16, 1, 1, '2016-09-25 11:21:17', '2016-09-25 11:21:17'),
  (1444, 'Ranchi', 'No Description', 0, 0, 0, 16, 1, 1, '2016-09-25 11:21:19', '2016-09-25 11:21:19'),
  (1453, 'Jharsuguda', 'No Description', 0, 0, 0, 16, 1, 1, '2016-09-25 11:21:19', '2016-09-25 11:21:19'),
  (1473, 'Agra', 'No Description', 0, 0, 0, 16, 1, 1, '2016-09-25 11:21:20', '2016-09-25 11:21:20'),
  (1480, 'Jaipur', 'No Description', 0, 0, 0, 16, 1, 1, '2016-09-25 11:21:20', '2016-09-25 11:21:20'),
  (1488, 'Kholpaur-PG*', 'No Description', 0, 0, 0, 16, 1, 1, '2016-09-25 11:21:20', '2016-09-25 11:21:20'),
  (1489, 'Kudgi*', 'No Description', 0, 0, 0, 16, 1, 1, '2016-09-25 11:21:20', '2016-09-25 11:21:20'),
  (1563, 'Raichur', 'No Description', 0, 0, 0, 16, 1, 1, '2016-09-25 11:21:23', '2016-09-25 11:21:23'),
  (1590, 'Anuppur', 'No Description', 0, 0, 0, 16, 3, 1, '2016-09-25 11:21:23', '2016-09-25 11:21:23'),
  (1591, 'Kotmikala', 'No Description', 0, 0, 0, 16, 3, 1, '2016-09-25 11:21:23', '2016-09-25 11:21:23'),
  (1596, 'Auraiya', 'No Description', 0, 0, 0, 16, 3, 1, '2016-09-25 11:21:24', '2016-09-25 11:21:24'),
  (1597, 'Malanpur', 'No Description', 0, 0, 0, 16, 3, 1, '2016-09-25 11:21:24', '2016-09-25 11:21:24'),
  (1600, 'Mehgaon', 'No Description', 0, 0, 0, 16, 3, 1, '2016-09-25 11:21:24', '2016-09-25 11:21:24'),
  (1602, 'Aurangabad-PG', 'No Description', 0, 0, 0, 16, 3, 1, '2016-09-25 11:21:24', '2016-09-25 11:21:24'),
  (1603, 'Chitegoan', 'No Description', 0, 0, 0, 16, 3, 1, '2016-09-25 11:21:24', '2016-09-25 11:21:24'),
  (1609, 'Shendra', 'No Description', 0, 0, 0, 16, 3, 1, '2016-09-25 11:21:24', '2016-09-25 11:21:24'),
  (1614, 'Badod', 'No Description', 0, 0, 0, 16, 3, 1, '2016-09-25 11:21:24', '2016-09-25 11:21:24'),
  (1615, 'Sakatpur', 'No Description', 0, 0, 0, 16, 3, 1, '2016-09-25 11:21:24', '2016-09-25 11:21:24'),
  (1618, 'Nepniya', 'No Description', 0, 0, 0, 16, 3, 1, '2016-09-25 11:21:24', '2016-09-25 11:21:24'),
  (1620, 'Bhanpura', 'No Description', 0, 0, 0, 16, 3, 1, '2016-09-25 11:21:25', '2016-09-25 11:21:25'),
  (1621, 'Modak', 'No Description', 0, 0, 0, 16, 3, 1, '2016-09-25 11:21:25', '2016-09-25 11:21:25'),
  (1623, 'Bhatapara-CG', 'No Description', 0, 0, 0, 16, 3, 1, '2016-09-25 11:21:25', '2016-09-25 11:21:25'),
  (1624, 'Bhatapara-PG', 'No Description', 0, 0, 0, 16, 3, 1, '2016-09-25 11:21:25', '2016-09-25 11:21:25'),
  (1627, 'Suhela', 'No Description', 0, 0, 0, 16, 3, 1, '2016-09-25 11:21:25', '2016-09-25 11:21:25'),
  (1635, 'Bhilad', 'No Description', 0, 0, 0, 16, 3, 1, '2016-09-25 11:21:25', '2016-09-25 11:21:25'),
  (1636, 'Vapi-PG', 'No Description', 0, 0, 0, 16, 3, 1, '2016-09-25 11:21:25', '2016-09-25 11:21:25'),
  (1644, 'Bina-MP', 'No Description', 0, 0, 0, 16, 3, 1, '2016-09-25 11:21:25', '2016-09-25 11:21:25'),
  (1645, 'Bina-PG', 'No Description', 0, 0, 0, 16, 3, 1, '2016-09-25 11:21:25', '2016-09-25 11:21:25'),
  (1648, 'Shivpuri', 'No Description', 0, 0, 0, 16, 3, 1, '2016-09-25 11:21:26', '2016-09-25 11:21:26'),
  (1651, 'Mahalgaon', 'No Description', 0, 0, 0, 16, 3, 1, '2016-09-25 11:21:26', '2016-09-25 11:21:26'),
  (1656, 'Boisar-PG', 'No Description', 0, 0, 0, 16, 3, 1, '2016-09-25 11:21:26', '2016-09-25 11:21:26'),
  (1657, 'Vasai', 'No Description', 0, 0, 0, 16, 3, 1, '2016-09-25 11:21:26', '2016-09-25 11:21:26'),
  (1659, 'Boisar-M', 'No Description', 0, 0, 0, 16, 3, 1, '2016-09-25 11:21:26', '2016-09-25 11:21:26'),
  (1665, 'Damoh-MP', 'No Description', 0, 0, 0, 16, 3, 1, '2016-09-25 11:21:26', '2016-09-25 11:21:26'),
  (1666, 'Damoh-PG', 'No Description', 0, 0, 0, 16, 3, 1, '2016-09-25 11:21:26', '2016-09-25 11:21:26'),
  (1672, 'Sagar', 'No Description', 0, 0, 0, 16, 3, 1, '2016-09-25 11:21:26', '2016-09-25 11:21:26'),
  (1675, 'Tikamgad', 'No Description', 0, 0, 0, 16, 3, 1, '2016-09-25 11:21:26', '2016-09-25 11:21:26'),
  (1677, 'Dehgam', 'No Description', 0, 0, 0, 16, 3, 1, '2016-09-25 11:21:26', '2016-09-25 11:21:26'),
  (1678, 'Ranasan', 'No Description', 0, 0, 0, 16, 3, 1, '2016-09-25 11:21:26', '2016-09-25 11:21:26'),
  (1684, 'Khanpur', 'No Description', 0, 0, 0, 16, 3, 1, '2016-09-25 11:21:27', '2016-09-25 11:21:27'),
  (1689, 'Gandhar', 'No Description', 0, 0, 0, 16, 3, 1, '2016-09-25 11:21:27', '2016-09-25 11:21:27'),
  (1690, 'Haldarwa', 'No Description', 0, 0, 0, 16, 3, 1, '2016-09-25 11:21:27', '2016-09-25 11:21:27'),
  (1695, 'Gwalior', 'No Description', 0, 0, 0, 16, 3, 1, '2016-09-25 11:21:27', '2016-09-25 11:21:27'),
  (1708, 'Gwalior-II', 'No Description', 0, 0, 0, 16, 3, 1, '2016-09-25 11:21:27', '2016-09-25 11:21:27'),
  (1713, 'Halkarni', 'No Description', 0, 0, 0, 16, 3, 1, '2016-09-25 11:21:28', '2016-09-25 11:21:28'),
  (1714, 'Tillari', 'No Description', 0, 0, 0, 16, 3, 1, '2016-09-25 11:21:28', '2016-09-25 11:21:28'),
  (1716, 'Bhimasar', 'No Description', 0, 0, 0, 16, 3, 1, '2016-09-25 11:21:28', '2016-09-25 11:21:28'),
  (1717, 'Halvad', 'No Description', 0, 0, 0, 16, 3, 1, '2016-09-25 11:21:28', '2016-09-25 11:21:28'),
  (1722, 'Hoshangabad', 'No Description', 0, 0, 0, 16, 3, 1, '2016-09-25 11:21:28', '2016-09-25 11:21:28'),
  (1723, 'Itarsi-PG', 'No Description', 0, 0, 0, 16, 3, 1, '2016-09-25 11:21:28', '2016-09-25 11:21:28'),
  (1725, 'Itarsi', 'No Description', 0, 0, 0, 16, 3, 1, '2016-09-25 11:21:28', '2016-09-25 11:21:28'),
  (1728, 'Jabalpur', 'No Description', 0, 0, 0, 16, 3, 1, '2016-09-25 11:21:28', '2016-09-25 11:21:28'),
  (1729, 'Jabalpur-PG', 'No Description', 0, 0, 0, 16, 3, 1, '2016-09-25 11:21:28', '2016-09-25 11:21:28'),
  (1735, 'Kakrapar', 'No Description', 0, 0, 0, 16, 3, 1, '2016-09-25 11:21:28', '2016-09-25 11:21:28'),
  (1741, 'Vav', 'No Description', 0, 0, 0, 16, 3, 1, '2016-09-25 11:21:29', '2016-09-25 11:21:29'),
  (1752, 'Kala', 'No Description', 0, 0, 0, 16, 3, 1, '2016-09-25 11:21:29', '2016-09-25 11:21:29'),
  (1753, 'Kharadpada-PG', 'No Description', 0, 0, 0, 16, 3, 1, '2016-09-25 11:21:29', '2016-09-25 11:21:29'),
  (1759, 'Khadoli', 'No Description', 0, 0, 0, 16, 3, 1, '2016-09-25 11:21:29', '2016-09-25 11:21:29'),
  (1764, 'Katni', 'No Description', 0, 0, 0, 16, 3, 1, '2016-09-25 11:21:29', '2016-09-25 11:21:29'),
  (1765, 'Satna-PG', 'No Description', 0, 0, 0, 16, 3, 1, '2016-09-25 11:21:29', '2016-09-25 11:21:29'),
  (1768, 'Kawas', 'No Description', 0, 0, 0, 16, 3, 1, '2016-09-25 11:21:29', '2016-09-25 11:21:29'),
  (1774, 'Navsari-PG', 'No Description', 0, 0, 0, 16, 3, 1, '2016-09-25 11:21:30', '2016-09-25 11:21:30'),
  (1785, 'Ichchapur', 'No Description', 0, 0, 0, 16, 3, 1, '2016-09-25 11:21:30', '2016-09-25 11:21:30'),
  (1791, 'Khandwa', 'No Description', 0, 0, 0, 16, 3, 1, '2016-09-25 11:21:30', '2016-09-25 11:21:30'),
  (1792, 'Omkareswar', 'No Description', 0, 0, 0, 16, 3, 1, '2016-09-25 11:21:30', '2016-09-25 11:21:30'),
  (1794, 'Kharadpada-DNH', 'No Description', 0, 0, 0, 16, 3, 1, '2016-09-25 11:21:30', '2016-09-25 11:21:30'),
  (1800, 'Kolhapur', 'No Description', 0, 0, 0, 16, 3, 1, '2016-09-25 11:21:31', '2016-09-25 11:21:31'),
  (1801, 'Mumbewadi', 'No Description', 0, 0, 0, 16, 3, 1, '2016-09-25 11:21:31', '2016-09-25 11:21:31'),
  (1803, 'Chikkodi', 'No Description', 0, 0, 0, 16, 3, 1, '2016-09-25 11:21:31', '2016-09-25 11:21:31'),
  (1804, 'Kolhapur(Mudshingi)', 'No Description', 0, 0, 0, 16, 3, 1, '2016-09-25 11:21:31', '2016-09-25 11:21:31'),
  (1807, 'Kolhapur(Talandage)', 'No Description', 0, 0, 0, 16, 3, 1, '2016-09-25 11:21:31', '2016-09-25 11:21:31'),
  (1815, 'Amona', 'No Description', 0, 0, 0, 16, 3, 1, '2016-09-25 11:21:31', '2016-09-25 11:21:31'),
  (1816, 'Konalkatta', 'No Description', 0, 0, 0, 16, 3, 1, '2016-09-25 11:21:31', '2016-09-25 11:21:31'),
  (1818, 'Budhipadar', 'No Description', 0, 0, 0, 16, 3, 1, '2016-09-25 11:21:31', '2016-09-25 11:21:31'),
  (1819, 'Korba East', 'No Description', 0, 0, 0, 16, 3, 1, '2016-09-25 11:21:31', '2016-09-25 11:21:31'),
  (1825, 'Raigarh', 'No Description', 0, 0, 0, 16, 3, 1, '2016-09-25 11:21:32', '2016-09-25 11:21:32'),
  (1827, 'Magarwada-DD', 'No Description', 0, 0, 0, 16, 3, 1, '2016-09-25 11:21:32', '2016-09-25 11:21:32'),
  (1828, 'Magarwada-PG', 'No Description', 0, 0, 0, 16, 3, 1, '2016-09-25 11:21:32', '2016-09-25 11:21:32'),
  (1834, 'Mapusa', 'No Description', 0, 0, 0, 16, 3, 1, '2016-09-25 11:21:32', '2016-09-25 11:21:32'),
  (1837, 'Ponda', 'No Description', 0, 0, 0, 16, 3, 1, '2016-09-25 11:21:32', '2016-09-25 11:21:32'),
  (1840, 'Tivim', 'No Description', 0, 0, 0, 16, 3, 1, '2016-09-25 11:21:32', '2016-09-25 11:21:32'),
  (1848, 'Hadala', 'No Description', 0, 0, 0, 16, 3, 1, '2016-09-25 11:21:32', '2016-09-25 11:21:32'),
  (1849, 'Morbi', 'No Description', 0, 0, 0, 16, 3, 1, '2016-09-25 11:21:32', '2016-09-25 11:21:32'),
  (1855, 'Mumewadi', 'No Description', 0, 0, 0, 16, 3, 1, '2016-09-25 11:21:33', '2016-09-25 11:21:33'),
  (1857, 'Nasik', 'No Description', 0, 0, 0, 16, 3, 1, '2016-09-25 11:21:33', '2016-09-25 11:21:33'),
  (1858, 'Navsari', 'No Description', 0, 0, 0, 16, 3, 1, '2016-09-25 11:21:33', '2016-09-25 11:21:33'),
  (1872, 'Kalmeshwar', 'No Description', 0, 0, 0, 16, 3, 1, '2016-09-25 11:21:33', '2016-09-25 11:21:33'),
  (1873, 'Pandurna', 'No Description', 0, 0, 0, 16, 3, 1, '2016-09-25 11:21:33', '2016-09-25 11:21:33'),
  (1875, 'Pithampura', 'No Description', 0, 0, 0, 16, 3, 1, '2016-09-25 11:21:33', '2016-09-25 11:21:33'),
  (1876, 'Rajgarh-PG', 'No Description', 0, 0, 0, 16, 3, 1, '2016-09-25 11:21:33', '2016-09-25 11:21:33'),
  (1881, 'Ambewadi', 'No Description', 0, 0, 0, 16, 3, 1, '2016-09-25 11:21:34', '2016-09-25 11:21:34'),
  (1884, 'Bhudhipadar', 'No Description', 0, 0, 0, 16, 3, 1, '2016-09-25 11:21:34', '2016-09-25 11:21:34'),
  (1885, 'Raigarh-CG', 'No Description', 0, 0, 0, 16, 3, 1, '2016-09-25 11:21:34', '2016-09-25 11:21:34'),
  (1888, 'Raigarh-PG', 'No Description', 0, 0, 0, 16, 3, 1, '2016-09-25 11:21:34', '2016-09-25 11:21:34'),
  (1893, 'Rajgarh-MP', 'No Description', 0, 0, 0, 16, 3, 1, '2016-09-25 11:21:34', '2016-09-25 11:21:34'),
  (1896, 'Dhar', 'No Description', 0, 0, 0, 16, 3, 1, '2016-09-25 11:21:34', '2016-09-25 11:21:34'),
  (1899, 'Satna-MP', 'No Description', 0, 0, 0, 16, 3, 1, '2016-09-25 11:21:34', '2016-09-25 11:21:34'),
  (1905, 'Maihar', 'No Description', 0, 0, 0, 16, 3, 1, '2016-09-25 11:21:35', '2016-09-25 11:21:35'),
  (1908, 'Seoni-MP', 'No Description', 0, 0, 0, 16, 3, 1, '2016-09-25 11:21:35', '2016-09-25 11:21:35'),
  (1909, 'Seoni-PG', 'No Description', 0, 0, 0, 16, 3, 1, '2016-09-25 11:21:35', '2016-09-25 11:21:35'),
  (1914, 'Chindwara', 'No Description', 0, 0, 0, 16, 3, 1, '2016-09-25 11:21:35', '2016-09-25 11:21:35'),
  (1920, 'Kumbari', 'No Description', 0, 0, 0, 16, 3, 1, '2016-09-25 11:21:35', '2016-09-25 11:21:35'),
  (1921, 'Sholapur-PG', 'No Description', 0, 0, 0, 16, 3, 1, '2016-09-25 11:21:35', '2016-09-25 11:21:35'),
  (1926, 'Shujalpur', 'No Description', 0, 0, 0, 16, 3, 1, '2016-09-25 11:21:35', '2016-09-25 11:21:35'),
  (1927, 'Shujalpur-MP', 'No Description', 0, 0, 0, 16, 3, 1, '2016-09-25 11:21:35', '2016-09-25 11:21:35'),
  (1932, 'Pune-PG', 'No Description', 0, 0, 0, 16, 3, 1, '2016-09-25 11:21:35', '2016-09-25 11:21:35'),
  (1933, 'Talegaon', 'No Description', 0, 0, 0, 16, 3, 1, '2016-09-25 11:21:35', '2016-09-25 11:21:35'),
  (1938, 'Tarapur-1&2', 'No Description', 0, 0, 0, 16, 3, 1, '2016-09-25 11:21:36', '2016-09-25 11:21:36'),
  (1939, 'Vapi', 'No Description', 0, 0, 0, 16, 3, 1, '2016-09-25 11:21:36', '2016-09-25 11:21:36'),
  (1947, 'Borivali', 'No Description', 0, 0, 0, 16, 3, 1, '2016-09-25 11:21:36', '2016-09-25 11:21:36'),
  (1951, 'Tarapur-3&4', 'No Description', 0, 0, 0, 16, 3, 1, '2016-09-25 11:21:36', '2016-09-25 11:21:36'),
  (1959, 'Magarwada', 'No Description', 0, 0, 0, 16, 3, 1, '2016-09-25 11:21:37', '2016-09-25 11:21:37'),
  (1974, 'Sayali', 'No Description', 0, 0, 0, 16, 3, 1, '2016-09-25 11:21:38', '2016-09-25 11:21:38'),
  (1977, 'Wardha-M', 'No Description', 0, 0, 0, 16, 3, 1, '2016-09-25 11:21:38', '2016-09-25 11:21:38'),
  (1978, 'Wardha-PG', 'No Description', 0, 0, 0, 16, 3, 1, '2016-09-25 11:21:38', '2016-09-25 11:21:38'),
  (1980, 'Badnera', 'No Description', 0, 0, 0, 16, 3, 1, '2016-09-25 11:21:38', '2016-09-25 11:21:38'),
  (1984, 'Xeldem', 'No Description', 0, 0, 0, 16, 3, 1, '2016-09-25 11:21:38', '2016-09-25 11:21:38'),
  (1986, 'Bhopal', 'No Description', 0, 0, 0, 16, 4, 1, '2016-09-25 11:21:38', '2016-09-25 11:21:38'),
  (2043, 'Indira-sagar', 'No Description', 0, 0, 0, 16, 4, 1, '2016-09-25 11:21:41', '2016-09-25 11:21:41'),
  (2074, 'sudhir', 'sudhir_desc', 9999, 9999, 9999, 7, 4, 1, '2017-04-20 09:14:46', '2017-04-20 09:14:46'),
  (2092, 'sudhir', 'sudhir_desc', -1, -1, -1, 16, 4, 1, '2017-04-20 10:36:12', '2017-04-20 10:36:12'),
  (2100, 'null', 'sudhir_desc', 9999, 9999, 9999, 7, 4, 1, '2017-04-20 10:53:54', '2017-04-20 10:53:54'),
  (2114, 'sudhir1', 'sudhir_desc', -1, -1, -1, 16, 4, 1, '2017-04-21 13:53:24', '2017-04-21 13:53:24'),
  (2119, 'sudhir', 'sudhir_desc', 100, 200, 500, 9, 4, 1, '2017-04-23 07:42:47', '2017-04-23 07:42:47'),
  (2148, 'sudhir', 'sudhir_desc', 777, 888, 999, 11, 4, 1, '2017-04-23 10:21:23', '2017-04-23 10:21:23'),
  (2381, 'ACBIL-Bilaspur', 'NA', 517, -1, -1, 8, 4, 1, '2017-05-01 10:33:00', '2017-05-01 10:33:00'),
  (2384, 'ACBIL-MCCPL', 'NA', 517, -1, -1, 8, 4, 1, '2017-05-01 10:33:00', '2017-05-01 10:33:00'),
  (2387, 'Akola-Aurangabad-PG', 'NA', 517, -1, -1, 8, 4, 1, '2017-05-01 10:33:01', '2017-05-01 10:33:01'),
  (2390, 'Akola-Aurangabad-PG', 'NA', 517, -1, -1, 8, 4, 2, '2017-05-01 10:33:01', '2017-05-01 10:33:01'),
  (2393, 'Akola-Nandgaonpeth', 'NA', 517, -1, -1, 8, 4, 1, '2017-05-01 10:33:01', '2017-05-01 10:33:01'),
  (2396, 'Akola-Akola(2)', 'NA', 517, -1, -1, 8, 4, 1, '2017-05-01 10:33:01', '2017-05-01 10:33:01'),
  (2399, 'Akola-Akola(2)', 'NA', 517, -1, -1, 8, 4, 2, '2017-05-01 10:33:01', '2017-05-01 10:33:01'),
  (2402, 'Akola(2)-Nandgaonpeth', 'NA', 517, -1, -1, 8, 4, 1, '2017-05-01 10:33:01', '2017-05-01 10:33:01'),
  (2405, 'Akola(2)-Nandgaonpeth', 'NA', 517, -1, -1, 8, 4, 2, '2017-05-01 10:33:01', '2017-05-01 10:33:01'),
  (2408, 'Amreli-Hadala', 'NA', 517, -1, -1, 8, 4, 1, '2017-05-01 10:33:01', '2017-05-01 10:33:01'),
  (2411, 'Amreli-Chorania', 'NA', 517, -1, -1, 8, 4, 1, '2017-05-01 10:33:01', '2017-05-01 10:33:01'),
  (2414, 'Amreli-Jetpur', 'NA', 517, -1, -1, 8, 4, 1, '2017-05-01 10:33:02', '2017-05-01 10:33:02'),
  (2417, 'Amreli-Jetpur', 'NA', 517, -1, -1, 8, 4, 2, '2017-05-01 10:33:02', '2017-05-01 10:33:02'),
  (2420, 'APL-Mundra-Sami', 'NA', 517, -1, -1, 8, 4, 1, '2017-05-01 10:33:02', '2017-05-01 10:33:02'),
  (2423, 'APL-Mundra-Sami', 'NA', 517, -1, -1, 8, 4, 2, '2017-05-01 10:33:02', '2017-05-01 10:33:02'),
  (2426, 'APL-Mundra-Hadala', 'NA', 517, -1, -1, 8, 4, 1, '2017-05-01 10:33:02', '2017-05-01 10:33:02'),
  (2429, 'APL-Mundra-Varsana', 'NA', 517, -1, -1, 8, 4, 1, '2017-05-01 10:33:02', '2017-05-01 10:33:02'),
  (2432, 'APL-Mundra-Varsana', 'NA', 517, -1, -1, 8, 4, 2, '2017-05-01 10:33:02', '2017-05-01 10:33:02'),
  (2435, 'APL-Mundra-Zerda(Kansari)', 'NA', 517, -1, -1, 8, 4, 1, '2017-05-01 10:33:03', '2017-05-01 10:33:03'),
  (2438, 'Asoj-Chorania', 'NA', 517, -1, -1, 8, 4, 1, '2017-05-01 10:33:03', '2017-05-01 10:33:03'),
  (2441, 'Asoj-Chorania', 'NA', 517, -1, -1, 8, 4, 2, '2017-05-01 10:33:03', '2017-05-01 10:33:03'),
  (2444, 'Asoj-Kosamba', 'NA', 517, -1, -1, 8, 4, 1, '2017-05-01 10:33:03', '2017-05-01 10:33:03'),
  (2447, 'Asoj-Wanakbori', 'NA', 517, -1, -1, 8, 4, 1, '2017-05-01 10:33:03', '2017-05-01 10:33:03'),
  (2450, 'Athena-Raigarh-PS(Kotra)', 'NA', 681, -1, -1, 8, 4, 1, '2017-05-01 10:33:03', '2017-05-01 10:33:03'),
  (2453, 'Athena-Raigarh-PS(Kotra)', 'NA', 681, -1, -1, 8, 4, 2, '2017-05-01 10:33:03', '2017-05-01 10:33:03'),
  (2456, 'Aurangabad-M(Waluj)-Pune-PG(Shikrapur)', 'NA', 517, -1, -1, 8, 4, 1, '2017-05-01 10:33:04', '2017-05-01 10:33:04'),
  (2459, 'Aurangabad-M(Waluj)-Pune-PG(Shikrapur)', 'NA', 517, -1, -1, 8, 4, 2, '2017-05-01 10:33:04', '2017-05-01 10:33:04'),
  (2462, 'Aurangabad-M(Waluj)-Aurangabad-PG', 'NA', 681, -1, -1, 8, 4, 1, '2017-05-01 10:33:04', '2017-05-01 10:33:04'),
  (2465, 'Aurangabad-M(Waluj)-Aurangabad-PG', 'NA', 681, -1, -1, 8, 4, 2, '2017-05-01 10:33:04', '2017-05-01 10:33:04'),
  (2468, 'Aurangabad-M(Waluj)-Taptithanda', 'NA', 517, -1, -1, 8, 4, 1, '2017-05-01 10:33:04', '2017-05-01 10:33:04'),
  (2471, 'Aurangabad-M(Waluj)-Deepnagar', 'NA', 517, -1, -1, 8, 4, 2, '2017-05-01 10:33:04', '2017-05-01 10:33:04'),
  (2474, 'Aurangabad-PG-Boisar', 'NA', 517, -1, -1, 8, 4, 1, '2017-05-01 10:33:04', '2017-05-01 10:33:04'),
  (2477, 'Aurangabad-PG-Boisar', 'NA', 517, -1, -1, 8, 4, 2, '2017-05-01 10:33:04', '2017-05-01 10:33:04'),
  (2480, 'Bableshwar-Padghe', 'NA', 517, -1, -1, 8, 4, 1, '2017-05-01 10:33:04', '2017-05-01 10:33:04'),
  (2483, 'Bableshwar-Padghe', 'NA', 517, -1, -1, 8, 4, 2, '2017-05-01 10:33:04', '2017-05-01 10:33:04'),
  (2486, 'Bableshwar-Aurangabad-M(Waluj)', 'NA', 517, -1, -1, 8, 4, 1, '2017-05-01 10:33:05', '2017-05-01 10:33:05'),
  (2489, 'Bableshwar-IB-Nasik', 'NA', 517, -1, -1, 8, 4, 1, '2017-05-01 10:33:05', '2017-05-01 10:33:05'),
  (2492, 'Bableshwar-IB-Nasik', 'NA', 517, -1, -1, 8, 4, 2, '2017-05-01 10:33:05', '2017-05-01 10:33:05'),
  (2495, 'Bachau-Ranchodpura', 'NA', 626, -1, -1, 8, 4, 1, '2017-05-01 10:33:05', '2017-05-01 10:33:05'),
  (2498, 'Bachau-Ranchodpura', 'NA', 626, -1, -1, 8, 4, 2, '2017-05-01 10:33:05', '2017-05-01 10:33:05'),
  (2501, 'Bachau-Varsana', 'NA', 517, -1, -1, 8, 4, 1, '2017-05-01 10:33:05', '2017-05-01 10:33:05'),
  (2504, 'Bachau-Varsana', 'NA', 517, -1, -1, 8, 4, 2, '2017-05-01 10:33:05', '2017-05-01 10:33:05'),
  (2507, 'Bhadrawati-Bhilai', 'NA', 517, -1, -1, 8, 4, 1, '2017-05-01 10:33:05', '2017-05-01 10:33:05'),
  (2510, 'Bhadrawati-Raipur', 'NA', 517, -1, -1, 8, 4, 1, '2017-05-01 10:33:05', '2017-05-01 10:33:05'),
  (2513, 'Bhadrawati-Raipur', 'NA', 517, -1, -1, 8, 4, 2, '2017-05-01 10:33:06', '2017-05-01 10:33:06'),
  (2516, 'Bhadrawati-Raipur', 'NA', 517, -1, -1, 8, 4, 3, '2017-05-01 10:33:06', '2017-05-01 10:33:06'),
  (2519, 'Bhadrawati-EMCO', 'NA', 517, -1, -1, 8, 4, 1, '2017-05-01 10:33:06', '2017-05-01 10:33:06'),
  (2522, 'Bhadrawati-EMCO', 'NA', 517, -1, -1, 8, 4, 2, '2017-05-01 10:33:06', '2017-05-01 10:33:06'),
  (2525, 'Bhadrawati-Parli-PG', 'NA', 517, -1, -1, 8, 4, 1, '2017-05-01 10:33:06', '2017-05-01 10:33:06'),
  (2528, 'Bhadrawati-Dhariwal', 'NA', 517, -1, -1, 8, 4, 1, '2017-05-01 10:33:06', '2017-05-01 10:33:06'),
  (2531, 'Bhadrawati HVDC-Ramagundam', 'NA', 517, -1, -1, 8, 4, 1, '2017-05-01 10:33:06', '2017-05-01 10:33:06'),
  (2534, 'Bhadrawati HVDC-Ramagundam', 'NA', 517, -1, -1, 8, 4, 2, '2017-05-01 10:33:06', '2017-05-01 10:33:06'),
  (2537, 'Bhilai-Raipur', 'NA', 517, -1, -1, 8, 4, 1, '2017-05-01 10:33:06', '2017-05-01 10:33:06'),
  (2540, 'Bhilai-Seoni', 'NA', 517, -1, -1, 8, 4, 1, '2017-05-01 10:33:06', '2017-05-01 10:33:06'),
  (2543, 'Bhilai-Bhatapara', 'NA', 517, -1, -1, 8, 4, 1, '2017-05-01 10:33:07', '2017-05-01 10:33:07'),
  (2546, 'Bhilai-Raita', 'NA', 517, -1, -1, 8, 4, 1, '2017-05-01 10:33:07', '2017-05-01 10:33:07'),
  (2549, 'Bhilai-Raita', 'NA', 517, -1, -1, 8, 4, 2, '2017-05-01 10:33:07', '2017-05-01 10:33:07'),
  (2552, 'Bhilai-Raita', 'NA', 517, -1, -1, 8, 4, 3, '2017-05-01 10:33:07', '2017-05-01 10:33:07'),
  (2555, 'Bhopal-BDTCL-Bhopal-MP', 'NA', 517, -1, -1, 8, 4, 1, '2017-05-01 10:33:07', '2017-05-01 10:33:07'),
  (2558, 'Bhopal-BDTCL-Bhopal-MP', 'NA', 517, -1, -1, 8, 4, 2, '2017-05-01 10:33:07', '2017-05-01 10:33:07'),
  (2561, 'Bhopal-MP-Bina-MP', 'NA', 517, -1, -1, 8, 4, 1, '2017-05-01 10:33:07', '2017-05-01 10:33:07'),
  (2564, 'Bhopal-MP-Bina-MP', 'NA', 517, -1, -1, 8, 4, 2, '2017-05-01 10:33:07', '2017-05-01 10:33:07'),
  (2567, 'Bhopal-MP-Itarsi', 'NA', 517, -1, -1, 8, 4, 1, '2017-05-01 10:33:07', '2017-05-01 10:33:07'),
  (2570, 'Bhopal-MP-Itarsi', 'NA', 517, -1, -1, 8, 4, 2, '2017-05-01 10:33:08', '2017-05-01 10:33:08'),
  (2573, 'Bhopal-MP-Damoh', 'NA', 517, -1, -1, 8, 4, 1, '2017-05-01 10:33:08', '2017-05-01 10:33:08'),
  (2576, 'Bhopal-MP-Damoh', 'NA', 517, -1, -1, 8, 4, 2, '2017-05-01 10:33:08', '2017-05-01 10:33:08'),
  (2579, 'Bhusawal (Khadka)-Bableshwar', 'NA', 517, -1, -1, 8, 4, 1, '2017-05-01 10:33:08', '2017-05-01 10:33:08'),
  (2582, 'Bhusawal (Khadka)-Aurangabad-M(Waluj)', 'NA', 517, -1, -1, 8, 4, 1, '2017-05-01 10:33:08', '2017-05-01 10:33:08'),
  (2585, 'Bhusawal (Khadka)-Akola', 'NA', 517, -1, -1, 8, 4, 1, '2017-05-01 10:33:08', '2017-05-01 10:33:08'),
  (2588, 'Bhusawal (Khadka)-Deepnagar', 'NA', 517, -1, -1, 8, 4, 1, '2017-05-01 10:33:08', '2017-05-01 10:33:08'),
  (2591, 'Bhusawal (Khadka)-Deepnagar', 'NA', 517, -1, -1, 8, 4, 2, '2017-05-01 10:33:08', '2017-05-01 10:33:08'),
  (2594, 'Bina-MP-JP-Bina', 'NA', 517, -1, -1, 8, 4, 1, '2017-05-01 10:33:08', '2017-05-01 10:33:08'),
  (2597, 'Bina-MP-Bina-PG', 'NA', 517, -1, -1, 8, 4, 1, '2017-05-01 10:33:08', '2017-05-01 10:33:08'),
  (2600, 'Bina-MP-Bina-PG', 'NA', 517, -1, -1, 8, 4, 2, '2017-05-01 10:33:09', '2017-05-01 10:33:09'),
  (2603, 'Bina-MP-Bina-PG', 'NA', 517, -1, -1, 8, 4, 3, '2017-05-01 10:33:09', '2017-05-01 10:33:09'),
  (2606, 'Bina-MP-Bina-PG', 'NA', 517, -1, -1, 8, 4, 4, '2017-05-01 10:33:09', '2017-05-01 10:33:09'),
  (2609, 'Bina-PG-Shujalpur', 'NA', 517, -1, -1, 8, 4, 1, '2017-05-01 10:33:09', '2017-05-01 10:33:09'),
  (2612, 'Bina-PG-Shujalpur', 'NA', 517, -1, -1, 8, 4, 2, '2017-05-01 10:33:09', '2017-05-01 10:33:09'),
  (2615, 'Bina-PG-JP-Bina', 'NA', 517, -1, -1, 8, 4, 1, '2017-05-01 10:33:09', '2017-05-01 10:33:09'),
  (2618, 'Bina-PG-Bina-NTS', 'NA', 517, -1, -1, 8, 4, 1, '2017-05-01 10:33:09', '2017-05-01 10:33:09'),
  (2621, 'Bina-PG-NHPTL', 'NA', 517, -1, -1, 8, 4, 1, '2017-05-01 10:33:09', '2017-05-01 10:33:09'),
  (2624, 'Birsingpur-Katni', 'NA', 517, -1, -1, 8, 4, 1, '2017-05-01 10:33:09', '2017-05-01 10:33:09'),
  (2627, 'Birsingpur-Katni', 'NA', 517, -1, -1, 8, 4, 2, '2017-05-01 10:33:09', '2017-05-01 10:33:09'),
  (2630, 'Birsingpur-Vandana', 'NA', 517, -1, -1, 8, 4, 1, '2017-05-01 10:33:09', '2017-05-01 10:33:09'),
  (2633, 'CGPL-Chorania', 'NA', 626, -1, -1, 8, 4, 1, '2017-05-01 10:33:10', '2017-05-01 10:33:10'),
  (2636, 'CGPL-Mansar', 'NA', 626, -1, -1, 8, 4, 1, '2017-05-01 10:33:10', '2017-05-01 10:33:10'),
  (2639, 'CGPL-Jetpur', 'NA', 626, -1, -1, 8, 4, 1, '2017-05-01 10:33:10', '2017-05-01 10:33:10'),
  (2642, 'CGPL-Jetpur', 'NA', 626, -1, -1, 8, 4, 2, '2017-05-01 10:33:10', '2017-05-01 10:33:10'),
  (2645, 'CGPL-Bachau', 'NA', 626, -1, -1, 8, 4, 1, '2017-05-01 10:33:10', '2017-05-01 10:33:10'),
  (2648, 'CGPL-Bachau', 'NA', 626, -1, -1, 8, 4, 2, '2017-05-01 10:33:10', '2017-05-01 10:33:10'),
  (2651, 'Chakan-Pune-PG', 'NA', 517, -1, -1, 8, 4, 1, '2017-05-01 10:33:10', '2017-05-01 10:33:10'),
  (2654, 'Chandrapur-Bhadrawati', 'NA', 517, -1, -1, 8, 4, 1, '2017-05-01 10:33:10', '2017-05-01 10:33:10'),
  (2657, 'Chandrapur-Bhadrawati', 'NA', 517, -1, -1, 8, 4, 2, '2017-05-01 10:33:11', '2017-05-01 10:33:11'),
  (2660, 'Chandrapur-Bhadrawati', 'NA', 517, -1, -1, 8, 4, 3, '2017-05-01 10:33:11', '2017-05-01 10:33:11'),
  (2663, 'Chandrapur-Bhadrawati', 'NA', 517, -1, -1, 8, 4, 4, '2017-05-01 10:33:11', '2017-05-01 10:33:11'),
  (2666, 'Chandrapur-Khaparkheda', 'NA', 517, -1, -1, 8, 4, 1, '2017-05-01 10:33:11', '2017-05-01 10:33:11'),
  (2669, 'Chandrapur-Chandrapur-II', 'NA', 517, -1, -1, 8, 4, 1, '2017-05-01 10:33:11', '2017-05-01 10:33:11'),
  (2672, 'Chandrapur-Chandrapur-II', 'NA', 517, -1, -1, 8, 4, 2, '2017-05-01 10:33:11', '2017-05-01 10:33:11'),
  (2675, 'Chandrapur-Parli-M', 'NA', 517, -1, -1, 8, 4, 3, '2017-05-01 10:33:11', '2017-05-01 10:33:11'),
  (2678, 'Chandrapur-II-Dhariwal', 'NA', 517, -1, -1, 8, 4, 1, '2017-05-01 10:33:11', '2017-05-01 10:33:11'),
  (2681, 'Chandrapur-II-Dhariwal', 'NA', 517, -1, -1, 8, 4, 2, '2017-05-01 10:33:11', '2017-05-01 10:33:11'),
  (2684, 'Chandrapur-II-Nanded', 'NA', -1, -1, -1, 8, 4, 1, '2017-05-01 10:33:11', '2017-05-01 10:33:11'),
  (2687, 'Chhegaon-Julwania', 'NA', 517, -1, -1, 8, 4, 1, '2017-05-01 10:33:12', '2017-05-01 10:33:12'),
  (2690, 'Chorania-Kosamba', 'NA', 517, -1, -1, 8, 4, 1, '2017-05-01 10:33:12', '2017-05-01 10:33:12'),
  (2693, 'Chorania-Kosamba', 'NA', 517, -1, -1, 8, 4, 2, '2017-05-01 10:33:12', '2017-05-01 10:33:12'),
  (2696, 'Damoh-Birsingpur', 'NA', 517, -1, -1, 8, 4, 1, '2017-05-01 10:33:12', '2017-05-01 10:33:12'),
  (2699, 'Damoh-Birsingpur', 'NA', 517, -1, -1, 8, 4, 2, '2017-05-01 10:33:12', '2017-05-01 10:33:12'),
  (2702, 'Damoh-Katni', 'NA', 517, -1, -1, 8, 4, 1, '2017-05-01 10:33:12', '2017-05-01 10:33:12'),
  (2705, 'DB-Power-Raigarh-PS(Kotra)', 'NA', 517, -1, -1, 8, 4, 1, '2017-05-01 10:33:12', '2017-05-01 10:33:12'),
  (2708, 'DB-Power-Raigarh-PS(Kotra)', 'NA', 517, -1, -1, 8, 4, 2, '2017-05-01 10:33:12', '2017-05-01 10:33:12'),
  (2711, 'Dehgam-Gandhar', 'NA', 517, -1, -1, 8, 4, 1, '2017-05-01 10:33:12', '2017-05-01 10:33:12'),
  (2714, 'Dehgam-Gandhar', 'NA', 517, -1, -1, 8, 4, 2, '2017-05-01 10:33:12', '2017-05-01 10:33:12'),
  (2717, 'Dehgam-Pirana-PG', 'NA', 517, -1, -1, 8, 4, 1, '2017-05-01 10:33:13', '2017-05-01 10:33:13'),
  (2720, 'Dehgam-Pirana-PG', 'NA', 517, -1, -1, 8, 4, 2, '2017-05-01 10:33:13', '2017-05-01 10:33:13'),
  (2723, 'Dehgam-Sami', 'NA', 517, -1, -1, 8, 4, 1, '2017-05-01 10:33:13', '2017-05-01 10:33:13'),
  (2726, 'Dehgam-Sami', 'NA', 517, -1, -1, 8, 4, 2, '2017-05-01 10:33:13', '2017-05-01 10:33:13'),
  (2729, 'Dehgam-Ranchodpura', 'NA', 517, -1, -1, 8, 4, 1, '2017-05-01 10:33:13', '2017-05-01 10:33:13'),
  (2732, 'Dehgam-Ranchodpura', 'NA', 517, -1, -1, 8, 4, 2, '2017-05-01 10:33:13', '2017-05-01 10:33:13'),
  (2735, 'Dehgam-Wanakbori', 'NA', 517, -1, -1, 8, 4, 1, '2017-05-01 10:33:13', '2017-05-01 10:33:13'),
  (2738, 'Dharamjaygarh-Balco', 'NA', 517, -1, -1, 8, 4, 1, '2017-05-01 10:33:13', '2017-05-01 10:33:13'),
  (2741, 'Dharamjaygarh-Balco', 'NA', 517, -1, -1, 8, 4, 2, '2017-05-01 10:33:13', '2017-05-01 10:33:13'),
  (2744, 'Dhariwal-Parli-PG', 'NA', 517, -1, -1, 8, 4, 1, '2017-05-01 10:33:13', '2017-05-01 10:33:13'),
  (2747, 'Dhule-BDTCL-Dhule-MS', 'NA', 517, -1, -1, 8, 4, 1, '2017-05-01 10:33:14', '2017-05-01 10:33:14'),
  (2750, 'Dhule-BDTCL-Dhule-MS', 'NA', 517, -1, -1, 8, 4, 2, '2017-05-01 10:33:14', '2017-05-01 10:33:14'),
  (2753, 'Dhule-MS-Bableshwar', 'NA', 517, -1, -1, 8, 4, 1, '2017-05-01 10:33:14', '2017-05-01 10:33:14'),
  (2756, 'Dhule-MS-Bableshwar', 'NA', 517, -1, -1, 8, 4, 2, '2017-05-01 10:33:14', '2017-05-01 10:33:14'),
  (2759, 'Ektuni (Aurangabad(3))-Bableshwar', 'NA', 681, -1, -1, 8, 4, 1, '2017-05-01 10:33:14', '2017-05-01 10:33:14'),
  (2762, 'Ektuni (Aurangabad(3))-Bableshwar', 'NA', 681, -1, -1, 8, 4, 2, '2017-05-01 10:33:14', '2017-05-01 10:33:14'),
  (2765, 'Gandhar-Navsari', 'NA', 517, -1, -1, 8, 4, 1, '2017-05-01 10:33:14', '2017-05-01 10:33:14'),
  (2768, 'Gandhar-Kosamba', 'NA', 517, -1, -1, 8, 4, 1, '2017-05-01 10:33:14', '2017-05-01 10:33:14'),
  (2771, 'Gandhar-Hazira', 'NA', 517, -1, -1, 8, 4, 1, '2017-05-01 10:33:14', '2017-05-01 10:33:14'),
  (2774, 'Gandhar-Hazira', 'NA', 517, -1, -1, 8, 4, 2, '2017-05-01 10:33:14', '2017-05-01 10:33:14'),
  (2777, 'Gandhar-GPEC', 'NA', 517, -1, -1, 8, 4, 1, '2017-05-01 10:33:15', '2017-05-01 10:33:15'),
  (2780, 'Gandhar-Sugen', 'NA', 517, -1, -1, 8, 4, 1, '2017-05-01 10:33:15', '2017-05-01 10:33:15'),
  (2783, 'GPEC-Kasor', 'NA', 517, -1, -1, 8, 4, 1, '2017-05-01 10:33:15', '2017-05-01 10:33:15'),
  (2786, 'Hadala-Varsana', 'NA', 517, -1, -1, 8, 4, 1, '2017-05-01 10:33:15', '2017-05-01 10:33:15'),
  (2789, 'Hadala-Vadinar', 'NA', 517, -1, -1, 8, 4, 1, '2017-05-01 10:33:15', '2017-05-01 10:33:15'),
  (2792, 'Hadala-Vadinar', 'NA', 517, -1, -1, 8, 4, 2, '2017-05-01 10:33:15', '2017-05-01 10:33:15'),
  (2795, 'Hadala-Chorania', 'NA', 517, -1, -1, 8, 4, 1, '2017-05-01 10:33:15', '2017-05-01 10:33:15'),
  (2798, 'IEPL-Warora', 'NA', 517, -1, -1, 8, 4, 1, '2017-05-01 10:33:15', '2017-05-01 10:33:15'),
  (2801, 'IEPL-Koradi-II', 'NA', 517, -1, -1, 8, 4, 2, '2017-05-01 10:33:15', '2017-05-01 10:33:15'),
  (2804, 'Indira Sagar-Indore-MP', 'NA', 681, -1, -1, 8, 4, 1, '2017-05-01 10:33:15', '2017-05-01 10:33:15'),
  (2807, 'Indira Sagar-Indore-MP', 'NA', 681, -1, -1, 8, 4, 2, '2017-05-01 10:33:15', '2017-05-01 10:33:15'),
  (2810, 'Indira Sagar-Nagda', 'NA', 517, -1, -1, 8, 4, 1, '2017-05-01 10:33:16', '2017-05-01 10:33:16'),
  (2813, 'Indore-MP-Indore-PG', 'NA', 517, -1, -1, 8, 4, 1, '2017-05-01 10:33:16', '2017-05-01 10:33:16'),
  (2816, 'Indore-MP-Indore-PG', 'NA', 517, -1, -1, 8, 4, 2, '2017-05-01 10:33:16', '2017-05-01 10:33:16'),
  (2819, 'Indore-MP-Nagda', 'NA', 517, -1, -1, 8, 4, 1, '2017-05-01 10:33:16', '2017-05-01 10:33:16'),
  (2822, 'Indore-MP-Asoj', 'NA', 517, -1, -1, 8, 4, 1, '2017-05-01 10:33:16', '2017-05-01 10:33:16'),
  (2825, 'Indore-MP-Asoj', 'NA', 517, -1, -1, 8, 4, 2, '2017-05-01 10:33:16', '2017-05-01 10:33:16'),
  (2828, 'Indore-PG-Pithampur', 'NA', 517, -1, -1, 8, 4, 1, '2017-05-01 10:33:16', '2017-05-01 10:33:16'),
  (2831, 'Indore-PG-Pithampur', 'NA', 517, -1, -1, 8, 4, 2, '2017-05-01 10:33:16', '2017-05-01 10:33:16'),
  (2834, 'Itarsi-Indore-MP', 'NA', 517, -1, -1, 8, 4, 1, '2017-05-01 10:33:16', '2017-05-01 10:33:16'),
  (2837, 'Itarsi-Indore-MP', 'NA', 517, -1, -1, 8, 4, 2, '2017-05-01 10:33:16', '2017-05-01 10:33:16'),
  (2840, 'Itarsi-Khandwa', 'NA', 517, -1, -1, 8, 4, 1, '2017-05-01 10:33:17', '2017-05-01 10:33:17'),
  (2843, 'Itarsi-Khandwa', 'NA', 517, -1, -1, 8, 4, 2, '2017-05-01 10:33:17', '2017-05-01 10:33:17'),
  (2846, 'Jabalpur-Itarsi', 'NA', 517, -1, -1, 8, 4, 1, '2017-05-01 10:33:17', '2017-05-01 10:33:17'),
  (2849, 'Jabalpur-Itarsi', 'NA', 517, -1, -1, 8, 4, 2, '2017-05-01 10:33:17', '2017-05-01 10:33:17'),
  (2852, 'Jabalpur-Itarsi', 'NA', 517, -1, -1, 8, 4, 3, '2017-05-01 10:33:17', '2017-05-01 10:33:17'),
  (2855, 'Jabalpur-Itarsi', 'NA', 517, -1, -1, 8, 4, 4, '2017-05-01 10:33:17', '2017-05-01 10:33:17'),
  (2858, 'Jabalpur-Sasan', 'NA', 517, -1, -1, 8, 4, 1, '2017-05-01 10:33:17', '2017-05-01 10:33:17'),
  (2861, 'Jabalpur-Jabalpur (PS)', 'NA', 681, -1, -1, 8, 4, 1, '2017-05-01 10:33:17', '2017-05-01 10:33:17'),
  (2864, 'Jabalpur-Jabalpur (PS)', 'NA', 681, -1, -1, 8, 4, 2, '2017-05-01 10:33:17', '2017-05-01 10:33:17'),
  (2867, 'Jabalpur (PS)-MB Power', 'NA', 626, -1, -1, 8, 4, 1, '2017-05-01 10:33:17', '2017-05-01 10:33:17'),
  (2870, 'Jabalpur (PS)-MB Power', 'NA', 626, -1, -1, 8, 4, 2, '2017-05-01 10:33:18', '2017-05-01 10:33:18'),
  (2873, 'Jabalpur (PS)-Jhabua Power', 'NA', 517, -1, -1, 8, 4, 1, '2017-05-01 10:33:18', '2017-05-01 10:33:18'),
  (2876, 'Jabalpur (PS)-Jhabua Power', 'NA', 517, -1, -1, 8, 4, 2, '2017-05-01 10:33:18', '2017-05-01 10:33:18'),
  (2879, 'Jaigad-New koyna', 'NA', 517, -1, -1, 8, 4, 1, '2017-05-01 10:33:18', '2017-05-01 10:33:18'),
  (2882, 'Jaigad-New koyna', 'NA', 517, -1, -1, 8, 4, 2, '2017-05-01 10:33:18', '2017-05-01 10:33:18');
INSERT INTO `elements` (`id`, `name`, `description`, `sil`, `stability_limit`, `thermal_limit`, `element_types_id`, `voltages_id`, `elem_num`, `created_at`, `updated_at`) VALUES
  (2885, 'Jejuri-Koyna stage-IV', 'NA', 517, -1, -1, 8, 4, 1, '2017-05-01 10:33:18', '2017-05-01 10:33:18'),
  (2888, 'JPL-Raipur', 'NA', 517, -1, -1, 8, 4, 1, '2017-05-01 10:33:18', '2017-05-01 10:33:18'),
  (2891, 'JPL-Raipur', 'NA', 517, -1, -1, 8, 4, 2, '2017-05-01 10:33:18', '2017-05-01 10:33:18'),
  (2894, 'JPL-JPL_extn(Tamnar)', 'NA', 517, -1, -1, 8, 4, 1, '2017-05-01 10:33:18', '2017-05-01 10:33:18'),
  (2897, 'JPL_extn(Tamnar)-Tamnar-PS', 'NA', 517, -1, -1, 8, 4, 1, '2017-05-01 10:33:18', '2017-05-01 10:33:18'),
  (2900, 'JPL_extn(Tamnar)-Tamnar-PS', 'NA', 517, -1, -1, 8, 4, 2, '2017-05-01 10:33:18', '2017-05-01 10:33:18'),
  (2903, 'JPL_extn(Tamnar)-Tamnar-PS', 'NA', 517, -1, -1, 8, 4, 4, '2017-05-01 10:33:19', '2017-05-01 10:33:19'),
  (2906, 'JPL_extn(Tamnar)-Tamnar-PS', 'NA', 517, -1, -1, 8, 4, 3, '2017-05-01 10:33:19', '2017-05-01 10:33:19'),
  (2909, 'Kala-Vapi', 'NA', 517, -1, -1, 8, 4, 1, '2017-05-01 10:33:19', '2017-05-01 10:33:19'),
  (2912, 'Kala-Vapi', 'NA', 517, -1, -1, 8, 4, 2, '2017-05-01 10:33:19', '2017-05-01 10:33:19'),
  (2915, 'Kalwa-Padghe', 'NA', 517, -1, -1, 8, 4, 1, '2017-05-01 10:33:19', '2017-05-01 10:33:19'),
  (2918, 'Kalwa-Padghe', 'NA', 517, -1, -1, 8, 4, 2, '2017-05-01 10:33:19', '2017-05-01 10:33:19'),
  (2921, 'Kalwa-Kharghar', 'NA', 517, -1, -1, 8, 4, 1, '2017-05-01 10:33:19', '2017-05-01 10:33:19'),
  (2924, 'Kalwa-Pune-PG', 'NA', 517, -1, -1, 8, 4, 1, '2017-05-01 10:33:19', '2017-05-01 10:33:19'),
  (2927, 'Karad-Kolhapur', 'NA', 517, -1, -1, 8, 4, 1, '2017-05-01 10:33:19', '2017-05-01 10:33:19'),
  (2930, 'Karad-Kolhapur', 'NA', 517, -1, -1, 8, 4, 2, '2017-05-01 10:33:19', '2017-05-01 10:33:19'),
  (2933, 'Karad-Jaigad', 'NA', 517, -1, -1, 8, 4, 1, '2017-05-01 10:33:20', '2017-05-01 10:33:20'),
  (2936, 'Karad-Jaigad', 'NA', 517, -1, -1, 8, 4, 2, '2017-05-01 10:33:20', '2017-05-01 10:33:20'),
  (2939, 'Karad-New Koyna', 'NA', 517, -1, -1, 8, 4, 1, '2017-05-01 10:33:20', '2017-05-01 10:33:20'),
  (2942, 'Karad-New Koyna', 'NA', 517, -1, -1, 8, 4, 2, '2017-05-01 10:33:20', '2017-05-01 10:33:20'),
  (2945, 'Karad-Solapur-PG', 'NA', 517, -1, -1, 8, 4, 1, '2017-05-01 10:33:20', '2017-05-01 10:33:20'),
  (2948, 'Karad-Lonikhand', 'NA', 517, -1, -1, 8, 4, 1, '2017-05-01 10:33:20', '2017-05-01 10:33:20'),
  (2951, 'Kasor-Chorania', 'NA', 517, -1, -1, 8, 4, 1, '2017-05-01 10:33:20', '2017-05-01 10:33:20'),
  (2954, 'Khandwa-Dhule-MS', 'NA', 517, -1, -1, 8, 4, 1, '2017-05-01 10:33:20', '2017-05-01 10:33:20'),
  (2957, 'Khandwa-Dhule-MS', 'NA', 517, -1, -1, 8, 4, 2, '2017-05-01 10:33:20', '2017-05-01 10:33:20'),
  (2960, 'Khandwa-Rajgarh', 'NA', 517, -1, -1, 8, 4, 1, '2017-05-01 10:33:20', '2017-05-01 10:33:20'),
  (2963, 'Khandwa-Rajgarh', 'NA', 517, -1, -1, 8, 4, 2, '2017-05-01 10:33:20', '2017-05-01 10:33:20'),
  (2966, 'Kharghar-Padghe', 'NA', 517, -1, -1, 8, 4, 1, '2017-05-01 10:33:21', '2017-05-01 10:33:21'),
  (2969, 'Kolhapur-Kolhapur-PG', 'NA', 517, -1, -1, 8, 4, 1, '2017-05-01 10:33:21', '2017-05-01 10:33:21'),
  (2972, 'Kolhapur-Kolhapur-PG', 'NA', 517, -1, -1, 8, 4, 2, '2017-05-01 10:33:21', '2017-05-01 10:33:21'),
  (2975, 'Kolhapur-Solapur-PG', 'NA', 517, -1, -1, 8, 4, 1, '2017-05-01 10:33:21', '2017-05-01 10:33:21'),
  (2978, 'Kolhapur-Solapur-PG', 'NA', 517, -1, -1, 8, 4, 2, '2017-05-01 10:33:21', '2017-05-01 10:33:21'),
  (2981, 'Kolhapur-PG-Mapusa', 'NA', 517, -1, -1, 8, 4, 1, '2017-05-01 10:33:21', '2017-05-01 10:33:21'),
  (2984, 'Kolhapur-PG-Mapusa', 'NA', 517, -1, -1, 8, 4, 2, '2017-05-01 10:33:21', '2017-05-01 10:33:21'),
  (2987, 'Koradi-Bhusawal (Khadka)', 'NA', 517, -1, -1, 8, 4, 2, '2017-05-01 10:33:21', '2017-05-01 10:33:21'),
  (2990, 'Koradi-Satpura', 'NA', 517, -1, -1, 8, 4, 1, '2017-05-01 10:33:21', '2017-05-01 10:33:21'),
  (2993, 'Koradi-Bhilai', 'NA', 517, -1, -1, 8, 4, 1, '2017-05-01 10:33:22', '2017-05-01 10:33:22'),
  (2996, 'Koradi-Khaparkheda', 'NA', 517, -1, -1, 8, 4, 1, '2017-05-01 10:33:22', '2017-05-01 10:33:22'),
  (2999, 'Koradi-Khaparkheda', 'NA', 517, -1, -1, 8, 4, 2, '2017-05-01 10:33:22', '2017-05-01 10:33:22'),
  (3002, 'Korba (W)-Korba-NTPC', 'NA', 517, -1, -1, 8, 4, 1, '2017-05-01 10:33:22', '2017-05-01 10:33:22'),
  (3005, 'Korba (W)-Raita', 'NA', 517, -1, -1, 8, 4, 1, '2017-05-01 10:33:22', '2017-05-01 10:33:22'),
  (3008, 'Korba (W)-Korba (W)-Ext', 'NA', 517, -1, -1, 8, 4, 1, '2017-05-01 10:33:22', '2017-05-01 10:33:22'),
  (3011, 'Korba (W)-Ext-Bhilai', 'NA', 517, -1, -1, 8, 4, 1, '2017-05-01 10:33:22', '2017-05-01 10:33:22'),
  (3014, 'Korba (W)-Ext-Marwa', 'NA', 517, -1, -1, 8, 4, 1, '2017-05-01 10:33:22', '2017-05-01 10:33:22'),
  (3017, 'Korba-NTPC-Bhilai', 'NA', 517, -1, -1, 8, 4, 1, '2017-05-01 10:33:22', '2017-05-01 10:33:22'),
  (3020, 'Korba-NTPC-Bhilai', 'NA', 517, -1, -1, 8, 4, 2, '2017-05-01 10:33:22', '2017-05-01 10:33:22'),
  (3023, 'Korba-NTPC-Raipur', 'NA', 517, -1, -1, 8, 4, 1, '2017-05-01 10:33:22', '2017-05-01 10:33:22'),
  (3026, 'Korba-NTPC-Raipur', 'NA', 517, -1, -1, 8, 4, 2, '2017-05-01 10:33:22', '2017-05-01 10:33:22'),
  (3029, 'Korba-NTPC-Sipat', 'NA', 517, -1, -1, 8, 4, 1, '2017-05-01 10:33:23', '2017-05-01 10:33:23'),
  (3032, 'Korba-NTPC-Essar_Mahan', 'NA', 517, -1, -1, 8, 4, 1, '2017-05-01 10:33:23', '2017-05-01 10:33:23'),
  (3035, 'Korba-NTPC-Vindhyachal', 'NA', 517, -1, -1, 8, 4, 2, '2017-05-01 10:33:23', '2017-05-01 10:33:23'),
  (3038, 'Korba-NTPC-Bhatapara', 'NA', 517, -1, -1, 8, 4, 1, '2017-05-01 10:33:23', '2017-05-01 10:33:23'),
  (3041, 'Korba-NTPC-Birsingpur', 'NA', 517, -1, -1, 8, 4, 2, '2017-05-01 10:33:23', '2017-05-01 10:33:23'),
  (3044, 'Korba-NTPC-Vandana', 'NA', 517, -1, -1, 8, 4, 1, '2017-05-01 10:33:23', '2017-05-01 10:33:23'),
  (3047, 'Koyna stage-IV-Lonikhand', 'NA', 517, -1, -1, 8, 4, 1, '2017-05-01 10:33:23', '2017-05-01 10:33:23'),
  (3050, 'Koyna stage-IV-New Koyna', 'NA', 517, -1, -1, 8, 4, 1, '2017-05-01 10:33:23', '2017-05-01 10:33:23'),
  (3053, 'Koyna stage-IV-New Koyna', 'NA', 517, -1, -1, 8, 4, 2, '2017-05-01 10:33:23', '2017-05-01 10:33:23'),
  (3056, 'KSK Mahanadi-Raipur', 'NA', 517, -1, -1, 8, 4, 1, '2017-05-01 10:33:23', '2017-05-01 10:33:23'),
  (3059, 'KSK Mahanadi-Raipur', 'NA', 517, -1, -1, 8, 4, 2, '2017-05-01 10:33:23', '2017-05-01 10:33:23'),
  (3062, 'KSK Mahanadi-RKM', 'NA', 517, -1, -1, 8, 4, 1, '2017-05-01 10:33:24', '2017-05-01 10:33:24'),
  (3065, 'KWPCL-Raigarh-PS(Kotra)', 'NA', 517, -1, -1, 8, 4, 1, '2017-05-01 10:33:24', '2017-05-01 10:33:24'),
  (3068, 'KWPCL-Raigarh-PS(Kotra)', 'NA', 517, -1, -1, 8, 4, 2, '2017-05-01 10:33:24', '2017-05-01 10:33:24'),
  (3071, 'Lara-Raigarh-PS(Kotra)', 'NA', 517, -1, -1, 8, 4, 1, '2017-05-01 10:33:24', '2017-05-01 10:33:24'),
  (3074, 'Lara-Raigarh-PS(Kotra)', 'NA', 517, -1, -1, 8, 4, 2, '2017-05-01 10:33:24', '2017-05-01 10:33:24'),
  (3077, 'Lonikhand-Jejuri', 'NA', 517, -1, -1, 8, 4, 1, '2017-05-01 10:33:24', '2017-05-01 10:33:24'),
  (3080, 'Lonikhand-Chakan', 'NA', 517, -1, -1, 8, 4, 1, '2017-05-01 10:33:24', '2017-05-01 10:33:24'),
  (3083, 'Lonikhand-Pune-PG', 'NA', 517, -1, -1, 8, 4, 1, '2017-05-01 10:33:24', '2017-05-01 10:33:24'),
  (3086, 'Lonikhand-II-Lonikhand', 'NA', 517, -1, -1, 8, 4, 1, '2017-05-01 10:33:24', '2017-05-01 10:33:24'),
  (3089, 'Lonikhand-II-Lonikhand', 'NA', 517, -1, -1, 8, 4, 2, '2017-05-01 10:33:24', '2017-05-01 10:33:24'),
  (3092, 'Magarawada-Kala', 'NA', 517, -1, -1, 8, 4, 1, '2017-05-01 10:33:24', '2017-05-01 10:33:24'),
  (3095, 'Magarawada-Kala', 'NA', 517, -1, -1, 8, 4, 2, '2017-05-01 10:33:25', '2017-05-01 10:33:25'),
  (3098, 'Magarawada-Navsari', 'NA', 517, -1, -1, 8, 4, 1, '2017-05-01 10:33:25', '2017-05-01 10:33:25'),
  (3101, 'Magarawada-Navsari', 'NA', 517, -1, -1, 8, 4, 2, '2017-05-01 10:33:25', '2017-05-01 10:33:25'),
  (3104, 'Malwa-Chhegaon', 'NA', 517, -1, -1, 8, 4, 1, '2017-05-01 10:33:25', '2017-05-01 10:33:25'),
  (3107, 'Malwa-Pithampur', 'NA', 517, -1, -1, 8, 4, 1, '2017-05-01 10:33:25', '2017-05-01 10:33:25'),
  (3110, 'Malwa-Pithampur', 'NA', 517, -1, -1, 8, 4, 2, '2017-05-01 10:33:25', '2017-05-01 10:33:25'),
  (3113, 'Malwa-Julwania', 'NA', 517, -1, -1, 8, 4, 1, '2017-05-01 10:33:25', '2017-05-01 10:33:25'),
  (3116, 'Mansar-Chorania', 'NA', 626, -1, -1, 8, 4, 1, '2017-05-01 10:33:25', '2017-05-01 10:33:25'),
  (3119, 'MCCPL-Bilaspur', 'NA', 517, -1, -1, 8, 4, 1, '2017-05-01 10:33:25', '2017-05-01 10:33:25'),
  (3122, 'Nagda-Dehgam', 'NA', 517, -1, -1, 8, 4, 1, '2017-05-01 10:33:26', '2017-05-01 10:33:26'),
  (3125, 'Nagda-Dehgam', 'NA', 517, -1, -1, 8, 4, 2, '2017-05-01 10:33:26', '2017-05-01 10:33:26'),
  (3128, 'Nagda-Shujalpur', 'NA', 517, -1, -1, 8, 4, 1, '2017-05-01 10:33:26', '2017-05-01 10:33:26'),
  (3131, 'Nagda-Shujalpur', 'NA', 517, -1, -1, 8, 4, 2, '2017-05-01 10:33:26', '2017-05-01 10:33:26'),
  (3134, 'Nandgaonpeth-Koradi', 'NA', 517, -1, -1, 8, 4, 1, '2017-05-01 10:33:26', '2017-05-01 10:33:26'),
  (3137, 'Navsari-DGEN', 'NA', 517, -1, -1, 8, 4, 1, '2017-05-01 10:33:26', '2017-05-01 10:33:26'),
  (3140, 'Navsari-DGEN', 'NA', 517, -1, -1, 8, 4, 2, '2017-05-01 10:33:26', '2017-05-01 10:33:26'),
  (3143, 'NSPCL-Raipur', 'NA', 517, -1, -1, 8, 4, 1, '2017-05-01 10:33:26', '2017-05-01 10:33:26'),
  (3146, 'NSPCL-Raipur', 'NA', 517, -1, -1, 8, 4, 2, '2017-05-01 10:33:26', '2017-05-01 10:33:26'),
  (3149, 'Padghe-Boisar', 'NA', 517, -1, -1, 8, 4, 1, '2017-05-01 10:33:26', '2017-05-01 10:33:26'),
  (3152, 'Padghe-Nagothane', 'NA', 517, -1, -1, 8, 4, 1, '2017-05-01 10:33:27', '2017-05-01 10:33:27'),
  (3155, 'Padghe-Nagothane', 'NA', 517, -1, -1, 8, 4, 2, '2017-05-01 10:33:27', '2017-05-01 10:33:27'),
  (3158, 'Padghe-Pune-PG', 'NA', 517, -1, -1, 8, 4, 1, '2017-05-01 10:33:27', '2017-05-01 10:33:27'),
  (3161, 'Parli-M-Lonikhand-II', 'NA', 517, -1, -1, 8, 4, 1, '2017-05-01 10:33:27', '2017-05-01 10:33:27'),
  (3164, 'Parli-M-Lonikhand-II', 'NA', 517, -1, -1, 8, 4, 2, '2017-05-01 10:33:27', '2017-05-01 10:33:27'),
  (3167, 'Parli-M-Sholapur-M', 'NA', 517, -1, -1, 8, 4, 1, '2017-05-01 10:33:27', '2017-05-01 10:33:27'),
  (3170, 'Parli-M-Chandrapur-II', 'NA', 517, -1, -1, 8, 4, 1, '2017-05-01 10:33:27', '2017-05-01 10:33:27'),
  (3173, 'Parli-M-Nanded', 'NA', 517, -1, -1, 8, 4, 1, '2017-05-01 10:33:27', '2017-05-01 10:33:27'),
  (3176, 'Parli-M-Parli-PG', 'NA', 517, -1, -1, 8, 4, 1, '2017-05-01 10:33:27', '2017-05-01 10:33:27'),
  (3179, 'Parli-M-Parli-PG', 'NA', 517, -1, -1, 8, 4, 2, '2017-05-01 10:33:27', '2017-05-01 10:33:27'),
  (3182, 'Parli-PG-Pune-PG(Shikrapur)', 'NA', 517, -1, -1, 8, 4, 1, '2017-05-01 10:33:27', '2017-05-01 10:33:27'),
  (3185, 'Parli-PG-Pune-PG(Shikrapur)', 'NA', 517, -1, -1, 8, 4, 2, '2017-05-01 10:33:28', '2017-05-01 10:33:28'),
  (3188, 'Parli-PG-Solapur-PG', 'NA', 517, -1, -1, 8, 4, 1, '2017-05-01 10:33:28', '2017-05-01 10:33:28'),
  (3191, 'Parli-PG-Solapur-PG', 'NA', 517, -1, -1, 8, 4, 2, '2017-05-01 10:33:28', '2017-05-01 10:33:28'),
  (3194, 'Pathadi-Bilaspur', 'NA', 517, -1, -1, 8, 4, 1, '2017-05-01 10:33:28', '2017-05-01 10:33:28'),
  (3197, 'Pathadi-Bilaspur', 'NA', 517, -1, -1, 8, 4, 2, '2017-05-01 10:33:28', '2017-05-01 10:33:28'),
  (3200, 'Pirana-T-Pirana-PG', 'NA', 517, -1, -1, 8, 4, 1, '2017-05-01 10:33:28', '2017-05-01 10:33:28'),
  (3203, 'Pirana-T-Pirana-PG', 'NA', 517, -1, -1, 8, 4, 2, '2017-05-01 10:33:28', '2017-05-01 10:33:28'),
  (3206, 'Pune-PG(Shikrapur)-Pune-PG', 'NA', 517, -1, -1, 8, 4, 1, '2017-05-01 10:33:28', '2017-05-01 10:33:28'),
  (3209, 'Pune-PG(Shikrapur)-Pune-PG', 'NA', 517, -1, -1, 8, 4, 2, '2017-05-01 10:33:28', '2017-05-01 10:33:28'),
  (3212, 'Pune-PG(Shikrapur)-Pune-PG', 'NA', 517, -1, -1, 8, 4, 3, '2017-05-01 10:33:28', '2017-05-01 10:33:28'),
  (3215, 'Pune-PG(Shikrapur)-Pune-PG', 'NA', 517, -1, -1, 8, 4, 4, '2017-05-01 10:33:28', '2017-05-01 10:33:28'),
  (3218, 'Raigarh-India Bharath', 'NA', 517, -1, -1, 8, 4, 1, '2017-05-01 10:33:29', '2017-05-01 10:33:29'),
  (3221, 'Raigarh-Jharsuguda', 'NA', 517, -1, -1, 8, 4, 2, '2017-05-01 10:33:29', '2017-05-01 10:33:29'),
  (3224, 'Raigarh-Rourkela', 'NA', 517, -1, -1, 8, 4, 1, '2017-05-01 10:33:29', '2017-05-01 10:33:29'),
  (3227, 'Raigarh-Sterlite', 'NA', 517, -1, -1, 8, 4, 2, '2017-05-01 10:33:29', '2017-05-01 10:33:29'),
  (3230, 'Raigarh-Raipur', 'NA', 517, -1, -1, 8, 4, 1, '2017-05-01 10:33:29', '2017-05-01 10:33:29'),
  (3233, 'Raigarh-Raipur', 'NA', 517, -1, -1, 8, 4, 2, '2017-05-01 10:33:29', '2017-05-01 10:33:29'),
  (3236, 'Raigarh-Raigarh-PS(Kotra)', 'NA', 517, -1, -1, 8, 4, 1, '2017-05-01 10:33:29', '2017-05-01 10:33:29'),
  (3239, 'Raigarh-Raigarh-PS(Kotra)', 'NA', 517, -1, -1, 8, 4, 2, '2017-05-01 10:33:29', '2017-05-01 10:33:29'),
  (3242, 'Raigarh-KSK Mahanadi', 'NA', 517, -1, -1, 8, 4, 1, '2017-05-01 10:33:29', '2017-05-01 10:33:29'),
  (3245, 'Raipur-Wardha', 'NA', 681, -1, -1, 8, 4, 1, '2017-05-01 10:33:29', '2017-05-01 10:33:29'),
  (3248, 'Raipur-Wardha', 'NA', 681, -1, -1, 8, 4, 2, '2017-05-01 10:33:30', '2017-05-01 10:33:30'),
  (3251, 'Raipur-Raipur-PS(Durg)', 'NA', 517, -1, -1, 8, 4, 1, '2017-05-01 10:33:30', '2017-05-01 10:33:30'),
  (3254, 'Raipur-Raipur-PS(Durg)', 'NA', 517, -1, -1, 8, 4, 2, '2017-05-01 10:33:30', '2017-05-01 10:33:30'),
  (3257, 'Raipur-PS(Durg)-GMR-CG', 'NA', 517, -1, -1, 8, 4, 1, '2017-05-01 10:33:30', '2017-05-01 10:33:30'),
  (3260, 'Raipur-PS(Durg)-GMR-CG', 'NA', 517, -1, -1, 8, 4, 2, '2017-05-01 10:33:30', '2017-05-01 10:33:30'),
  (3263, 'Raita-Marwa', 'NA', 517, -1, -1, 8, 4, 1, '2017-05-01 10:33:30', '2017-05-01 10:33:30'),
  (3266, 'Raita-Marwa', 'NA', 517, -1, -1, 8, 4, 2, '2017-05-01 10:33:30', '2017-05-01 10:33:30'),
  (3269, 'Rajgarh-Nagda', 'NA', 517, -1, -1, 8, 4, 1, '2017-05-01 10:33:30', '2017-05-01 10:33:30'),
  (3272, 'Rajgarh-Nagda', 'NA', 517, -1, -1, 8, 4, 2, '2017-05-01 10:33:30', '2017-05-01 10:33:30'),
  (3275, 'Rajgarh-Kasor', 'NA', 517, -1, -1, 8, 4, 1, '2017-05-01 10:33:31', '2017-05-01 10:33:31'),
  (3278, 'Rajgarh-Kasor', 'NA', 517, -1, -1, 8, 4, 2, '2017-05-01 10:33:31', '2017-05-01 10:33:31'),
  (3281, 'Ranchodpura-Zerda(Kansari)', 'NA', 517, -1, -1, 8, 4, 1, '2017-05-01 10:33:31', '2017-05-01 10:33:31'),
  (3284, 'Ranchodpura-Zerda(Kansari)', 'NA', 517, -1, -1, 8, 4, 2, '2017-05-01 10:33:31', '2017-05-01 10:33:31'),
  (3287, 'Ranchodpura-Chorania', 'NA', 517, -1, -1, 8, 4, 1, '2017-05-01 10:33:31', '2017-05-01 10:33:31'),
  (3290, 'Ranchodpura-Chorania', 'NA', 517, -1, -1, 8, 4, 2, '2017-05-01 10:33:31', '2017-05-01 10:33:31'),
  (3293, 'RGPPL-New Koyna', 'NA', 517, -1, -1, 8, 4, 1, '2017-05-01 10:33:31', '2017-05-01 10:33:31'),
  (3296, 'RGPPL-New Koyna', 'NA', 517, -1, -1, 8, 4, 2, '2017-05-01 10:33:34', '2017-05-01 10:33:34'),
  (3299, 'RGPPL-Nagothane', 'NA', 517, -1, -1, 8, 4, 1, '2017-05-01 10:33:34', '2017-05-01 10:33:34'),
  (3302, 'RGPPL-Nagothane', 'NA', 517, -1, -1, 8, 4, 2, '2017-05-01 10:33:34', '2017-05-01 10:33:34'),
  (3305, 'RKM-Raigarh', 'NA', 517, -1, -1, 8, 4, 1, '2017-05-01 10:33:35', '2017-05-01 10:33:35'),
  (3308, 'Satna-Bina-PG', 'NA', 517, -1, -1, 8, 4, 1, '2017-05-01 10:33:35', '2017-05-01 10:33:35'),
  (3311, 'Satna-Bina-PG', 'NA', 517, -1, -1, 8, 4, 2, '2017-05-01 10:33:35', '2017-05-01 10:33:35'),
  (3314, 'Satna-Bina-NTS', 'NA', 517, -1, -1, 8, 4, 3, '2017-05-01 10:33:35', '2017-05-01 10:33:35'),
  (3317, 'Satna-Bina-PG', 'NA', 517, -1, -1, 8, 4, 4, '2017-05-01 10:33:35', '2017-05-01 10:33:35'),
  (3320, 'Satna-JP-Nigrie', 'NA', 517, -1, -1, 8, 4, 1, '2017-05-01 10:33:36', '2017-05-01 10:33:36'),
  (3323, 'Satna-JP-Nigrie', 'NA', 517, -1, -1, 8, 4, 2, '2017-05-01 10:33:36', '2017-05-01 10:33:36'),
  (3326, 'Satpura-Indira sagar', 'NA', 517, -1, -1, 8, 4, 1, '2017-05-01 10:33:36', '2017-05-01 10:33:36'),
  (3329, 'Satpura-Itarsi', 'NA', 517, -1, -1, 8, 4, 1, '2017-05-01 10:33:36', '2017-05-01 10:33:36'),
  (3332, 'Satpura-Astha', 'NA', 517, -1, -1, 8, 4, 1, '2017-05-01 10:33:36', '2017-05-01 10:33:36'),
  (3335, 'Satpura-Astha', 'NA', 517, -1, -1, 8, 4, 2, '2017-05-01 10:33:36', '2017-05-01 10:33:36'),
  (3338, 'Seoni-Satpura', 'NA', 517, -1, -1, 8, 4, 1, '2017-05-01 10:33:37', '2017-05-01 10:33:37'),
  (3341, 'Seoni-Khandwa', 'NA', 643, -1, -1, 8, 4, 1, '2017-05-01 10:33:37', '2017-05-01 10:33:37'),
  (3344, 'Seoni-Khandwa', 'NA', 643, -1, -1, 8, 4, 2, '2017-05-01 10:33:37', '2017-05-01 10:33:37'),
  (3347, 'Sholapur-M-Solapur-PG', 'NA', 517, -1, -1, 8, 4, 1, '2017-05-01 10:33:38', '2017-05-01 10:33:38'),
  (3350, 'Shujalpur-RAPP', 'NA', 517, -1, -1, 8, 4, 1, '2017-05-01 10:33:38', '2017-05-01 10:33:38'),
  (3353, 'Shujalpur-RAPP', 'NA', 517, -1, -1, 8, 4, 2, '2017-05-01 10:33:38', '2017-05-01 10:33:38'),
  (3356, 'Sipat-Raipur', 'NA', 517, -1, -1, 8, 4, 1, '2017-05-01 10:33:38', '2017-05-01 10:33:38'),
  (3359, 'Sipat-Raipur', 'NA', 517, -1, -1, 8, 4, 2, '2017-05-01 10:33:38', '2017-05-01 10:33:38'),
  (3362, 'Sipat-Raipur', 'NA', 517, -1, -1, 8, 4, 3, '2017-05-01 10:33:38', '2017-05-01 10:33:38'),
  (3365, 'Sipat-Ranchi', 'NA', 517, -1, -1, 8, 4, 1, '2017-05-01 10:33:39', '2017-05-01 10:33:39'),
  (3368, 'Sipat-Ranchi', 'NA', 517, -1, -1, 8, 4, 2, '2017-05-01 10:33:39', '2017-05-01 10:33:39'),
  (3371, 'SKS-Raigarh-PS(Kotra)', 'NA', 517, -1, -1, 8, 4, 1, '2017-05-01 10:33:39', '2017-05-01 10:33:39'),
  (3374, 'SKS-Raigarh-PS(Kotra)', 'NA', 517, -1, -1, 8, 4, 2, '2017-05-01 10:33:39', '2017-05-01 10:33:39'),
  (3377, 'Soja-Wanakbori', 'NA', 517, -1, -1, 8, 4, 1, '2017-05-01 10:33:40', '2017-05-01 10:33:40'),
  (3380, 'Soja-Dehgam', 'NA', 517, -1, -1, 8, 4, 1, '2017-05-01 10:33:40', '2017-05-01 10:33:40'),
  (3383, 'Soja-Zerda(Kansari)', 'NA', 517, -1, -1, 8, 4, 1, '2017-05-01 10:33:40', '2017-05-01 10:33:40'),
  (3386, 'Solapur-PG-Solapur-NTPC', 'NA', 517, -1, -1, 8, 4, 1, '2017-05-01 10:33:40', '2017-05-01 10:33:40'),
  (3389, 'Solapur-PG-Solapur-NTPC', 'NA', 517, -1, -1, 8, 4, 2, '2017-05-01 10:33:40', '2017-05-01 10:33:40'),
  (3392, 'SSP-Dhule-MS', 'NA', 517, -1, -1, 8, 4, 1, '2017-05-01 10:33:40', '2017-05-01 10:33:40'),
  (3395, 'SSP-Dhule-MS', 'NA', 517, -1, -1, 8, 4, 2, '2017-05-01 10:33:41', '2017-05-01 10:33:41'),
  (3398, 'SSP-Asoj', 'NA', 517, -1, -1, 8, 4, 1, '2017-05-01 10:33:41', '2017-05-01 10:33:41'),
  (3401, 'SSP-Rajgarh', 'NA', 517, -1, -1, 8, 4, 1, '2017-05-01 10:33:41', '2017-05-01 10:33:41'),
  (3404, 'SSP-Rajgarh', 'NA', 517, -1, -1, 8, 4, 2, '2017-05-01 10:33:41', '2017-05-01 10:33:41'),
  (3407, 'SSP-Kasor', 'NA', 517, -1, -1, 8, 4, 1, '2017-05-01 10:33:41', '2017-05-01 10:33:41'),
  (3410, 'Sugen-Uno-Sugen', 'NA', 517, -1, -1, 8, 4, 1, '2017-05-01 10:33:42', '2017-05-01 10:33:42'),
  (3413, 'Sugen-Pirana-T', 'NA', 517, -1, -1, 8, 4, 1, '2017-05-01 10:33:42', '2017-05-01 10:33:42'),
  (3416, 'Taptithanda-Deepnagar', 'NA', 517, -1, -1, 8, 4, 1, '2017-05-01 10:33:42', '2017-05-01 10:33:42'),
  (3419, 'Taptithanda-Ektuni (Aurangabad(3))', 'NA', 517, -1, -1, 8, 4, 1, '2017-05-01 10:33:42', '2017-05-01 10:33:42'),
  (3422, 'Tarapur-3&4-Padghe', 'NA', 517, -1, -1, 8, 4, 1, '2017-05-01 10:33:42', '2017-05-01 10:33:42'),
  (3425, 'Tarapur-3&4-Padghe', 'NA', 517, -1, -1, 8, 4, 2, '2017-05-01 10:33:42', '2017-05-01 10:33:42'),
  (3428, 'Tarapur-3&4-Boisar', 'NA', 517, -1, -1, 8, 4, 1, '2017-05-01 10:33:42', '2017-05-01 10:33:42'),
  (3431, 'Tarapur-3&4-Boisar', 'NA', 517, -1, -1, 8, 4, 2, '2017-05-01 10:33:42', '2017-05-01 10:33:42'),
  (3434, 'Tiroda-Warora', 'NA', 517, -1, -1, 8, 4, 1, '2017-05-01 10:33:42', '2017-05-01 10:33:42'),
  (3437, 'Tiroda-Warora', 'NA', 517, -1, -1, 8, 4, 2, '2017-05-01 10:33:42', '2017-05-01 10:33:42'),
  (3440, 'TRN-Tamnar-PS', 'NA', 517, -1, -1, 8, 4, 1, '2017-05-01 10:33:43', '2017-05-01 10:33:43'),
  (3443, 'TRN-Tamnar-PS', 'NA', 517, -1, -1, 8, 4, 2, '2017-05-01 10:33:43', '2017-05-01 10:33:43'),
  (3446, 'Ukai-Kosamba', 'NA', 517, -1, -1, 8, 4, 1, '2017-05-01 10:33:43', '2017-05-01 10:33:43'),
  (3449, 'Ukai-Kosamba', 'NA', 517, -1, -1, 8, 4, 2, '2017-05-01 10:33:43', '2017-05-01 10:33:43'),
  (3452, 'Ukai-Navsari', 'NA', 517, -1, -1, 8, 4, 1, '2017-05-01 10:33:43', '2017-05-01 10:33:43'),
  (3455, 'Uno-Sugen-Pirana-T', 'NA', 517, -1, -1, 8, 4, 1, '2017-05-01 10:33:43', '2017-05-01 10:33:43'),
  (3458, 'Vadinar-Bachau', 'NA', 517, -1, -1, 8, 4, 1, '2017-05-01 10:33:43', '2017-05-01 10:33:43'),
  (3461, 'Vadinar-Bachau', 'NA', 517, -1, -1, 8, 4, 2, '2017-05-01 10:33:43', '2017-05-01 10:33:43'),
  (3464, 'Vadodara-PS-Pirana-PG', 'NA', 681, -1, -1, 8, 4, 1, '2017-05-01 10:33:44', '2017-05-01 10:33:44'),
  (3467, 'Vadodara-PS-Pirana-PG', 'NA', 681, -1, -1, 8, 4, 2, '2017-05-01 10:33:44', '2017-05-01 10:33:44'),
  (3470, 'Vadodara-PS-Asoj', 'NA', 681, -1, -1, 8, 4, 1, '2017-05-01 10:33:44', '2017-05-01 10:33:44'),
  (3473, 'Vadodara-PS-Asoj', 'NA', 681, -1, -1, 8, 4, 2, '2017-05-01 10:33:44', '2017-05-01 10:33:44'),
  (3476, 'Vapi-Boisar', 'NA', 517, -1, -1, 8, 4, 1, '2017-05-01 10:33:44', '2017-05-01 10:33:44'),
  (3479, 'Vapi-Sugen', 'NA', 517, -1, -1, 8, 4, 1, '2017-05-01 10:33:44', '2017-05-01 10:33:44'),
  (3482, 'Vindhyachal-Jabalpur', 'NA', 517, -1, -1, 8, 4, 1, '2017-05-01 10:33:44', '2017-05-01 10:33:44'),
  (3485, 'Vindhyachal-Jabalpur', 'NA', 517, -1, -1, 8, 4, 2, '2017-05-01 10:33:44', '2017-05-01 10:33:44'),
  (3488, 'Vindhyachal-Jabalpur', 'NA', 517, -1, -1, 8, 4, 4, '2017-05-01 10:33:45', '2017-05-01 10:33:45'),
  (3491, 'Vindhyachal-Satna', 'NA', 517, -1, -1, 8, 4, 1, '2017-05-01 10:33:45', '2017-05-01 10:33:45'),
  (3494, 'Vindhyachal-Satna', 'NA', 517, -1, -1, 8, 4, 2, '2017-05-01 10:33:45', '2017-05-01 10:33:45'),
  (3497, 'Vindhyachal-Satna', 'NA', 517, -1, -1, 8, 4, 3, '2017-05-01 10:33:45', '2017-05-01 10:33:45'),
  (3500, 'Vindhyachal-Satna', 'NA', 517, -1, -1, 8, 4, 4, '2017-05-01 10:33:45', '2017-05-01 10:33:45'),
  (3503, 'Vindhyachal-Sasan', 'NA', 517, -1, -1, 8, 4, 3, '2017-05-01 10:33:45', '2017-05-01 10:33:45'),
  (3506, 'Vindhyachal-Essar_Mahan', 'NA', 517, -1, -1, 8, 4, 1, '2017-05-01 10:33:45', '2017-05-01 10:33:45'),
  (3509, 'Vindhyachal-III-Vindhyachal-V', 'NA', 681, -1, -1, 8, 4, 1, '2017-05-01 10:33:45', '2017-05-01 10:33:45'),
  (3512, 'Vindhyachal-III-Vindhyachal-V', 'NA', 681, -1, -1, 8, 4, 2, '2017-05-01 10:33:45', '2017-05-01 10:33:45'),
  (3515, 'Vindhyachal-IV-Vindhyachal-V', 'NA', 681, -1, -1, 8, 4, 1, '2017-05-01 10:33:45', '2017-05-01 10:33:45'),
  (3518, 'Vindhyachal-IV-Vindhyachal-V', 'NA', 681, -1, -1, 8, 4, 2, '2017-05-01 10:33:46', '2017-05-01 10:33:46'),
  (3521, 'Vindhyachal-IV-Vindhyachal-PS', 'NA', 517, -1, -1, 8, 4, 1, '2017-05-01 10:33:46', '2017-05-01 10:33:46'),
  (3524, 'Vindhyachal-IV-Vindhyachal-PS', 'NA', 517, -1, -1, 8, 4, 2, '2017-05-01 10:33:46', '2017-05-01 10:33:46'),
  (3527, 'Vindhyachal-PS-Sasan', 'NA', 517, -1, -1, 8, 4, 1, '2017-05-01 10:33:46', '2017-05-01 10:33:46'),
  (3530, 'Vindhyachal-PS-Sasan', 'NA', 517, -1, -1, 8, 4, 2, '2017-05-01 10:33:46', '2017-05-01 10:33:46'),
  (3533, 'Vindhyachal-PS-Rihand', 'NA', 692, -1, -1, 8, 4, 1, '2017-05-01 10:33:46', '2017-05-01 10:33:46'),
  (3536, 'Vindhyachal-PS-Rihand', 'NA', 692, -1, -1, 8, 4, 2, '2017-05-01 10:33:46', '2017-05-01 10:33:46'),
  (3539, 'Wardha-Parli-PG', 'NA', 681, -1, -1, 8, 4, 1, '2017-05-01 10:33:47', '2017-05-01 10:33:47'),
  (3542, 'Wardha-Parli-PG', 'NA', 681, -1, -1, 8, 4, 2, '2017-05-01 10:33:47', '2017-05-01 10:33:47'),
  (3545, 'Wardha-Akola', 'NA', 517, -1, -1, 8, 4, 1, '2017-05-01 10:33:47', '2017-05-01 10:33:47'),
  (3548, 'Wardha-Akola', 'NA', 517, -1, -1, 8, 4, 2, '2017-05-01 10:33:47', '2017-05-01 10:33:47'),
  (3551, 'Wardha-Mouda', 'NA', 681, -1, -1, 8, 4, 1, '2017-05-01 10:33:47', '2017-05-01 10:33:47'),
  (3554, 'Wardha-Mouda', 'NA', 681, -1, -1, 8, 4, 2, '2017-05-01 10:33:47', '2017-05-01 10:33:47'),
  (3557, 'Wardha-Warora', 'NA', 517, -1, -1, 8, 4, 1, '2017-05-01 10:33:47', '2017-05-01 10:33:47'),
  (3560, 'Wardha-Koradi-II', 'NA', 681, -1, -1, 8, 4, 1, '2017-05-01 10:33:47', '2017-05-01 10:33:47'),
  (3563, 'Warora-Chandrapur-II', 'NA', 517, -1, -1, 8, 4, 1, '2017-05-01 10:33:47', '2017-05-01 10:33:47'),
  (3566, 'Warora-Chandrapur-II', 'NA', 517, -1, -1, 8, 4, 2, '2017-05-01 10:33:48', '2017-05-01 10:33:48'),
  (3569, 'Zerda(Kansari)-Bhinmal', 'NA', 517, -1, -1, 8, 4, 1, '2017-05-01 10:33:48', '2017-05-01 10:33:48'),
  (3572, 'Zerda(Kansari)-Kankroli', 'NA', 517, -1, -1, 8, 4, 1, '2017-05-01 10:33:48', '2017-05-01 10:33:48'),
  (3575, 'Zerda(Kansari)-Varsana', 'NA', 517, -1, -1, 8, 4, 1, '2017-05-01 10:33:48', '2017-05-01 10:33:48'),
  (3578, 'Akola(2)-Ektuni (Aurangabad(3))', 'NA', 2194, -1, -1, 8, 1, 2, '2017-05-01 10:33:48', '2017-05-01 10:33:48'),
  (3581, 'Akola(2)-Ektuni (Aurangabad(3))', 'NA', 2194, -1, -1, 8, 1, 1, '2017-05-01 10:33:48', '2017-05-01 10:33:48'),
  (3584, 'Aurangabad-PG-Wardha', 'NA', 2470, -1, -1, 8, 1, 1, '2017-05-01 10:33:48', '2017-05-01 10:33:48'),
  (3587, 'Aurangabad-PG-Wardha', 'NA', 2470, -1, -1, 8, 1, 2, '2017-05-01 10:33:48', '2017-05-01 10:33:48'),
  (3590, 'Aurangabad-PG-Wardha', 'NA', 2470, -1, -1, 8, 1, 3, '2017-05-01 10:33:49', '2017-05-01 10:33:49'),
  (3593, 'Aurangabad-PG-Wardha', 'NA', 2470, -1, -1, 8, 1, 4, '2017-05-01 10:33:49', '2017-05-01 10:33:49'),
  (3596, 'Aurangabad-PG-Solapur-PG', 'NA', 2470, -1, -1, 8, 1, 1, '2017-05-01 10:33:49', '2017-05-01 10:33:49'),
  (3599, 'Aurangabad-PG-Solapur-PG', 'NA', 2470, -1, -1, 8, 1, 2, '2017-05-01 10:33:49', '2017-05-01 10:33:49'),
  (3602, 'Bhopal-BDTCL-Indore-PG', 'NA', 2194, -1, -1, 8, 1, 1, '2017-05-01 10:33:49', '2017-05-01 10:33:49'),
  (3605, 'Bilaspur-Seoni', 'NA', 2194, -1, -1, 8, 1, 1, '2017-05-01 10:33:49', '2017-05-01 10:33:49'),
  (3608, 'Bilaspur-Seoni', 'NA', 2194, -1, -1, 8, 1, 2, '2017-05-01 10:33:49', '2017-05-01 10:33:49'),
  (3611, 'Bilaspur-Dharamjaygarh', 'NA', 2194, -1, -1, 8, 1, 1, '2017-05-01 10:33:49', '2017-05-01 10:33:49'),
  (3614, 'Bina-PG-Gwalior', 'NA', 2194, -1, -1, 8, 1, 1, '2017-05-01 10:33:49', '2017-05-01 10:33:49'),
  (3617, 'Bina-PG-Jabalpur-PS', 'NA', 2194, -1, -1, 8, 1, 3, '2017-05-01 10:33:50', '2017-05-01 10:33:50'),
  (3620, 'Bina-PG-Gwalior', 'NA', 2194, -1, -1, 8, 1, 2, '2017-05-01 10:33:50', '2017-05-01 10:33:50'),
  (3623, 'Bina-PG-Gwalior', 'NA', 2194, -1, -1, 8, 1, 3, '2017-05-01 10:33:50', '2017-05-01 10:33:50'),
  (3626, 'Bina-PG-Indore-PG', 'NA', 2194, -1, -1, 8, 1, 1, '2017-05-01 10:33:50', '2017-05-01 10:33:50'),
  (3629, 'Bina-PG-Jabalpur-PS', 'NA', 2194, -1, -1, 8, 1, 1, '2017-05-01 10:33:50', '2017-05-01 10:33:50'),
  (3632, 'Bina-PG-Jabalpur-PS', 'NA', 2194, -1, -1, 8, 1, 2, '2017-05-01 10:33:50', '2017-05-01 10:33:50'),
  (3635, 'Bina-PG-Bina-NHPTL', 'NA', 2194, -1, -1, 8, 1, 1, '2017-05-01 10:33:51', '2017-05-01 10:33:51'),
  (3638, 'Dharamjaygarh-Ranchi', 'NA', 2194, -1, -1, 8, 1, 1, '2017-05-01 10:33:51', '2017-05-01 10:33:51'),
  (3641, 'Dharamjaygarh-Ranchi', 'NA', 2194, -1, -1, 8, 1, 2, '2017-05-01 10:33:51', '2017-05-01 10:33:51'),
  (3644, 'Dharamjaygarh-Raipur-PS(Durg)', 'NA', 2194, -1, -1, 8, 1, 2, '2017-05-01 10:33:51', '2017-05-01 10:33:51'),
  (3647, 'Dharamjaygarh-Jharsuguda', 'NA', 2470, -1, -1, 8, 1, 1, '2017-05-01 10:33:51', '2017-05-01 10:33:51'),
  (3650, 'Dharamjaygarh-Jharsuguda', 'NA', 2470, -1, -1, 8, 1, 2, '2017-05-01 10:33:51', '2017-05-01 10:33:51'),
  (3653, 'Dharamjaygarh-Jabalpur-PS', 'NA', 2470, -1, -1, 8, 1, 1, '2017-05-01 10:33:51', '2017-05-01 10:33:51'),
  (3656, 'Dharamjaygarh-Jabalpur-PS', 'NA', 2470, -1, -1, 8, 1, 2, '2017-05-01 10:33:52', '2017-05-01 10:33:52'),
  (3659, 'Dharamjaygarh-Jabalpur-PS', 'NA', 2470, -1, -1, 8, 1, 3, '2017-05-01 10:33:52', '2017-05-01 10:33:52'),
  (3662, 'Dharamjaygarh-Jabalpur-PS', 'NA', 2470, -1, -1, 8, 1, 4, '2017-05-01 10:33:52', '2017-05-01 10:33:52'),
  (3665, 'Dhule-BDTCL-Aurangabad-PG', 'NA', 2194, -1, -1, 8, 1, 1, '2017-05-01 10:33:52', '2017-05-01 10:33:52'),
  (3668, 'Gwalior-Agra', 'NA', 2194, -1, -1, 8, 1, 1, '2017-05-01 10:33:52', '2017-05-01 10:33:52'),
  (3671, 'Gwalior-Agra', 'NA', 2194, -1, -1, 8, 1, 2, '2017-05-01 10:33:52', '2017-05-01 10:33:52'),
  (3674, 'Gwalior-Jaipur', 'NA', 2194, -1, -1, 8, 1, 1, '2017-05-01 10:33:52', '2017-05-01 10:33:52'),
  (3677, 'Gwalior-Jaipur', 'NA', 2194, -1, -1, 8, 1, 2, '2017-05-01 10:33:52', '2017-05-01 10:33:52'),
  (3680, 'Jabalpur-PS-Bhopal-BDTCL', 'NA', 2194, -1, -1, 8, 1, 1, '2017-05-01 10:33:52', '2017-05-01 10:33:52'),
  (3683, 'Kholpaur-PG*-Kudgi*', 'NA', 2470, -1, -1, 8, 1, 1, '2017-05-01 10:33:52', '2017-05-01 10:33:52'),
  (3686, 'Kholpaur-PG*-Kudgi*', 'NA', 2470, -1, -1, 8, 1, 2, '2017-05-01 10:33:53', '2017-05-01 10:33:53'),
  (3689, 'Koradi(III)-Akola(2)', 'NA', 2194, -1, -1, 8, 1, 1, '2017-05-01 10:33:53', '2017-05-01 10:33:53'),
  (3692, 'Koradi(III)-Akola(2)', 'NA', 2194, -1, -1, 8, 1, 2, '2017-05-01 10:33:53', '2017-05-01 10:33:53'),
  (3695, 'Pune-PG(Shikrapur)-Solapur-PG', 'NA', 2194, -1, -1, 8, 1, 1, '2017-05-01 10:33:53', '2017-05-01 10:33:53'),
  (3698, 'Raigarh-PS(Kotra)-Raipur-PS(Durg)', 'NA', 2470, -1, -1, 8, 1, 1, '2017-05-01 10:33:53', '2017-05-01 10:33:53'),
  (3701, 'Raigarh-PS(Kotra)-Raipur-PS(Durg)', 'NA', 2470, -1, -1, 8, 1, 2, '2017-05-01 10:33:53', '2017-05-01 10:33:53'),
  (3704, 'Raigarh-PS(Kotra)-Tamnar', 'NA', 2470, -1, -1, 8, 1, 1, '2017-05-01 10:33:53', '2017-05-01 10:33:53'),
  (3707, 'Raigarh-PS(Kotra)-Tamnar', 'NA', 2470, -1, -1, 8, 1, 2, '2017-05-01 10:33:53', '2017-05-01 10:33:53'),
  (3710, 'Raigarh-PS(Kotra)-Champa', 'NA', 2194, -1, -1, 8, 1, 1, '2017-05-01 10:33:53', '2017-05-01 10:33:53'),
  (3713, 'Raipur-PS(Durg)-Champa', 'NA', 2194, -1, -1, 8, 1, 1, '2017-05-01 10:33:54', '2017-05-01 10:33:54'),
  (3716, 'Sasan-Satna', 'NA', 2194, -1, -1, 8, 1, 1, '2017-05-01 10:33:54', '2017-05-01 10:33:54'),
  (3719, 'Sasan-Satna', 'NA', 2194, -1, -1, 8, 1, 2, '2017-05-01 10:33:54', '2017-05-01 10:33:54'),
  (3722, 'Sasan-Vindhyachal-PS', 'NA', 2194, -1, -1, 8, 1, 1, '2017-05-01 10:33:54', '2017-05-01 10:33:54'),
  (3725, 'Satna-Gwalior', 'NA', 2194, -1, -1, 8, 1, 1, '2017-05-01 10:33:54', '2017-05-01 10:33:54'),
  (3728, 'Satna-Gwalior', 'NA', 2194, -1, -1, 8, 1, 2, '2017-05-01 10:33:54', '2017-05-01 10:33:54'),
  (3731, 'Satna-Bina-PG', 'NA', 2194, -1, -1, 8, 1, 1, '2017-05-01 10:33:54', '2017-05-01 10:33:54'),
  (3734, 'Satna-Bina-PG', 'NA', 2194, -1, -1, 8, 1, 2, '2017-05-01 10:33:54', '2017-05-01 10:33:54'),
  (3737, 'Satna-Vindhyachal-PS', 'NA', 2194, -1, -1, 8, 1, 1, '2017-05-01 10:33:54', '2017-05-01 10:33:54'),
  (3740, 'Satna-Vindhyachal-PS', 'NA', 2194, -1, -1, 8, 1, 2, '2017-05-01 10:33:54', '2017-05-01 10:33:54'),
  (3743, 'Seoni-Bina-PG', 'NA', 2194, -1, -1, 8, 1, 1, '2017-05-01 10:33:54', '2017-05-01 10:33:54'),
  (3746, 'Seoni-Wardha', 'NA', 2194, -1, -1, 8, 1, 1, '2017-05-01 10:33:55', '2017-05-01 10:33:55'),
  (3749, 'Seoni-Wardha', 'NA', 2194, -1, -1, 8, 1, 2, '2017-05-01 10:33:55', '2017-05-01 10:33:55'),
  (3752, 'Sipat-Bilaspur', 'NA', 2194, -1, -1, 8, 1, 1, '2017-05-01 10:33:55', '2017-05-01 10:33:55'),
  (3755, 'Sipat-Bilaspur', 'NA', 2194, -1, -1, 8, 1, 2, '2017-05-01 10:33:55', '2017-05-01 10:33:55'),
  (3758, 'Solapur-Raichur', 'NA', 2194, -1, -1, 8, 1, 1, '2017-05-01 10:33:55', '2017-05-01 10:33:55'),
  (3761, 'Solapur-Raichur', 'NA', 2194, -1, -1, 8, 1, 2, '2017-05-01 10:33:55', '2017-05-01 10:33:55'),
  (3764, 'Tiroda-Koradi(III)', 'NA', 2194, -1, -1, 8, 1, 1, '2017-05-01 10:33:55', '2017-05-01 10:33:55'),
  (3767, 'Tiroda-Koradi(III)', 'NA', 2194, -1, -1, 8, 1, 2, '2017-05-01 10:33:55', '2017-05-01 10:33:55'),
  (3770, 'Vadodora-PS-Indore-PG', 'NA', 2194, -1, -1, 8, 1, 1, '2017-05-01 10:33:55', '2017-05-01 10:33:55'),
  (3773, 'Vadodora-PS-Dhule-BDTCL', 'NA', 2194, -1, -1, 8, 1, 1, '2017-05-01 10:33:56', '2017-05-01 10:33:56'),
  (3776, 'Wardha-Raipur-PS(Durg)', 'NA', 2470, -1, -1, 8, 1, 1, '2017-05-01 10:33:56', '2017-05-01 10:33:56'),
  (3779, 'Wardha-Raipur-PS(Durg)', 'NA', 2470, -1, -1, 8, 1, 2, '2017-05-01 10:33:56', '2017-05-01 10:33:56'),
  (3782, 'Bina-NTS-Bina-NTS', 'NA', -1, -1, -1, 8, 2, 1, '2017-05-01 10:33:56', '2017-05-01 10:33:56'),
  (3785, 'Anuppur-Kotmikala', 'NA', -1, -1, -1, 8, 3, 1, '2017-05-01 10:33:56', '2017-05-01 10:33:56'),
  (3788, 'Anuppur-Kotmikala', 'NA', -1, -1, -1, 8, 3, 2, '2017-05-01 10:33:56', '2017-05-01 10:33:56'),
  (3791, 'Auraiya-Malanpur', 'NA', -1, -1, -1, 8, 3, 1, '2017-05-01 10:33:56', '2017-05-01 10:33:56'),
  (3794, 'Auraiya-Mehgaon', 'NA', -1, -1, -1, 8, 3, 1, '2017-05-01 10:33:56', '2017-05-01 10:33:56'),
  (3797, 'Aurangabad-PG-Chitegoan', 'NA', -1, -1, -1, 8, 3, 1, '2017-05-01 10:33:56', '2017-05-01 10:33:56'),
  (3800, 'Aurangabad-PG-Chitegoan', 'NA', -1, -1, -1, 8, 3, 2, '2017-05-01 10:33:56', '2017-05-01 10:33:56'),
  (3803, 'Aurangabad-PG-Shendra', 'NA', -1, -1, -1, 8, 3, 1, '2017-05-01 10:33:56', '2017-05-01 10:33:56'),
  (3806, 'Aurangabad-PG-Shendra', 'NA', -1, -1, -1, 8, 3, 2, '2017-05-01 10:33:57', '2017-05-01 10:33:57'),
  (3809, 'Badod-Sakatpur', 'NA', -1, -1, -1, 8, 3, 1, '2017-05-01 10:33:57', '2017-05-01 10:33:57'),
  (3812, 'Badod-Nepniya', 'NA', -1, -1, -1, 8, 3, 1, '2017-05-01 10:33:57', '2017-05-01 10:33:57'),
  (3815, 'Bhanpura-Modak', 'NA', -1, -1, -1, 8, 3, 1, '2017-05-01 10:33:57', '2017-05-01 10:33:57'),
  (3818, 'Bhatapara-PG-Bhatapara-CG', 'NA', -1, -1, -1, 8, 3, 1, '2017-05-01 10:33:57', '2017-05-01 10:33:57'),
  (3821, 'Bhatapara-PG-Suhela', 'NA', -1, -1, -1, 8, 3, 1, '2017-05-01 10:33:57', '2017-05-01 10:33:57'),
  (3824, 'Bhatapara-PG-Suhela', 'NA', -1, -1, -1, 8, 3, 2, '2017-05-01 10:33:57', '2017-05-01 10:33:57'),
  (3827, 'Bhatapara-PG-Suhela', 'NA', -1, -1, -1, 8, 3, 3, '2017-05-01 10:33:58', '2017-05-01 10:33:58'),
  (3830, 'Bhilad-Vapi-PG', 'NA', -1, -1, -1, 8, 3, 1, '2017-05-01 10:33:58', '2017-05-01 10:33:58'),
  (3833, 'Bhilad-Vapi-PG', 'NA', -1, -1, -1, 8, 3, 2, '2017-05-01 10:33:58', '2017-05-01 10:33:58'),
  (3836, 'Bhilad-Vapi-PG', 'NA', -1, -1, -1, 8, 3, 3, '2017-05-01 10:33:58', '2017-05-01 10:33:58'),
  (3839, 'Bina-MP-Bina-PG', 'NA', -1, -1, -1, 8, 3, 1, '2017-05-01 10:33:58', '2017-05-01 10:33:58'),
  (3842, 'Bina-MP-Shivpuri', 'NA', -1, -1, -1, 8, 3, 1, '2017-05-01 10:33:58', '2017-05-01 10:33:58'),
  (3845, 'Bina-MP-Mahalgaon', 'NA', -1, -1, -1, 8, 3, 1, '2017-05-01 10:33:58', '2017-05-01 10:33:58'),
  (3848, 'Bina-MP-Mahalgaon', 'NA', -1, -1, -1, 8, 3, 2, '2017-05-01 10:33:59', '2017-05-01 10:33:59'),
  (3851, 'Boisar-PG-Vasai', 'NA', -1, -1, -1, 8, 3, 1, '2017-05-01 10:33:59', '2017-05-01 10:33:59'),
  (3854, 'Boisar-PG-Boisar-M', 'NA', -1, -1, -1, 8, 3, 1, '2017-05-01 10:33:59', '2017-05-01 10:33:59'),
  (3857, 'Boisar-PG-Boisar-M', 'NA', -1, -1, -1, 8, 3, 2, '2017-05-01 10:33:59', '2017-05-01 10:33:59'),
  (3860, 'Damoh-MP-Damoh-PG', 'NA', -1, -1, -1, 8, 3, 1, '2017-05-01 10:33:59', '2017-05-01 10:33:59'),
  (3863, 'Damoh-MP-Damoh-PG', 'NA', -1, -1, -1, 8, 3, 2, '2017-05-01 10:33:59', '2017-05-01 10:33:59'),
  (3866, 'Damoh-PG-Sagar', 'NA', -1, -1, -1, 8, 3, 2, '2017-05-01 10:33:59', '2017-05-01 10:33:59'),
  (3869, 'Damoh-PG-Tikamgad', 'NA', -1, -1, -1, 8, 3, 1, '2017-05-01 10:33:59', '2017-05-01 10:33:59'),
  (3872, 'Dehgam-Ranasan', 'NA', -1, -1, -1, 8, 3, 1, '2017-05-01 10:33:59', '2017-05-01 10:33:59'),
  (3875, 'Dehgam-Ranasan', 'NA', -1, -1, -1, 8, 3, 2, '2017-05-01 10:34:00', '2017-05-01 10:34:00'),
  (3878, 'Dehgam-Khanpur', 'NA', -1, -1, -1, 8, 3, 1, '2017-05-01 10:34:00', '2017-05-01 10:34:00'),
  (3881, 'Dehgam-Khanpur', 'NA', -1, -1, -1, 8, 3, 2, '2017-05-01 10:34:00', '2017-05-01 10:34:00'),
  (3884, 'Gandhar-Haldarwa', 'NA', -1, -1, -1, 8, 3, 2, '2017-05-01 10:34:00', '2017-05-01 10:34:00'),
  (3887, 'Gandhar-Haldarwa', 'NA', -1, -1, -1, 8, 3, 1, '2017-05-01 10:34:00', '2017-05-01 10:34:00'),
  (3890, 'Gwalior-Malanpur', 'NA', -1, -1, -1, 8, 3, 1, '2017-05-01 10:34:00', '2017-05-01 10:34:00'),
  (3893, 'Gwalior-Malanpur', 'NA', -1, -1, -1, 8, 3, 2, '2017-05-01 10:34:00', '2017-05-01 10:34:00'),
  (3896, 'Gwalior-Mahalgaon', 'NA', -1, -1, -1, 8, 3, 1, '2017-05-01 10:34:01', '2017-05-01 10:34:01'),
  (3899, 'Gwalior-Mahalgaon', 'NA', -1, -1, -1, 8, 3, 2, '2017-05-01 10:34:01', '2017-05-01 10:34:01'),
  (3902, 'Gwalior-Gwalior-II', 'NA', -1, -1, -1, 8, 3, 1, '2017-05-01 10:34:01', '2017-05-01 10:34:01'),
  (3905, 'Gwalior-Gwalior-II', 'NA', -1, -1, -1, 8, 3, 2, '2017-05-01 10:34:01', '2017-05-01 10:34:01'),
  (3908, 'Halkarni-Tillari', 'NA', -1, -1, -1, 8, 3, 1, '2017-05-01 10:34:01', '2017-05-01 10:34:01'),
  (3911, 'Halvad-Bhimasar', 'NA', -1, -1, -1, 8, 3, 1, '2017-05-01 10:34:01', '2017-05-01 10:34:01'),
  (3914, 'Halvad-Bhimasar', 'NA', -1, -1, -1, 8, 3, 2, '2017-05-01 10:34:01', '2017-05-01 10:34:01'),
  (3917, 'Hoshangabad-Itarsi-PG', 'NA', -1, -1, -1, 8, 3, 1, '2017-05-01 10:34:01', '2017-05-01 10:34:01'),
  (3920, 'Itarsi-Itarsi-PG', 'NA', -1, -1, -1, 8, 3, 1, '2017-05-01 10:34:02', '2017-05-01 10:34:02'),
  (3923, 'Jabalpur-Jabalpur-PG', 'NA', -1, -1, -1, 8, 3, 1, '2017-05-01 10:34:02', '2017-05-01 10:34:02'),
  (3926, 'Jabalpur-Jabalpur-PG', 'NA', -1, -1, -1, 8, 3, 2, '2017-05-01 10:34:02', '2017-05-01 10:34:02'),
  (3929, 'Kakrapar-Haldarwa', 'NA', -1, -1, -1, 8, 3, 1, '2017-05-01 10:34:02', '2017-05-01 10:34:02'),
  (3932, 'Kakrapar-Haldarwa', 'NA', -1, -1, -1, 8, 3, 2, '2017-05-01 10:34:02', '2017-05-01 10:34:02'),
  (3935, 'Kakrapar-Vav', 'NA', -1, -1, -1, 8, 3, 1, '2017-05-01 10:34:02', '2017-05-01 10:34:02'),
  (3938, 'Kakrapar-Vav', 'NA', -1, -1, -1, 8, 3, 2, '2017-05-01 10:34:02', '2017-05-01 10:34:02'),
  (3941, 'Kakrapar-Vapi-PG', 'NA', -1, -1, -1, 8, 3, 1, '2017-05-01 10:34:02', '2017-05-01 10:34:02'),
  (3944, 'Kakrapar-Vapi-PG', 'NA', -1, -1, -1, 8, 3, 2, '2017-05-01 10:34:02', '2017-05-01 10:34:02'),
  (3947, 'Kala-Kharadpada-PG', 'NA', -1, -1, -1, 8, 3, 1, '2017-05-01 10:34:03', '2017-05-01 10:34:03'),
  (3950, 'Kala-Kharadpada-PG', 'NA', -1, -1, -1, 8, 3, 2, '2017-05-01 10:34:03', '2017-05-01 10:34:03'),
  (3953, 'Kala-Khadoli', 'NA', -1, -1, -1, 8, 3, 1, '2017-05-01 10:34:03', '2017-05-01 10:34:03'),
  (3956, 'Kala-Khadoli', 'NA', -1, -1, -1, 8, 3, 2, '2017-05-01 10:34:03', '2017-05-01 10:34:03'),
  (3959, 'Katni-Satna-PG', 'NA', -1, -1, -1, 8, 3, 1, '2017-05-01 10:34:03', '2017-05-01 10:34:03'),
  (3962, 'Kawas-Haldarwa', 'NA', -1, -1, -1, 8, 3, 1, '2017-05-01 10:34:03', '2017-05-01 10:34:03'),
  (3965, 'Kawas-Haldarwa', 'NA', -1, -1, -1, 8, 3, 2, '2017-05-01 10:34:03', '2017-05-01 10:34:03'),
  (3968, 'Kawas-Navsari-PG', 'NA', -1, -1, -1, 8, 3, 1, '2017-05-01 10:34:03', '2017-05-01 10:34:03'),
  (3971, 'Kawas-Navsari-PG', 'NA', -1, -1, -1, 8, 3, 2, '2017-05-01 10:34:03', '2017-05-01 10:34:03'),
  (3974, 'Kawas-Vav', 'NA', -1, -1, -1, 8, 3, 1, '2017-05-01 10:34:03', '2017-05-01 10:34:03'),
  (3977, 'Kawas-Vav', 'NA', -1, -1, -1, 8, 3, 2, '2017-05-01 10:34:04', '2017-05-01 10:34:04'),
  (3980, 'Kawas-Ichchapur', 'NA', -1, -1, -1, 8, 3, 1, '2017-05-01 10:34:04', '2017-05-01 10:34:04'),
  (3983, 'Kawas-Ichchapur', 'NA', -1, -1, -1, 8, 3, 2, '2017-05-01 10:34:04', '2017-05-01 10:34:04'),
  (3986, 'Khandwa-Omkareswar', 'NA', -1, -1, -1, 8, 3, 1, '2017-05-01 10:34:04', '2017-05-01 10:34:04'),
  (3989, 'Kharadpada-PG-Kharadpada-DNH', 'NA', -1, -1, -1, 8, 3, 1, '2017-05-01 10:34:04', '2017-05-01 10:34:04'),
  (3992, 'Kharadpada-PG-Kharadpada-DNH', 'NA', -1, -1, -1, 8, 3, 2, '2017-05-01 10:34:04', '2017-05-01 10:34:04'),
  (3995, 'Kolhapur-Mumbewadi', 'NA', -1, -1, -1, 8, 3, 1, '2017-05-01 10:34:04', '2017-05-01 10:34:04'),
  (3998, 'Kolhapur(Mudshingi)-Chikkodi', 'NA', -1, -1, -1, 8, 3, 1, '2017-05-01 10:34:04', '2017-05-01 10:34:04'),
  (4001, 'Kolhapur(Talandage)-Kolhapur(Mudshingi)', 'NA', -1, -1, -1, 8, 3, 1, '2017-05-01 10:34:05', '2017-05-01 10:34:05'),
  (4004, 'Kolhapur(Talandage)-Kolhapur(Mudshingi)', 'NA', -1, -1, -1, 8, 3, 2, '2017-05-01 10:34:05', '2017-05-01 10:34:05'),
  (4007, 'Kolhapur(Talandage)-Chikkodi', 'NA', -1, -1, -1, 8, 3, 1, '2017-05-01 10:34:05', '2017-05-01 10:34:05'),
  (4010, 'Konalkatta-Amona', 'NA', -1, -1, -1, 8, 3, 1, '2017-05-01 10:34:05', '2017-05-01 10:34:05'),
  (4013, 'Korba East-Budhipadar', 'NA', -1, -1, -1, 8, 3, 2, '2017-05-01 10:34:05', '2017-05-01 10:34:05'),
  (4016, 'Korba East-Budhipadar', 'NA', -1, -1, -1, 8, 3, 3, '2017-05-01 10:34:05', '2017-05-01 10:34:05'),
  (4019, 'Korba East-Raigarh', 'NA', -1, -1, -1, 8, 3, 1, '2017-05-01 10:34:05', '2017-05-01 10:34:05'),
  (4022, 'Magarwada-PG-Magarwada-DD', 'NA', -1, -1, -1, 8, 3, 1, '2017-05-01 10:34:05', '2017-05-01 10:34:05'),
  (4025, 'Magarwada-PG-Magarwada-DD', 'NA', -1, -1, -1, 8, 3, 2, '2017-05-01 10:34:05', '2017-05-01 10:34:05'),
  (4028, 'Mapusa-Amona', 'NA', -1, -1, -1, 8, 3, 1, '2017-05-01 10:34:05', '2017-05-01 10:34:05'),
  (4031, 'Mapusa-Ponda', 'NA', -1, -1, -1, 8, 3, 1, '2017-05-01 10:34:06', '2017-05-01 10:34:06'),
  (4034, 'Mapusa-Tivim', 'NA', -1, -1, -1, 8, 3, 1, '2017-05-01 10:34:06', '2017-05-01 10:34:06'),
  (4037, 'Mapusa-Tivim', 'NA', -1, -1, -1, 8, 3, 2, '2017-05-01 10:34:06', '2017-05-01 10:34:06'),
  (4040, 'Mehgaon-Malanpur', 'NA', -1, -1, -1, 8, 3, 1, '2017-05-01 10:34:06', '2017-05-01 10:34:06'),
  (4043, 'Morbi-Hadala', 'NA', -1, -1, -1, 8, 3, 2, '2017-05-01 10:34:06', '2017-05-01 10:34:06'),
  (4046, 'Morbi-Halvad', 'NA', -1, -1, -1, 8, 3, 1, '2017-05-01 10:34:06', '2017-05-01 10:34:06'),
  (4049, 'Mumewadi-Halkarni', 'NA', -1, -1, -1, 8, 3, 1, '2017-05-01 10:34:06', '2017-05-01 10:34:06'),
  (4052, 'Nasik-Navsari', 'NA', -1, -1, -1, 8, 3, 1, '2017-05-01 10:34:07', '2017-05-01 10:34:07'),
  (4055, 'Nasik-Navsari', 'NA', -1, -1, -1, 8, 3, 2, '2017-05-01 10:34:07', '2017-05-01 10:34:07'),
  (4058, 'Navsari-PG-Navsari', 'NA', -1, -1, -1, 8, 3, 1, '2017-05-01 10:34:07', '2017-05-01 10:34:07'),
  (4061, 'Navsari-PG-Navsari', 'NA', -1, -1, -1, 8, 3, 2, '2017-05-01 10:34:07', '2017-05-01 10:34:07'),
  (4064, 'Nepniya-Bhanpura', 'NA', -1, -1, -1, 8, 3, 1, '2017-05-01 10:34:07', '2017-05-01 10:34:07'),
  (4067, 'Pandurna-Kalmeshwar', 'NA', -1, -1, -1, 8, 3, 1, '2017-05-01 10:34:07', '2017-05-01 10:34:07'),
  (4070, 'Pithampura-Rajgarh-PG', 'NA', -1, -1, -1, 8, 3, 1, '2017-05-01 10:34:07', '2017-05-01 10:34:07'),
  (4073, 'Pithampura-Rajgarh-PG', 'NA', -1, -1, -1, 8, 3, 2, '2017-05-01 10:34:07', '2017-05-01 10:34:07'),
  (4076, 'Ponda-Ambewadi', 'NA', -1, -1, -1, 8, 3, 1, '2017-05-01 10:34:08', '2017-05-01 10:34:08'),
  (4079, 'Raigarh-CG-Bhudhipadar', 'NA', -1, -1, -1, 8, 3, 1, '2017-05-01 10:34:08', '2017-05-01 10:34:08'),
  (4082, 'Raigarh-PG-Raigarh-CG', 'NA', -1, -1, -1, 8, 3, 1, '2017-05-01 10:34:08', '2017-05-01 10:34:08'),
  (4085, 'Raigarh-PG-Raigarh-CG', 'NA', -1, -1, -1, 8, 3, 2, '2017-05-01 10:34:08', '2017-05-01 10:34:08'),
  (4088, 'Rajgarh-PG-Rajgarh-MP', 'NA', -1, -1, -1, 8, 3, 1, '2017-05-01 10:34:08', '2017-05-01 10:34:08'),
  (4091, 'Rajgarh-PG-Dhar', 'NA', -1, -1, -1, 8, 3, 1, '2017-05-01 10:34:08', '2017-05-01 10:34:08'),
  (4094, 'Satna-MP-Satna-PG', 'NA', -1, -1, -1, 8, 3, 1, '2017-05-01 10:34:08', '2017-05-01 10:34:08'),
  (4097, 'Satna-MP-Satna-PG', 'NA', -1, -1, -1, 8, 3, 2, '2017-05-01 10:34:09', '2017-05-01 10:34:09'),
  (4100, 'Satna-PG-Maihar', 'NA', -1, -1, -1, 8, 3, 2, '2017-05-01 10:34:09', '2017-05-01 10:34:09'),
  (4103, 'Seoni-PG-Seoni-MP', 'NA', -1, -1, -1, 8, 3, 1, '2017-05-01 10:34:09', '2017-05-01 10:34:09'),
  (4106, 'Seoni-PG-Seoni-MP', 'NA', -1, -1, -1, 8, 3, 2, '2017-05-01 10:34:09', '2017-05-01 10:34:09'),
  (4109, 'Seoni-PG-Chindwara', 'NA', -1, -1, -1, 8, 3, 1, '2017-05-01 10:34:09', '2017-05-01 10:34:09'),
  (4112, 'Seoni-PG-Chindwara', 'NA', -1, -1, -1, 8, 3, 2, '2017-05-01 10:34:09', '2017-05-01 10:34:09'),
  (4115, 'Sholapur-PG-Kumbari', 'NA', -1, -1, -1, 8, 3, 1, '2017-05-01 10:34:09', '2017-05-01 10:34:09'),
  (4118, 'Sholapur-PG-Kumbari', 'NA', -1, -1, -1, 8, 3, 2, '2017-05-01 10:34:09', '2017-05-01 10:34:09'),
  (4121, 'Shujalpur-Shujalpur-MP', 'NA', -1, -1, -1, 8, 3, 1, '2017-05-01 10:34:09', '2017-05-01 10:34:09'),
  (4124, 'Shujalpur-Shujalpur-MP', 'NA', -1, -1, -1, 8, 3, 2, '2017-05-01 10:34:09', '2017-05-01 10:34:09'),
  (4127, 'Talegaon-Pune-PG', 'NA', -1, -1, -1, 8, 3, 1, '2017-05-01 10:34:10', '2017-05-01 10:34:10'),
  (4130, 'Talegaon-Pune-PG', 'NA', -1, -1, -1, 8, 3, 2, '2017-05-01 10:34:10', '2017-05-01 10:34:10'),
  (4133, 'Tarapur-1&2-Vapi', 'NA', -1, -1, -1, 8, 3, 1, '2017-05-01 10:34:10', '2017-05-01 10:34:10'),
  (4136, 'Tarapur-1&2-Bhilad', 'NA', -1, -1, -1, 8, 3, 1, '2017-05-01 10:34:10', '2017-05-01 10:34:10'),
  (4139, 'Tarapur-1&2-Boisar-M', 'NA', -1, -1, -1, 8, 3, 1, '2017-05-01 10:34:10', '2017-05-01 10:34:10'),
  (4142, 'Tarapur-1&2-Borivali', 'NA', -1, -1, -1, 8, 3, 1, '2017-05-01 10:34:10', '2017-05-01 10:34:10'),
  (4145, 'Tarapur-3&4-Boisar-PG', 'NA', -1, -1, -1, 8, 3, 1, '2017-05-01 10:34:10', '2017-05-01 10:34:10'),
  (4148, 'Tarapur-3&4-Tarapur-1&2', 'NA', -1, -1, -1, 8, 3, 1, '2017-05-01 10:34:10', '2017-05-01 10:34:10'),
  (4151, 'Tillari-Amona', 'NA', -1, -1, -1, 8, 3, 1, '2017-05-01 10:34:10', '2017-05-01 10:34:10'),
  (4154, 'Vapi-PG-Magarwada', 'NA', -1, -1, -1, 8, 3, 1, '2017-05-01 10:34:11', '2017-05-01 10:34:11'),
  (4157, 'Vapi-PG-Magarwada', 'NA', -1, -1, -1, 8, 3, 2, '2017-05-01 10:34:11', '2017-05-01 10:34:11'),
  (4160, 'Vapi-PG-Kharadpada-DNH', 'NA', -1, -1, -1, 8, 3, 1, '2017-05-01 10:34:11', '2017-05-01 10:34:11'),
  (4163, 'Vapi-PG-Kharadpada-DNH', 'NA', -1, -1, -1, 8, 3, 2, '2017-05-01 10:34:11', '2017-05-01 10:34:11'),
  (4166, 'Vapi-PG-Khadoli', 'NA', -1, -1, -1, 8, 3, 1, '2017-05-01 10:34:11', '2017-05-01 10:34:11'),
  (4169, 'Vapi-PG-Sayali', 'NA', -1, -1, -1, 8, 3, 1, '2017-05-01 10:34:11', '2017-05-01 10:34:11'),
  (4172, 'Wardha-PG-Wardha-M', 'NA', -1, -1, -1, 8, 3, 1, '2017-05-01 10:34:11', '2017-05-01 10:34:11'),
  (4175, 'Wardha-PG-Badnera', 'NA', -1, -1, -1, 8, 3, 1, '2017-05-01 10:34:11', '2017-05-01 10:34:11'),
  (4178, 'Xeldem-Ambewadi', 'NA', -1, -1, -1, 8, 3, 1, '2017-05-01 10:34:11', '2017-05-01 10:34:11'),
  (4181, 'Bhopal-Bina-MP', 'NA', -1, -1, -1, 8, 4, 1, '2017-05-01 10:34:11', '2017-05-01 10:34:11'),
  (4184, 'Bhopal-Bina-MP', 'NA', -1, -1, -1, 8, 4, 2, '2017-05-01 10:34:11', '2017-05-01 10:34:11'),
  (4187, 'Bhopal-Itarsi', 'NA', -1, -1, -1, 8, 4, 1, '2017-05-01 10:34:12', '2017-05-01 10:34:12'),
  (4190, 'Bhopal-Itarsi', 'NA', -1, -1, -1, 8, 4, 2, '2017-05-01 10:34:12', '2017-05-01 10:34:12'),
  (4220, 'Indore-MP-Pithampur', 'NA', -1, -1, -1, 8, 4, 1, '2017-05-01 10:34:13', '2017-05-01 10:34:13'),
  (4223, 'Indore-MP-Pithampur', 'NA', -1, -1, -1, 8, 4, 2, '2017-05-01 10:34:13', '2017-05-01 10:34:13'),
  (4235, 'Nagda-Indira Sagar', 'NA', -1, -1, -1, 8, 4, 1, '2017-05-01 10:34:13', '2017-05-01 10:34:13'),
  (4238, 'Satpura-Indira-sagar', 'NA', -1, -1, -1, 8, 4, 1, '2017-05-01 10:34:13', '2017-05-01 10:34:13'),
  (4265, 'Badod-Modak', 'NA', -1, -1, -1, 8, 3, 1, '2017-05-01 10:34:14', '2017-05-01 10:34:14'),
  (4337, 'Rajgarh-PG-Rajgarh-MP', 'NA', -1, -1, -1, 8, 3, 2, '2017-05-01 10:34:17', '2017-05-01 10:34:17'),
  (4361, 'Akola-Aurangabad-PG@Akola', 'NA', -1, -1, -1, 11, 4, 1, '2017-05-01 12:00:32', '2017-05-01 12:00:32'),
  (4364, 'Akola-Aurangabad-PG@Aurangabad-PG', 'NA', -1, -1, -1, 11, 4, 1, '2017-05-01 12:00:32', '2017-05-01 12:00:32'),
  (4373, 'Asoj-Chorania@Asoj', 'NA', -1, -1, -1, 11, 4, 1, '2017-05-01 12:00:33', '2017-05-01 12:00:33'),
  (4391, 'APL-Mundra-Sami@Sami', 'NA', -1, -1, -1, 11, 4, 1, '2017-05-01 12:02:54', '2017-05-01 12:02:54'),
  (4397, 'APL-Mundra-Hadala@Hadala', 'NA', -1, -1, -1, 11, 4, 1, '2017-05-01 12:02:54', '2017-05-01 12:02:54'),
  (4400, 'APL-Mundra-Zerda(Kansari)@Zerda(Kansari)', 'NA', -1, -1, -1, 11, 4, 1, '2017-05-01 12:02:54', '2017-05-01 12:02:54'),
  (4406, 'Aurangabad-M(Waluj)-Pune-PG(Shikrapur)@Aurangabad-M(Waluj)', 'NA', -1, -1, -1, 11, 4, 1, '2017-05-01 12:02:55', '2017-05-01 12:02:55'),
  (4409, 'Aurangabad-M(Waluj)-Pune-PG(Shikrapur)@Pune-PG(Shikrapur)', 'NA', -1, -1, -1, 11, 4, 1, '2017-05-01 12:02:55', '2017-05-01 12:02:55'),
  (4418, 'Aurangabad-PG-Boisar@Aurangabad-PG', 'NA', -1, -1, -1, 11, 4, 1, '2017-05-01 12:02:55', '2017-05-01 12:02:55'),
  (4421, 'Aurangabad-PG-Boisar@Boisar', 'NA', -1, -1, -1, 11, 4, 1, '2017-05-01 12:02:55', '2017-05-01 12:02:55'),
  (4430, 'Bachau-Ranchodpura@Ranchodpura', 'NA', -1, -1, -1, 11, 4, 1, '2017-05-01 12:02:55', '2017-05-01 12:02:55'),
  (4436, 'Bhadrawati-Bhilai@Bhadrawati', 'NA', -1, -1, -1, 11, 4, 1, '2017-05-01 12:02:56', '2017-05-01 12:02:56'),
  (4439, 'Bhadrawati-Bhilai@Bhilai', 'NA', -1, -1, -1, 11, 4, 1, '2017-05-01 12:02:56', '2017-05-01 12:02:56'),
  (4442, 'Bhadrawati-Raipur@Bhadrawati', 'NA', -1, -1, -1, 11, 4, 1, '2017-05-01 12:02:56', '2017-05-01 12:02:56'),
  (4445, 'Bhadrawati-Raipur@Raipur', 'NA', -1, -1, -1, 11, 4, 1, '2017-05-01 12:02:56', '2017-05-01 12:02:56'),
  (4460, 'Bhadrawati-Parli-PG@Bhadrawati', 'NA', -1, -1, -1, 11, 4, 1, '2017-05-01 12:02:56', '2017-05-01 12:02:56'),
  (4463, 'Bhadrawati-Parli-PG@Parli-PG', 'NA', -1, -1, -1, 11, 4, 1, '2017-05-01 12:02:57', '2017-05-01 12:02:57'),
  (4466, 'Bhadrawati-Dhariwal@Bhadrawati', 'NA', -1, -1, -1, 11, 4, 1, '2017-05-01 12:02:57', '2017-05-01 12:02:57'),
  (4469, 'Bhadrawati HVDC-Ramagundam@Bhadrawati HVDC', 'NA', -1, -1, -1, 11, 4, 1, '2017-05-01 12:02:57', '2017-05-01 12:02:57'),
  (4475, 'Bhilai-Seoni@Bhilai', 'NA', -1, -1, -1, 11, 4, 1, '2017-05-01 12:02:57', '2017-05-01 12:02:57'),
  (4478, 'Bhilai-Bhatapara@Bhatapara', 'NA', -1, -1, -1, 11, 4, 1, '2017-05-01 12:02:57', '2017-05-01 12:02:57'),
  (4481, 'Bhopal-MP-Bina-MP@Bina-MP', 'NA', -1, -1, -1, 11, 4, 1, '2017-05-01 12:02:57', '2017-05-01 12:02:57'),
  (4487, 'Bhopal-MP-Damoh@Bhopal-MP', 'NA', -1, -1, -1, 11, 4, 1, '2017-05-01 12:02:57', '2017-05-01 12:02:57'),
  (4493, 'Bhusawal (Khadka)-Aurangabad-M(Waluj)@Aurangabad-M(Waluj)', 'NA', -1, -1, -1, 11, 4, 1, '2017-05-01 12:02:58', '2017-05-01 12:02:58'),
  (4496, 'Bhusawal (Khadka)-Akola@Bhusawal (Khadka)', 'NA', -1, -1, -1, 11, 4, 1, '2017-05-01 12:02:58', '2017-05-01 12:02:58'),
  (4499, 'Bina-PG-Shujalpur@Bina-PG', 'NA', -1, -1, -1, 11, 4, 1, '2017-05-01 12:02:58', '2017-05-01 12:02:58'),
  (4502, 'Bina-PG-Shujalpur@Shujalpur', 'NA', -1, -1, -1, 11, 4, 1, '2017-05-01 12:02:58', '2017-05-01 12:02:58'),
  (4511, 'Bina-PG-Bina-NTS@Bina-PG', 'NA', -1, -1, -1, 11, 4, 1, '2017-05-01 12:02:58', '2017-05-01 12:02:58'),
  (4514, 'Birsingpur-Katni@Birsingpur', 'NA', -1, -1, -1, 11, 4, 1, '2017-05-01 12:02:58', '2017-05-01 12:02:58'),
  (4517, 'Birsingpur-Vandana@Vandana', 'NA', -1, -1, -1, 11, 4, 1, '2017-05-01 12:02:59', '2017-05-01 12:02:59'),
  (4520, 'CGPL-Chorania@CGPL', 'NA', -1, -1, -1, 11, 4, 1, '2017-05-01 12:02:59', '2017-05-01 12:02:59'),
  (4523, 'CGPL-Chorania@Chorania', 'NA', -1, -1, -1, 11, 4, 1, '2017-05-01 12:02:59', '2017-05-01 12:02:59'),
  (4526, 'CGPL-Mansar@CGPL', 'NA', -1, -1, -1, 11, 4, 1, '2017-05-01 12:02:59', '2017-05-01 12:02:59'),
  (4529, 'CGPL-Jetpur@CGPL', 'NA', -1, -1, -1, 11, 4, 1, '2017-05-01 12:02:59', '2017-05-01 12:02:59'),
  (4532, 'CGPL-Jetpur@Jetpur', 'NA', -1, -1, -1, 11, 4, 1, '2017-05-01 12:02:59', '2017-05-01 12:02:59'),
  (4541, 'Chandrapur-Chandrapur-II@Chandrapur', 'NA', -1, -1, -1, 11, 4, 1, '2017-05-01 12:02:59', '2017-05-01 12:02:59'),
  (4547, 'Chandrapur-Parli-M@Chandrapur', 'NA', -1, -1, -1, 11, 4, 1, '2017-05-01 12:03:00', '2017-05-01 12:03:00'),
  (4550, 'Chandrapur-Parli-M@Parli-M', 'NA', -1, -1, -1, 11, 4, 1, '2017-05-01 12:03:00', '2017-05-01 12:03:00'),
  (4553, 'Chorania-Kosamba@Chorania', 'NA', -1, -1, -1, 11, 4, 1, '2017-05-01 12:03:00', '2017-05-01 12:03:00'),
  (4556, 'Chorania-Kosamba@Kosamba', 'NA', -1, -1, -1, 11, 4, 1, '2017-05-01 12:03:00', '2017-05-01 12:03:00'),
  (4565, 'Damoh-Birsingpur@Damoh', 'NA', -1, -1, -1, 11, 4, 1, '2017-05-01 12:03:00', '2017-05-01 12:03:00'),
  (4571, 'Damoh-Katni@Damoh', 'NA', -1, -1, -1, 11, 4, 1, '2017-05-01 12:03:00', '2017-05-01 12:03:00'),
  (4574, 'Dhariwal-Parli-PG@Parli-PG', 'NA', -1, -1, -1, 11, 4, 1, '2017-05-01 12:03:00', '2017-05-01 12:03:00'),
  (4577, 'Gandhar-Sugen@Gandhar', 'NA', -1, -1, -1, 11, 4, 1, '2017-05-01 12:03:01', '2017-05-01 12:03:01');
INSERT INTO `elements` (`id`, `name`, `description`, `sil`, `stability_limit`, `thermal_limit`, `element_types_id`, `voltages_id`, `elem_num`, `created_at`, `updated_at`) VALUES
  (4580, 'Indira Sagar-Indore-MP@Indore-MP', 'NA', -1, -1, -1, 11, 4, 1, '2017-05-01 12:03:01', '2017-05-01 12:03:01'),
  (4583, 'Indore-MP-Asoj@Indore-MP', 'NA', -1, -1, -1, 11, 4, 1, '2017-05-01 12:03:01', '2017-05-01 12:03:01'),
  (4586, 'Indore-MP-Asoj@Asoj', 'NA', -1, -1, -1, 11, 4, 1, '2017-05-01 12:03:01', '2017-05-01 12:03:01'),
  (4595, 'Itarsi-Indore-MP@Itarsi', 'NA', -1, -1, -1, 11, 4, 1, '2017-05-01 12:03:01', '2017-05-01 12:03:01'),
  (4598, 'Itarsi-Indore-MP@Indore-MP', 'NA', -1, -1, -1, 11, 4, 1, '2017-05-01 12:03:01', '2017-05-01 12:03:01'),
  (4607, 'Itarsi-Khandwa@Itarsi', 'NA', -1, -1, -1, 11, 4, 1, '2017-05-01 12:03:02', '2017-05-01 12:03:02'),
  (4613, 'Jabalpur-Itarsi@Jabalpur', 'NA', -1, -1, -1, 11, 4, 1, '2017-05-01 12:03:02', '2017-05-01 12:03:02'),
  (4616, 'Jabalpur-Itarsi@Itarsi', 'NA', -1, -1, -1, 11, 4, 1, '2017-05-01 12:03:02', '2017-05-01 12:03:02'),
  (4637, 'Jabalpur-Sasan@Jabalpur', 'NA', -1, -1, -1, 11, 4, 1, '2017-05-01 12:03:03', '2017-05-01 12:03:03'),
  (4640, 'Jabalpur-Sasan@Sasan', 'NA', -1, -1, -1, 11, 4, 1, '2017-05-01 12:03:03', '2017-05-01 12:03:03'),
  (4643, 'Jabalpur (PS)-MB Power@Jabalpur (PS)', 'NA', -1, -1, -1, 11, 4, 1, '2017-05-01 12:03:03', '2017-05-01 12:03:03'),
  (4649, 'JPL-Raipur@Raipur', 'NA', -1, -1, -1, 11, 4, 1, '2017-05-01 12:03:03', '2017-05-01 12:03:03'),
  (4655, 'Karad-Solapur-PG@Karad', 'NA', -1, -1, -1, 11, 4, 1, '2017-05-01 12:03:04', '2017-05-01 12:03:04'),
  (4658, 'Karad-Solapur-PG@Solapur-PG', 'NA', -1, -1, -1, 11, 4, 1, '2017-05-01 12:03:04', '2017-05-01 12:03:04'),
  (4661, 'Karad-Lonikhand@Karad', 'NA', -1, -1, -1, 11, 4, 1, '2017-05-01 12:03:04', '2017-05-01 12:03:04'),
  (4664, 'Khandwa-Dhule-MS@Khandwa', 'NA', -1, -1, -1, 11, 4, 1, '2017-05-01 12:03:04', '2017-05-01 12:03:04'),
  (4667, 'Khandwa-Dhule-MS@Dhule-MS', 'NA', -1, -1, -1, 11, 4, 1, '2017-05-01 12:03:04', '2017-05-01 12:03:04'),
  (4676, 'Kolhapur-Solapur-PG@Solapur-PG', 'NA', -1, -1, -1, 11, 4, 1, '2017-05-01 12:03:04', '2017-05-01 12:03:04'),
  (4682, 'Koradi-Bhusawal (Khadka)@Koradi', 'NA', -1, -1, -1, 11, 4, 1, '2017-05-01 12:03:04', '2017-05-01 12:03:04'),
  (4685, 'Koradi-Bhusawal (Khadka)@Bhusawal (Khadka)', 'NA', -1, -1, -1, 11, 4, 1, '2017-05-01 12:03:05', '2017-05-01 12:03:05'),
  (4688, 'Koradi-Satpura@Satpura', 'NA', -1, -1, -1, 11, 4, 1, '2017-05-01 12:03:05', '2017-05-01 12:03:05'),
  (4691, 'Koradi-Bhilai@Koradi', 'NA', -1, -1, -1, 11, 4, 1, '2017-05-01 12:03:05', '2017-05-01 12:03:05'),
  (4694, 'Koradi-Bhilai@Bhilai', 'NA', -1, -1, -1, 11, 4, 1, '2017-05-01 12:03:05', '2017-05-01 12:03:05'),
  (4697, 'Korba (W)-Ext-Bhilai@Bhilai', 'NA', -1, -1, -1, 11, 4, 1, '2017-05-01 12:03:05', '2017-05-01 12:03:05'),
  (4700, 'Korba-NTPC-Bhilai@Bhilai', 'NA', -1, -1, -1, 11, 4, 1, '2017-05-01 12:03:05', '2017-05-01 12:03:05'),
  (4706, 'Korba-NTPC-Raipur@Raipur', 'NA', -1, -1, -1, 11, 4, 1, '2017-05-01 12:03:05', '2017-05-01 12:03:05'),
  (4712, 'Korba-NTPC-Vindhyachal@Vindhyachal', 'NA', -1, -1, -1, 11, 4, 1, '2017-05-01 12:03:05', '2017-05-01 12:03:05'),
  (4715, 'Korba-NTPC-Birsingpur@Korba-NTPC', 'NA', -1, -1, -1, 11, 4, 1, '2017-05-01 12:03:06', '2017-05-01 12:03:06'),
  (4718, 'Korba-NTPC-Birsingpur@Birsingpur', 'NA', -1, -1, -1, 11, 4, 1, '2017-05-01 12:03:06', '2017-05-01 12:03:06'),
  (4721, 'Korba-NTPC-Vandana@Korba-NTPC', 'NA', -1, -1, -1, 11, 4, 1, '2017-05-01 12:03:06', '2017-05-01 12:03:06'),
  (4724, 'KSK Mahanadi-Raipur@Raipur', 'NA', -1, -1, -1, 11, 4, 1, '2017-05-01 12:03:06', '2017-05-01 12:03:06'),
  (4730, 'Lonikhand-Chakan@Lonikhand', 'NA', -1, -1, -1, 11, 4, 1, '2017-05-01 12:03:06', '2017-05-01 12:03:06'),
  (4733, 'Mansar-Chorania@Chorania', 'NA', -1, -1, -1, 11, 4, 1, '2017-05-01 12:03:06', '2017-05-01 12:03:06'),
  (4736, 'Nagda-Dehgam@Nagda', 'NA', -1, -1, -1, 11, 4, 1, '2017-05-01 12:03:06', '2017-05-01 12:03:06'),
  (4739, 'Nagda-Dehgam@Dehgam', 'NA', -1, -1, -1, 11, 4, 1, '2017-05-01 12:03:06', '2017-05-01 12:03:06'),
  (4748, 'Nagda-Shujalpur@Shujalpur', 'NA', -1, -1, -1, 11, 4, 1, '2017-05-01 12:03:07', '2017-05-01 12:03:07'),
  (4754, 'Padghe-Boisar@Padghe', 'NA', -1, -1, -1, 11, 4, 1, '2017-05-01 12:03:07', '2017-05-01 12:03:07'),
  (4757, 'Parli-M-Lonikhand-II@Parli-M', 'NA', -1, -1, -1, 11, 4, 1, '2017-05-01 12:03:07', '2017-05-01 12:03:07'),
  (4760, 'Parli-M-Lonikhand-II@Lonikhand-II', 'NA', -1, -1, -1, 11, 4, 1, '2017-05-01 12:03:07', '2017-05-01 12:03:07'),
  (4769, 'Parli-M-Sholapur-M@Parli-M', 'NA', -1, -1, -1, 11, 4, 1, '2017-05-01 12:03:07', '2017-05-01 12:03:07'),
  (4772, 'Parli-M-Chandrapur-II@Parli-M', 'NA', -1, -1, -1, 11, 4, 1, '2017-05-01 12:03:08', '2017-05-01 12:03:08'),
  (4775, 'Parli-M-Nanded@Parli-M', 'NA', -1, -1, -1, 11, 4, 1, '2017-05-01 12:03:08', '2017-05-01 12:03:08'),
  (4778, 'Parli-PG-Pune-PG(Shikrapur)@Parli-PG', 'NA', -1, -1, -1, 11, 4, 1, '2017-05-01 12:03:08', '2017-05-01 12:03:08'),
  (4781, 'Parli-PG-Pune-PG(Shikrapur)@Pune-PG(Shikrapur)', 'NA', -1, -1, -1, 11, 4, 1, '2017-05-01 12:03:08', '2017-05-01 12:03:08'),
  (4790, 'Pune-PG(Shikrapur)-Pune-PG@Pune-PG', 'NA', -1, -1, -1, 11, 4, 1, '2017-05-01 12:03:08', '2017-05-01 12:03:08'),
  (4802, 'Raigarh-Raipur@Raipur', 'NA', -1, -1, -1, 11, 4, 1, '2017-05-01 12:03:09', '2017-05-01 12:03:09'),
  (4808, 'Raipur-Wardha@Raipur', 'NA', -1, -1, -1, 11, 4, 1, '2017-05-01 12:03:09', '2017-05-01 12:03:09'),
  (4811, 'Raipur-Wardha@Wardha', 'NA', -1, -1, -1, 11, 4, 1, '2017-05-01 12:03:09', '2017-05-01 12:03:09'),
  (4820, 'Rajgarh-Nagda@Nagda', 'NA', -1, -1, -1, 11, 4, 1, '2017-05-01 12:03:10', '2017-05-01 12:03:10'),
  (4826, 'Rajgarh-Kasor@Kasor', 'NA', -1, -1, -1, 11, 4, 1, '2017-05-01 12:03:10', '2017-05-01 12:03:10'),
  (4832, 'Satna-Bina-PG@Satna', 'NA', -1, -1, -1, 11, 4, 1, '2017-05-01 12:03:10', '2017-05-01 12:03:10'),
  (4835, 'Satna-Bina-PG@Bina-PG', 'NA', -1, -1, -1, 11, 4, 1, '2017-05-01 12:03:10', '2017-05-01 12:03:10'),
  (4844, 'Satna-Bina-NTS@Satna', 'NA', -1, -1, -1, 11, 4, 1, '2017-05-01 12:03:10', '2017-05-01 12:03:10'),
  (4853, 'Seoni-Satpura@Seoni', 'NA', -1, -1, -1, 11, 4, 1, '2017-05-01 12:03:11', '2017-05-01 12:03:11'),
  (4856, 'Seoni-Khandwa@Seoni', 'NA', -1, -1, -1, 11, 4, 1, '2017-05-01 12:03:11', '2017-05-01 12:03:11'),
  (4859, 'Seoni-Khandwa@Khandwa', 'NA', -1, -1, -1, 11, 4, 1, '2017-05-01 12:03:11', '2017-05-01 12:03:11'),
  (4868, 'Shujalpur-RAPP@Shujalpur', 'NA', -1, -1, -1, 11, 4, 1, '2017-05-01 12:03:12', '2017-05-01 12:03:12'),
  (4874, 'Sipat-Ranchi@Sipat', 'NA', -1, -1, -1, 11, 4, 1, '2017-05-01 12:03:12', '2017-05-01 12:03:12'),
  (4880, 'SSP-Dhule-MS@Dhule-MS', 'NA', -1, -1, -1, 11, 4, 1, '2017-05-01 12:03:12', '2017-05-01 12:03:12'),
  (4886, 'Sugen-Pirana-T@Pirana-T', 'NA', -1, -1, -1, 11, 4, 1, '2017-05-01 12:03:12', '2017-05-01 12:03:12'),
  (4889, 'Uno-Sugen-Pirana-T@Pirana-T', 'NA', -1, -1, -1, 11, 4, 1, '2017-05-01 12:03:12', '2017-05-01 12:03:12'),
  (4892, 'Vadinar-Bachau@Bachau', 'NA', -1, -1, -1, 11, 4, 1, '2017-05-01 12:03:12', '2017-05-01 12:03:12'),
  (4898, 'Vindhyachal-Jabalpur@Vindhyachal', 'NA', -1, -1, -1, 11, 4, 1, '2017-05-01 12:03:13', '2017-05-01 12:03:13'),
  (4901, 'Vindhyachal-Jabalpur@Jabalpur', 'NA', -1, -1, -1, 11, 4, 1, '2017-05-01 12:03:13', '2017-05-01 12:03:13'),
  (4916, 'Vindhyachal-Satna@Vindhyachal', 'NA', -1, -1, -1, 11, 4, 1, '2017-05-01 12:03:13', '2017-05-01 12:03:13'),
  (4919, 'Vindhyachal-Satna@Satna', 'NA', -1, -1, -1, 11, 4, 1, '2017-05-01 12:03:13', '2017-05-01 12:03:13'),
  (4940, 'Vindhyachal-Sasan@Vindhyachal', 'NA', -1, -1, -1, 11, 4, 1, '2017-05-01 12:03:14', '2017-05-01 12:03:14'),
  (4943, 'Vindhyachal-Essar_Mahan@Vindhyachal', 'NA', -1, -1, -1, 11, 4, 1, '2017-05-01 12:03:14', '2017-05-01 12:03:14'),
  (4946, 'Wardha-Parli-PG@Wardha', 'NA', -1, -1, -1, 11, 4, 1, '2017-05-01 12:03:14', '2017-05-01 12:03:14'),
  (4949, 'Wardha-Parli-PG@Parli-PG', 'NA', -1, -1, -1, 11, 4, 1, '2017-05-01 12:03:14', '2017-05-01 12:03:14'),
  (4958, 'Zerda(Kansari)-Bhinmal@Zerda(Kansari)', 'NA', -1, -1, -1, 11, 4, 1, '2017-05-01 12:03:14', '2017-05-01 12:03:14'),
  (4961, 'Zerda(Kansari)-Bhinmal@Bhinmal', 'NA', -1, -1, -1, 11, 4, 1, '2017-05-01 12:03:14', '2017-05-01 12:03:14'),
  (4964, 'Zerda(Kansari)-Kankroli@Zerda(Kansari)', 'NA', -1, -1, -1, 11, 4, 1, '2017-05-01 12:03:15', '2017-05-01 12:03:15'),
  (4967, 'Zerda(Kansari)-Varsana@Zerda(Kansari)', 'NA', -1, -1, -1, 11, 4, 1, '2017-05-01 12:03:15', '2017-05-01 12:03:15'),
  (4970, 'Akola(2)-Ektuni (Aurangabad(3))@Akola(2)', 'NA', -1, -1, -1, 11, 1, 1, '2017-05-01 12:03:15', '2017-05-01 12:03:15'),
  (4973, 'Akola(2)-Ektuni (Aurangabad(3))@Ektuni (Aurangabad(3))', 'NA', -1, -1, -1, 11, 1, 1, '2017-05-01 12:03:15', '2017-05-01 12:03:15'),
  (4982, 'Aurangabad-PG-Wardha@Aurangabad-PG', 'NA', -1, -1, -1, 11, 1, 1, '2017-05-01 12:03:15', '2017-05-01 12:03:15'),
  (4985, 'Aurangabad-PG-Wardha@Wardha', 'NA', -1, -1, -1, 11, 1, 1, '2017-05-01 12:03:15', '2017-05-01 12:03:15'),
  (5006, 'Aurangabad-PG-Solapur-PG@Aurangabad-PG', 'NA', -1, -1, -1, 11, 1, 1, '2017-05-01 12:03:16', '2017-05-01 12:03:16'),
  (5009, 'Aurangabad-PG-Solapur-PG@Solapur-PG', 'NA', -1, -1, -1, 11, 1, 1, '2017-05-01 12:03:16', '2017-05-01 12:03:16'),
  (5018, 'Bhopal-BDTCL-Indore-PG@Bhopal-BDTCL', 'NA', -1, -1, -1, 11, 1, 1, '2017-05-01 12:03:16', '2017-05-01 12:03:16'),
  (5021, 'Bhopal-BDTCL-Indore-PG@Indore-PG', 'NA', -1, -1, -1, 11, 1, 1, '2017-05-01 12:03:16', '2017-05-01 12:03:16'),
  (5024, 'Bilaspur-Seoni@Bilaspur', 'NA', -1, -1, -1, 11, 1, 1, '2017-05-01 12:03:16', '2017-05-01 12:03:16'),
  (5027, 'Bilaspur-Seoni@Seoni', 'NA', -1, -1, -1, 11, 1, 1, '2017-05-01 12:03:17', '2017-05-01 12:03:17'),
  (5036, 'Bilaspur-Dharamjaygarh@Bilaspur', 'NA', -1, -1, -1, 11, 1, 1, '2017-05-01 12:03:17', '2017-05-01 12:03:17'),
  (5039, 'Bina-PG-Gwalior@Bina-PG', 'NA', -1, -1, -1, 11, 1, 1, '2017-05-01 12:03:17', '2017-05-01 12:03:17'),
  (5042, 'Bina-PG-Gwalior@Gwalior', 'NA', -1, -1, -1, 11, 1, 1, '2017-05-01 12:03:17', '2017-05-01 12:03:17'),
  (5045, 'Bina-PG-Jabalpur-PS@Bina-PG', 'NA', -1, -1, -1, 11, 1, 1, '2017-05-01 12:03:17', '2017-05-01 12:03:17'),
  (5048, 'Bina-PG-Jabalpur-PS@Jabalpur-PS', 'NA', -1, -1, -1, 11, 1, 1, '2017-05-01 12:03:17', '2017-05-01 12:03:17'),
  (5063, 'Bina-PG-Indore-PG@Bina-PG', 'NA', -1, -1, -1, 11, 1, 1, '2017-05-01 12:03:18', '2017-05-01 12:03:18'),
  (5066, 'Bina-PG-Indore-PG@Indore-PG', 'NA', -1, -1, -1, 11, 1, 1, '2017-05-01 12:03:18', '2017-05-01 12:03:18'),
  (5081, 'Dharamjaygarh-Ranchi@Dharamjaygarh', 'NA', -1, -1, -1, 11, 1, 1, '2017-05-01 12:03:18', '2017-05-01 12:03:18'),
  (5084, 'Dharamjaygarh-Ranchi@Ranchi', 'NA', -1, -1, -1, 11, 1, 1, '2017-05-01 12:03:18', '2017-05-01 12:03:18'),
  (5093, 'Dharamjaygarh-Raipur-PS(Durg)@Dharamjaygarh', 'NA', -1, -1, -1, 11, 1, 1, '2017-05-01 12:03:19', '2017-05-01 12:03:19'),
  (5096, 'Dharamjaygarh-Jharsuguda@Dharamjaygarh', 'NA', -1, -1, -1, 11, 1, 1, '2017-05-01 12:03:19', '2017-05-01 12:03:19'),
  (5102, 'Dharamjaygarh-Jabalpur-PS@Dharamjaygarh', 'NA', -1, -1, -1, 11, 1, 1, '2017-05-01 12:03:19', '2017-05-01 12:03:19'),
  (5105, 'Dharamjaygarh-Jabalpur-PS@Jabalpur-PS', 'NA', -1, -1, -1, 11, 1, 1, '2017-05-01 12:03:19', '2017-05-01 12:03:19'),
  (5126, 'Dhule-BDTCL-Aurangabad-PG@Dhule-BDTCL', 'NA', -1, -1, -1, 11, 1, 1, '2017-05-01 12:03:20', '2017-05-01 12:03:20'),
  (5129, 'Gwalior-Jaipur@Gwalior', 'NA', -1, -1, -1, 11, 1, 1, '2017-05-01 12:03:20', '2017-05-01 12:03:20'),
  (5132, 'Gwalior-Jaipur@Jaipur', 'NA', -1, -1, -1, 11, 1, 1, '2017-05-01 12:03:20', '2017-05-01 12:03:20'),
  (5141, 'Jabalpur-PS-Bhopal-BDTCL@Jabalpur-PS', 'NA', -1, -1, -1, 11, 1, 1, '2017-05-01 12:03:20', '2017-05-01 12:03:20'),
  (5144, 'Jabalpur-PS-Bhopal-BDTCL@Bhopal-BDTCL', 'NA', -1, -1, -1, 11, 1, 1, '2017-05-01 12:03:20', '2017-05-01 12:03:20'),
  (5147, 'Koradi(III)-Akola(2)@Koradi(III)', 'NA', -1, -1, -1, 11, 1, 1, '2017-05-01 12:03:20', '2017-05-01 12:03:20'),
  (5150, 'Koradi(III)-Akola(2)@Akola(2)', 'NA', -1, -1, -1, 11, 1, 1, '2017-05-01 12:03:21', '2017-05-01 12:03:21'),
  (5159, 'Pune-PG(Shikrapur)-Solapur-PG@Pune-PG(Shikrapur)', 'NA', -1, -1, -1, 11, 1, 1, '2017-05-01 12:03:21', '2017-05-01 12:03:21'),
  (5162, 'Pune-PG(Shikrapur)-Solapur-PG@Solapur-PG', 'NA', -1, -1, -1, 11, 1, 1, '2017-05-01 12:03:21', '2017-05-01 12:03:21'),
  (5165, 'Raigarh-PS(Kotra)-Raipur-PS(Durg)@Raigarh-PS(Kotra)', 'NA', -1, -1, -1, 11, 1, 1, '2017-05-01 12:03:21', '2017-05-01 12:03:21'),
  (5168, 'Raigarh-PS(Kotra)-Raipur-PS(Durg)@Raipur-PS(Durg)', 'NA', -1, -1, -1, 11, 1, 1, '2017-05-01 12:03:21', '2017-05-01 12:03:21'),
  (5177, 'Raipur-PS(Durg)-Champa@Raipur-PS(Durg)', 'NA', -1, -1, -1, 11, 1, 1, '2017-05-01 12:03:21', '2017-05-01 12:03:21'),
  (5180, 'Sasan-Satna@Sasan', 'NA', -1, -1, -1, 11, 1, 1, '2017-05-01 12:03:22', '2017-05-01 12:03:22'),
  (5183, 'Sasan-Satna@Satna', 'NA', -1, -1, -1, 11, 1, 1, '2017-05-01 12:03:22', '2017-05-01 12:03:22'),
  (5192, 'Satna-Gwalior@Satna', 'NA', -1, -1, -1, 11, 1, 1, '2017-05-01 12:03:22', '2017-05-01 12:03:22'),
  (5195, 'Satna-Gwalior@Gwalior', 'NA', -1, -1, -1, 11, 1, 1, '2017-05-01 12:03:22', '2017-05-01 12:03:22'),
  (5204, 'Satna-Bina-PG@Satna', 'NA', -1, -1, -1, 11, 1, 1, '2017-05-01 12:03:22', '2017-05-01 12:03:22'),
  (5207, 'Satna-Bina-PG@Bina-PG', 'NA', -1, -1, -1, 11, 1, 1, '2017-05-01 12:03:22', '2017-05-01 12:03:22'),
  (5216, 'Satna-Vindhyachal-PS@Satna', 'NA', -1, -1, -1, 11, 1, 1, '2017-05-01 12:03:23', '2017-05-01 12:03:23'),
  (5219, 'Satna-Vindhyachal-PS@Vindhyachal-PS', 'NA', -1, -1, -1, 11, 1, 1, '2017-05-01 12:03:23', '2017-05-01 12:03:23'),
  (5228, 'Seoni-Bina-PG@Seoni', 'NA', -1, -1, -1, 11, 1, 1, '2017-05-01 12:03:23', '2017-05-01 12:03:23'),
  (5231, 'Seoni-Bina-PG@Bina-PG', 'NA', -1, -1, -1, 11, 1, 1, '2017-05-01 12:03:23', '2017-05-01 12:03:23'),
  (5234, 'Seoni-Wardha@Seoni', 'NA', -1, -1, -1, 11, 1, 1, '2017-05-01 12:03:23', '2017-05-01 12:03:23'),
  (5240, 'Sipat-Bilaspur@Sipat', 'NA', -1, -1, -1, 11, 1, 1, '2017-05-01 12:03:24', '2017-05-01 12:03:24'),
  (5246, 'Solapur-Raichur@Solapur', 'NA', -1, -1, -1, 11, 1, 1, '2017-05-01 12:03:24', '2017-05-01 12:03:24'),
  (5249, 'Solapur-Raichur@Raichur', 'NA', -1, -1, -1, 11, 1, 1, '2017-05-01 12:03:24', '2017-05-01 12:03:24'),
  (5258, 'Tiroda-Koradi(III)@Tiroda', 'NA', -1, -1, -1, 11, 1, 1, '2017-05-01 12:03:24', '2017-05-01 12:03:24'),
  (5261, 'Tiroda-Koradi(III)@Koradi(III)', 'NA', -1, -1, -1, 11, 1, 1, '2017-05-01 12:03:24', '2017-05-01 12:03:24'),
  (5270, 'Vadodora-PS-Indore-PG@Vadodora-PS', 'NA', -1, -1, -1, 11, 1, 1, '2017-05-01 12:03:25', '2017-05-01 12:03:25'),
  (5273, 'Vadodora-PS-Indore-PG@Indore-PG', 'NA', -1, -1, -1, 11, 1, 1, '2017-05-01 12:03:25', '2017-05-01 12:03:25'),
  (5276, 'Vadodora-PS-Dhule-BDTCL@Vadodora-PS', 'NA', -1, -1, -1, 11, 1, 1, '2017-05-01 12:03:25', '2017-05-01 12:03:25'),
  (5279, 'Vadodora-PS-Dhule-BDTCL@Dhule-BDTCL', 'NA', -1, -1, -1, 11, 1, 1, '2017-05-01 12:03:25', '2017-05-01 12:03:25'),
  (5282, 'Wardha-Raipur-PS(Durg)@Wardha', 'NA', -1, -1, -1, 11, 1, 1, '2017-05-01 12:03:25', '2017-05-01 12:03:25'),
  (5285, 'Wardha-Raipur-PS(Durg)@Raipur-PS(Durg)', 'NA', -1, -1, -1, 11, 1, 1, '2017-05-01 12:03:25', '2017-05-01 12:03:25'),
  (5294, 'Akola-Aurangabad-PG-1@Akola', 'NA', -1, -1, -1, 11, 4, 1, '2017-05-01 12:14:09', '2017-05-01 12:14:09'),
  (5297, 'Akola-Aurangabad-PG-1@Aurangabad-PG', 'NA', -1, -1, -1, 11, 4, 1, '2017-05-01 12:14:10', '2017-05-01 12:14:10'),
  (5300, 'Akola-Aurangabad-PG-2@Akola', 'NA', -1, -1, -1, 11, 4, 1, '2017-05-01 12:14:10', '2017-05-01 12:14:10'),
  (5303, 'Akola-Aurangabad-PG-2@Aurangabad-PG', 'NA', -1, -1, -1, 11, 4, 1, '2017-05-01 12:14:10', '2017-05-01 12:14:10'),
  (5306, 'APL-Mundra-Sami-1@Sami', 'NA', -1, -1, -1, 11, 4, 1, '2017-05-01 12:14:10', '2017-05-01 12:14:10'),
  (5309, 'APL-Mundra-Sami-2@Sami', 'NA', -1, -1, -1, 11, 4, 1, '2017-05-01 12:14:10', '2017-05-01 12:14:10'),
  (5312, 'APL-Mundra-Hadala-1@Hadala', 'NA', -1, -1, -1, 11, 4, 1, '2017-05-01 12:14:11', '2017-05-01 12:14:11'),
  (5315, 'APL-Mundra-Zerda(Kansari)-1@Zerda(Kansari)', 'NA', -1, -1, -1, 11, 4, 1, '2017-05-01 12:14:11', '2017-05-01 12:14:11'),
  (5318, 'Asoj-Chorania-2@Asoj', 'NA', -1, -1, -1, 11, 4, 1, '2017-05-01 12:14:11', '2017-05-01 12:14:11'),
  (5321, 'Aurangabad-M(Waluj)-Pune-PG(Shikrapur)-1@Aurangabad-M(Waluj)', 'NA', -1, -1, -1, 11, 4, 1, '2017-05-01 12:14:11', '2017-05-01 12:14:11'),
  (5324, 'Aurangabad-M(Waluj)-Pune-PG(Shikrapur)-1@Pune-PG(Shikrapur)', 'NA', -1, -1, -1, 11, 4, 1, '2017-05-01 12:14:11', '2017-05-01 12:14:11'),
  (5327, 'Aurangabad-M(Waluj)-Pune-PG(Shikrapur)-2@Aurangabad-M(Waluj)', 'NA', -1, -1, -1, 11, 4, 1, '2017-05-01 12:14:11', '2017-05-01 12:14:11'),
  (5330, 'Aurangabad-M(Waluj)-Pune-PG(Shikrapur)-2@Pune-PG(Shikrapur)', 'NA', -1, -1, -1, 11, 4, 1, '2017-05-01 12:14:11', '2017-05-01 12:14:11'),
  (5333, 'Aurangabad-PG-Boisar-1@Aurangabad-PG', 'NA', -1, -1, -1, 11, 4, 1, '2017-05-01 12:14:11', '2017-05-01 12:14:11'),
  (5336, 'Aurangabad-PG-Boisar-1@Boisar', 'NA', -1, -1, -1, 11, 4, 1, '2017-05-01 12:14:12', '2017-05-01 12:14:12'),
  (5339, 'Aurangabad-PG-Boisar-2@Aurangabad-PG', 'NA', -1, -1, -1, 11, 4, 1, '2017-05-01 12:14:12', '2017-05-01 12:14:12'),
  (5342, 'Aurangabad-PG-Boisar-2@Boisar', 'NA', -1, -1, -1, 11, 4, 1, '2017-05-01 12:14:12', '2017-05-01 12:14:12'),
  (5345, 'Bachau-Ranchodpura-1@Ranchodpura', 'NA', -1, -1, -1, 11, 4, 1, '2017-05-01 12:14:12', '2017-05-01 12:14:12'),
  (5348, 'Bachau-Ranchodpura-2@Ranchodpura', 'NA', -1, -1, -1, 11, 4, 1, '2017-05-01 12:14:12', '2017-05-01 12:14:12'),
  (5351, 'Bhadrawati-Bhilai-1@Bhadrawati', 'NA', -1, -1, -1, 11, 4, 1, '2017-05-01 12:14:12', '2017-05-01 12:14:12'),
  (5354, 'Bhadrawati-Bhilai-1@Bhilai', 'NA', -1, -1, -1, 11, 4, 1, '2017-05-01 12:14:12', '2017-05-01 12:14:12'),
  (5357, 'Bhadrawati-Raipur-1@Bhadrawati', 'NA', -1, -1, -1, 11, 4, 1, '2017-05-01 12:14:12', '2017-05-01 12:14:12'),
  (5360, 'Bhadrawati-Raipur-1@Raipur', 'NA', -1, -1, -1, 11, 4, 1, '2017-05-01 12:14:12', '2017-05-01 12:14:12'),
  (5363, 'Bhadrawati-Raipur-2@Bhadrawati', 'NA', -1, -1, -1, 11, 4, 1, '2017-05-01 12:14:12', '2017-05-01 12:14:12'),
  (5366, 'Bhadrawati-Raipur-2@Raipur', 'NA', -1, -1, -1, 11, 4, 1, '2017-05-01 12:14:13', '2017-05-01 12:14:13'),
  (5369, 'Bhadrawati-Raipur-3@Bhadrawati', 'NA', -1, -1, -1, 11, 4, 1, '2017-05-01 12:14:13', '2017-05-01 12:14:13'),
  (5372, 'Bhadrawati-Raipur-3@Raipur', 'NA', -1, -1, -1, 11, 4, 1, '2017-05-01 12:14:13', '2017-05-01 12:14:13'),
  (5375, 'Bhadrawati-Parli-PG-1@Bhadrawati', 'NA', -1, -1, -1, 11, 4, 1, '2017-05-01 12:14:13', '2017-05-01 12:14:13'),
  (5378, 'Bhadrawati-Parli-PG-1@Parli-PG', 'NA', -1, -1, -1, 11, 4, 1, '2017-05-01 12:14:13', '2017-05-01 12:14:13'),
  (5381, 'Bhadrawati-Dhariwal-1@Bhadrawati', 'NA', -1, -1, -1, 11, 4, 1, '2017-05-01 12:14:13', '2017-05-01 12:14:13'),
  (5384, 'Bhadrawati HVDC-Ramagundam-1@Bhadrawati HVDC', 'NA', -1, -1, -1, 11, 4, 1, '2017-05-01 12:14:13', '2017-05-01 12:14:13'),
  (5387, 'Bhadrawati HVDC-Ramagundam-2@Bhadrawati HVDC', 'NA', -1, -1, -1, 11, 4, 1, '2017-05-01 12:14:13', '2017-05-01 12:14:13'),
  (5390, 'Bhilai-Seoni-1@Bhilai', 'NA', -1, -1, -1, 11, 4, 1, '2017-05-01 12:14:14', '2017-05-01 12:14:14'),
  (5393, 'Bhilai-Bhatapara-1@Bhatapara', 'NA', -1, -1, -1, 11, 4, 1, '2017-05-01 12:14:14', '2017-05-01 12:14:14'),
  (5396, 'Bhopal-MP-Bina-MP-1@Bina-MP', 'NA', -1, -1, -1, 11, 4, 1, '2017-05-01 12:14:14', '2017-05-01 12:14:14'),
  (5399, 'Bhopal-MP-Bina-MP-2@Bina-MP', 'NA', -1, -1, -1, 11, 4, 1, '2017-05-01 12:14:14', '2017-05-01 12:14:14'),
  (5402, 'Bhopal-MP-Damoh-1@Bhopal-MP', 'NA', -1, -1, -1, 11, 4, 1, '2017-05-01 12:14:14', '2017-05-01 12:14:14'),
  (5405, 'Bhopal-MP-Damoh-2@Bhopal-MP', 'NA', -1, -1, -1, 11, 4, 1, '2017-05-01 12:14:14', '2017-05-01 12:14:14'),
  (5408, 'Bhusawal (Khadka)-Aurangabad-M(Waluj)-1@Aurangabad-M(Waluj)', 'NA', -1, -1, -1, 11, 4, 1, '2017-05-01 12:14:14', '2017-05-01 12:14:14'),
  (5411, 'Bhusawal (Khadka)-Akola-1@Bhusawal (Khadka)', 'NA', -1, -1, -1, 11, 4, 1, '2017-05-01 12:14:14', '2017-05-01 12:14:14'),
  (5414, 'Bina-PG-Shujalpur-1@Bina-PG', 'NA', -1, -1, -1, 11, 4, 1, '2017-05-01 12:14:14', '2017-05-01 12:14:14'),
  (5417, 'Bina-PG-Shujalpur-1@Shujalpur', 'NA', -1, -1, -1, 11, 4, 1, '2017-05-01 12:14:14', '2017-05-01 12:14:14'),
  (5420, 'Bina-PG-Shujalpur-2@Bina-PG', 'NA', -1, -1, -1, 11, 4, 1, '2017-05-01 12:14:15', '2017-05-01 12:14:15'),
  (5423, 'Bina-PG-Shujalpur-2@Shujalpur', 'NA', -1, -1, -1, 11, 4, 1, '2017-05-01 12:14:15', '2017-05-01 12:14:15'),
  (5426, 'Bina-PG-Bina-NTS-1@Bina-PG', 'NA', -1, -1, -1, 11, 4, 1, '2017-05-01 12:14:15', '2017-05-01 12:14:15'),
  (5429, 'Birsingpur-Katni-2@Birsingpur', 'NA', -1, -1, -1, 11, 4, 1, '2017-05-01 12:14:15', '2017-05-01 12:14:15'),
  (5432, 'Birsingpur-Vandana-1@Vandana', 'NA', -1, -1, -1, 11, 4, 1, '2017-05-01 12:14:15', '2017-05-01 12:14:15'),
  (5435, 'CGPL-Chorania-1@CGPL', 'NA', -1, -1, -1, 11, 4, 1, '2017-05-01 12:14:15', '2017-05-01 12:14:15'),
  (5438, 'CGPL-Chorania-1@Chorania', 'NA', -1, -1, -1, 11, 4, 1, '2017-05-01 12:14:16', '2017-05-01 12:14:16'),
  (5441, 'CGPL-Mansar-1@CGPL', 'NA', -1, -1, -1, 11, 4, 1, '2017-05-01 12:14:16', '2017-05-01 12:14:16'),
  (5444, 'CGPL-Jetpur-1@CGPL', 'NA', -1, -1, -1, 11, 4, 1, '2017-05-01 12:14:16', '2017-05-01 12:14:16'),
  (5447, 'CGPL-Jetpur-1@Jetpur', 'NA', -1, -1, -1, 11, 4, 1, '2017-05-01 12:14:16', '2017-05-01 12:14:16'),
  (5450, 'CGPL-Jetpur-2@CGPL', 'NA', -1, -1, -1, 11, 4, 1, '2017-05-01 12:14:16', '2017-05-01 12:14:16'),
  (5453, 'CGPL-Jetpur-2@Jetpur', 'NA', -1, -1, -1, 11, 4, 1, '2017-05-01 12:14:16', '2017-05-01 12:14:16'),
  (5456, 'Chandrapur-Chandrapur-II-1@Chandrapur', 'NA', -1, -1, -1, 11, 4, 1, '2017-05-01 12:14:16', '2017-05-01 12:14:16'),
  (5459, 'Chandrapur-Chandrapur-II-2@Chandrapur', 'NA', -1, -1, -1, 11, 4, 1, '2017-05-01 12:14:16', '2017-05-01 12:14:16'),
  (5462, 'Chandrapur-Parli-M-3@Chandrapur', 'NA', -1, -1, -1, 11, 4, 1, '2017-05-01 12:14:16', '2017-05-01 12:14:16'),
  (5465, 'Chandrapur-Parli-M-3@Parli-M', 'NA', -1, -1, -1, 11, 4, 1, '2017-05-01 12:14:16', '2017-05-01 12:14:16'),
  (5468, 'Chorania-Kosamba-1@Chorania', 'NA', -1, -1, -1, 11, 4, 1, '2017-05-01 12:14:16', '2017-05-01 12:14:16'),
  (5471, 'Chorania-Kosamba-1@Kosamba', 'NA', -1, -1, -1, 11, 4, 1, '2017-05-01 12:14:17', '2017-05-01 12:14:17'),
  (5474, 'Chorania-Kosamba-2@Chorania', 'NA', -1, -1, -1, 11, 4, 1, '2017-05-01 12:14:17', '2017-05-01 12:14:17'),
  (5477, 'Chorania-Kosamba-2@Kosamba', 'NA', -1, -1, -1, 11, 4, 1, '2017-05-01 12:14:17', '2017-05-01 12:14:17'),
  (5480, 'Damoh-Birsingpur-1@Damoh', 'NA', -1, -1, -1, 11, 4, 1, '2017-05-01 12:14:17', '2017-05-01 12:14:17'),
  (5483, 'Damoh-Birsingpur-2@Damoh', 'NA', -1, -1, -1, 11, 4, 1, '2017-05-01 12:14:17', '2017-05-01 12:14:17'),
  (5486, 'Damoh-Katni-1@Damoh', 'NA', -1, -1, -1, 11, 4, 1, '2017-05-01 12:14:17', '2017-05-01 12:14:17'),
  (5489, 'Dhariwal-Parli-PG-1@Parli-PG', 'NA', -1, -1, -1, 11, 4, 1, '2017-05-01 12:14:17', '2017-05-01 12:14:17'),
  (5492, 'Gandhar-Sugen-1@Gandhar', 'NA', -1, -1, -1, 11, 4, 1, '2017-05-01 12:14:17', '2017-05-01 12:14:17'),
  (5495, 'Indira Sagar-Indore-MP-2@Indore-MP', 'NA', -1, -1, -1, 11, 4, 1, '2017-05-01 12:14:17', '2017-05-01 12:14:17'),
  (5498, 'Indore-MP-Asoj-1@Indore-MP', 'NA', -1, -1, -1, 11, 4, 1, '2017-05-01 12:14:17', '2017-05-01 12:14:17'),
  (5501, 'Indore-MP-Asoj-1@Asoj', 'NA', -1, -1, -1, 11, 4, 1, '2017-05-01 12:14:18', '2017-05-01 12:14:18'),
  (5504, 'Indore-MP-Asoj-2@Indore-MP', 'NA', -1, -1, -1, 11, 4, 1, '2017-05-01 12:14:18', '2017-05-01 12:14:18'),
  (5507, 'Indore-MP-Asoj-2@Asoj', 'NA', -1, -1, -1, 11, 4, 1, '2017-05-01 12:14:18', '2017-05-01 12:14:18'),
  (5510, 'Itarsi-Indore-MP-1@Itarsi', 'NA', -1, -1, -1, 11, 4, 1, '2017-05-01 12:14:18', '2017-05-01 12:14:18'),
  (5513, 'Itarsi-Indore-MP-1@Indore-MP', 'NA', -1, -1, -1, 11, 4, 1, '2017-05-01 12:14:18', '2017-05-01 12:14:18'),
  (5516, 'Itarsi-Indore-MP-2@Itarsi', 'NA', -1, -1, -1, 11, 4, 1, '2017-05-01 12:14:18', '2017-05-01 12:14:18'),
  (5519, 'Itarsi-Indore-MP-2@Indore-MP', 'NA', -1, -1, -1, 11, 4, 1, '2017-05-01 12:14:18', '2017-05-01 12:14:18'),
  (5522, 'Itarsi-Khandwa-1@Itarsi', 'NA', -1, -1, -1, 11, 4, 1, '2017-05-01 12:14:18', '2017-05-01 12:14:18'),
  (5525, 'Itarsi-Khandwa-2@Itarsi', 'NA', -1, -1, -1, 11, 4, 1, '2017-05-01 12:14:18', '2017-05-01 12:14:18'),
  (5528, 'Jabalpur-Itarsi-1@Jabalpur', 'NA', -1, -1, -1, 11, 4, 1, '2017-05-01 12:14:18', '2017-05-01 12:14:18'),
  (5531, 'Jabalpur-Itarsi-1@Itarsi', 'NA', -1, -1, -1, 11, 4, 1, '2017-05-01 12:14:19', '2017-05-01 12:14:19'),
  (5534, 'Jabalpur-Itarsi-2@Jabalpur', 'NA', -1, -1, -1, 11, 4, 1, '2017-05-01 12:14:19', '2017-05-01 12:14:19'),
  (5537, 'Jabalpur-Itarsi-2@Itarsi', 'NA', -1, -1, -1, 11, 4, 1, '2017-05-01 12:14:19', '2017-05-01 12:14:19'),
  (5540, 'Jabalpur-Itarsi-3@Jabalpur', 'NA', -1, -1, -1, 11, 4, 1, '2017-05-01 12:14:19', '2017-05-01 12:14:19'),
  (5543, 'Jabalpur-Itarsi-3@Itarsi', 'NA', -1, -1, -1, 11, 4, 1, '2017-05-01 12:14:19', '2017-05-01 12:14:19'),
  (5546, 'Jabalpur-Itarsi-4@Jabalpur', 'NA', -1, -1, -1, 11, 4, 1, '2017-05-01 12:14:19', '2017-05-01 12:14:19'),
  (5549, 'Jabalpur-Itarsi-4@Itarsi', 'NA', -1, -1, -1, 11, 4, 1, '2017-05-01 12:14:19', '2017-05-01 12:14:19'),
  (5552, 'Jabalpur-Sasan-1@Jabalpur', 'NA', -1, -1, -1, 11, 4, 1, '2017-05-01 12:14:19', '2017-05-01 12:14:19'),
  (5555, 'Jabalpur-Sasan-1@Sasan', 'NA', -1, -1, -1, 11, 4, 1, '2017-05-01 12:14:20', '2017-05-01 12:14:20'),
  (5558, 'Jabalpur (PS)-MB Power-1@Jabalpur (PS)', 'NA', -1, -1, -1, 11, 4, 1, '2017-05-01 12:14:20', '2017-05-01 12:14:20'),
  (5561, 'Jabalpur (PS)-MB Power-2@Jabalpur (PS)', 'NA', -1, -1, -1, 11, 4, 1, '2017-05-01 12:14:20', '2017-05-01 12:14:20'),
  (5564, 'JPL-Raipur-1@Raipur', 'NA', -1, -1, -1, 11, 4, 1, '2017-05-01 12:14:20', '2017-05-01 12:14:20'),
  (5567, 'JPL-Raipur-2@Raipur', 'NA', -1, -1, -1, 11, 4, 1, '2017-05-01 12:14:20', '2017-05-01 12:14:20'),
  (5570, 'Karad-Solapur-PG-1@Karad', 'NA', -1, -1, -1, 11, 4, 1, '2017-05-01 12:14:20', '2017-05-01 12:14:20'),
  (5573, 'Karad-Solapur-PG-1@Solapur-PG', 'NA', -1, -1, -1, 11, 4, 1, '2017-05-01 12:14:21', '2017-05-01 12:14:21'),
  (5576, 'Karad-Lonikhand-1@Karad', 'NA', -1, -1, -1, 11, 4, 1, '2017-05-01 12:14:21', '2017-05-01 12:14:21'),
  (5579, 'Khandwa-Dhule-MS-1@Khandwa', 'NA', -1, -1, -1, 11, 4, 1, '2017-05-01 12:14:21', '2017-05-01 12:14:21'),
  (5582, 'Khandwa-Dhule-MS-1@Dhule-MS', 'NA', -1, -1, -1, 11, 4, 1, '2017-05-01 12:14:21', '2017-05-01 12:14:21'),
  (5585, 'Khandwa-Dhule-MS-2@Khandwa', 'NA', -1, -1, -1, 11, 4, 1, '2017-05-01 12:14:21', '2017-05-01 12:14:21'),
  (5588, 'Khandwa-Dhule-MS-2@Dhule-MS', 'NA', -1, -1, -1, 11, 4, 1, '2017-05-01 12:14:21', '2017-05-01 12:14:21'),
  (5591, 'Kolhapur-Solapur-PG-1@Solapur-PG', 'NA', -1, -1, -1, 11, 4, 1, '2017-05-01 12:14:21', '2017-05-01 12:14:21'),
  (5594, 'Kolhapur-Solapur-PG-2@Solapur-PG', 'NA', -1, -1, -1, 11, 4, 1, '2017-05-01 12:14:21', '2017-05-01 12:14:21'),
  (5597, 'Koradi-Bhusawal (Khadka)-2@Koradi', 'NA', -1, -1, -1, 11, 4, 1, '2017-05-01 12:14:22', '2017-05-01 12:14:22'),
  (5600, 'Koradi-Bhusawal (Khadka)-2@Bhusawal (Khadka)', 'NA', -1, -1, -1, 11, 4, 1, '2017-05-01 12:14:22', '2017-05-01 12:14:22'),
  (5603, 'Koradi-Satpura-1@Satpura', 'NA', -1, -1, -1, 11, 4, 1, '2017-05-01 12:14:22', '2017-05-01 12:14:22'),
  (5606, 'Koradi-Bhilai-1@Koradi', 'NA', -1, -1, -1, 11, 4, 1, '2017-05-01 12:14:22', '2017-05-01 12:14:22'),
  (5609, 'Koradi-Bhilai-1@Bhilai', 'NA', -1, -1, -1, 11, 4, 1, '2017-05-01 12:14:22', '2017-05-01 12:14:22'),
  (5612, 'Korba (W)-Ext-Bhilai-1@Bhilai', 'NA', -1, -1, -1, 11, 4, 1, '2017-05-01 12:14:22', '2017-05-01 12:14:22'),
  (5615, 'Korba-NTPC-Bhilai-1@Bhilai', 'NA', -1, -1, -1, 11, 4, 1, '2017-05-01 12:14:22', '2017-05-01 12:14:22'),
  (5618, 'Korba-NTPC-Bhilai-2@Bhilai', 'NA', -1, -1, -1, 11, 4, 1, '2017-05-01 12:14:22', '2017-05-01 12:14:22'),
  (5621, 'Korba-NTPC-Raipur-1@Raipur', 'NA', -1, -1, -1, 11, 4, 1, '2017-05-01 12:14:22', '2017-05-01 12:14:22'),
  (5624, 'Korba-NTPC-Raipur-2@Raipur', 'NA', -1, -1, -1, 11, 4, 1, '2017-05-01 12:14:22', '2017-05-01 12:14:22'),
  (5627, 'Korba-NTPC-Vindhyachal-2@Vindhyachal', 'NA', -1, -1, -1, 11, 4, 1, '2017-05-01 12:14:23', '2017-05-01 12:14:23'),
  (5630, 'Korba-NTPC-Birsingpur-2@Korba-NTPC', 'NA', -1, -1, -1, 11, 4, 1, '2017-05-01 12:14:23', '2017-05-01 12:14:23'),
  (5633, 'Korba-NTPC-Birsingpur-2@Birsingpur', 'NA', -1, -1, -1, 11, 4, 1, '2017-05-01 12:14:23', '2017-05-01 12:14:23'),
  (5636, 'Korba-NTPC-Vandana-1@Korba-NTPC', 'NA', -1, -1, -1, 11, 4, 1, '2017-05-01 12:14:23', '2017-05-01 12:14:23'),
  (5639, 'KSK Mahanadi-Raipur-1@Raipur', 'NA', -1, -1, -1, 11, 4, 1, '2017-05-01 12:14:23', '2017-05-01 12:14:23'),
  (5642, 'KSK Mahanadi-Raipur-2@Raipur', 'NA', -1, -1, -1, 11, 4, 1, '2017-05-01 12:14:23', '2017-05-01 12:14:23'),
  (5645, 'Lonikhand-Chakan-1@Lonikhand', 'NA', -1, -1, -1, 11, 4, 1, '2017-05-01 12:14:23', '2017-05-01 12:14:23'),
  (5648, 'Mansar-Chorania-1@Chorania', 'NA', -1, -1, -1, 11, 4, 1, '2017-05-01 12:14:23', '2017-05-01 12:14:23'),
  (5651, 'Nagda-Dehgam-1@Nagda', 'NA', -1, -1, -1, 11, 4, 1, '2017-05-01 12:14:23', '2017-05-01 12:14:23'),
  (5654, 'Nagda-Dehgam-1@Dehgam', 'NA', -1, -1, -1, 11, 4, 1, '2017-05-01 12:14:23', '2017-05-01 12:14:23'),
  (5657, 'Nagda-Dehgam-2@Nagda', 'NA', -1, -1, -1, 11, 4, 1, '2017-05-01 12:14:23', '2017-05-01 12:14:23'),
  (5660, 'Nagda-Dehgam-2@Dehgam', 'NA', -1, -1, -1, 11, 4, 1, '2017-05-01 12:14:24', '2017-05-01 12:14:24'),
  (5663, 'Nagda-Shujalpur-1@Shujalpur', 'NA', -1, -1, -1, 11, 4, 1, '2017-05-01 12:14:24', '2017-05-01 12:14:24'),
  (5666, 'Nagda-Shujalpur-2@Shujalpur', 'NA', -1, -1, -1, 11, 4, 1, '2017-05-01 12:14:24', '2017-05-01 12:14:24'),
  (5669, 'Padghe-Boisar-1@Padghe', 'NA', -1, -1, -1, 11, 4, 1, '2017-05-01 12:14:24', '2017-05-01 12:14:24'),
  (5672, 'Parli-M-Lonikhand-II-1@Parli-M', 'NA', -1, -1, -1, 11, 4, 1, '2017-05-01 12:14:24', '2017-05-01 12:14:24'),
  (5675, 'Parli-M-Lonikhand-II-1@Lonikhand-II', 'NA', -1, -1, -1, 11, 4, 1, '2017-05-01 12:14:24', '2017-05-01 12:14:24'),
  (5678, 'Parli-M-Lonikhand-II-2@Parli-M', 'NA', -1, -1, -1, 11, 4, 1, '2017-05-01 12:14:24', '2017-05-01 12:14:24'),
  (5681, 'Parli-M-Lonikhand-II-2@Lonikhand-II', 'NA', -1, -1, -1, 11, 4, 1, '2017-05-01 12:14:24', '2017-05-01 12:14:24'),
  (5684, 'Parli-M-Sholapur-M-1@Parli-M', 'NA', -1, -1, -1, 11, 4, 1, '2017-05-01 12:14:25', '2017-05-01 12:14:25'),
  (5687, 'Parli-M-Chandrapur-II-1@Parli-M', 'NA', -1, -1, -1, 11, 4, 1, '2017-05-01 12:14:25', '2017-05-01 12:14:25'),
  (5690, 'Parli-M-Nanded-1@Parli-M', 'NA', -1, -1, -1, 11, 4, 1, '2017-05-01 12:14:25', '2017-05-01 12:14:25'),
  (5693, 'Parli-PG-Pune-PG(Shikrapur)-1@Parli-PG', 'NA', -1, -1, -1, 11, 4, 1, '2017-05-01 12:14:25', '2017-05-01 12:14:25'),
  (5696, 'Parli-PG-Pune-PG(Shikrapur)-1@Pune-PG(Shikrapur)', 'NA', -1, -1, -1, 11, 4, 1, '2017-05-01 12:14:25', '2017-05-01 12:14:25'),
  (5699, 'Parli-PG-Pune-PG(Shikrapur)-2@Parli-PG', 'NA', -1, -1, -1, 11, 4, 1, '2017-05-01 12:14:25', '2017-05-01 12:14:25'),
  (5702, 'Parli-PG-Pune-PG(Shikrapur)-2@Pune-PG(Shikrapur)', 'NA', -1, -1, -1, 11, 4, 1, '2017-05-01 12:14:25', '2017-05-01 12:14:25'),
  (5705, 'Pune-PG(Shikrapur)-Pune-PG-1@Pune-PG', 'NA', -1, -1, -1, 11, 4, 1, '2017-05-01 12:14:25', '2017-05-01 12:14:25'),
  (5708, 'Pune-PG(Shikrapur)-Pune-PG-2@Pune-PG', 'NA', -1, -1, -1, 11, 4, 1, '2017-05-01 12:14:25', '2017-05-01 12:14:25'),
  (5711, 'Pune-PG(Shikrapur)-Pune-PG-3@Pune-PG', 'NA', -1, -1, -1, 11, 4, 1, '2017-05-01 12:14:26', '2017-05-01 12:14:26'),
  (5714, 'Pune-PG(Shikrapur)-Pune-PG-4@Pune-PG', 'NA', -1, -1, -1, 11, 4, 1, '2017-05-01 12:14:26', '2017-05-01 12:14:26'),
  (5717, 'Raigarh-Raipur-1@Raipur', 'NA', -1, -1, -1, 11, 4, 1, '2017-05-01 12:14:26', '2017-05-01 12:14:26'),
  (5720, 'Raigarh-Raipur-2@Raipur', 'NA', -1, -1, -1, 11, 4, 1, '2017-05-01 12:14:26', '2017-05-01 12:14:26'),
  (5723, 'Raipur-Wardha-1@Raipur', 'NA', -1, -1, -1, 11, 4, 1, '2017-05-01 12:14:26', '2017-05-01 12:14:26'),
  (5726, 'Raipur-Wardha-1@Wardha', 'NA', -1, -1, -1, 11, 4, 1, '2017-05-01 12:14:26', '2017-05-01 12:14:26'),
  (5729, 'Raipur-Wardha-2@Raipur', 'NA', -1, -1, -1, 11, 4, 1, '2017-05-01 12:14:26', '2017-05-01 12:14:26'),
  (5732, 'Raipur-Wardha-2@Wardha', 'NA', -1, -1, -1, 11, 4, 1, '2017-05-01 12:14:27', '2017-05-01 12:14:27'),
  (5735, 'Rajgarh-Nagda-1@Nagda', 'NA', -1, -1, -1, 11, 4, 1, '2017-05-01 12:14:28', '2017-05-01 12:14:28'),
  (5738, 'Rajgarh-Nagda-2@Nagda', 'NA', -1, -1, -1, 11, 4, 1, '2017-05-01 12:14:28', '2017-05-01 12:14:28'),
  (5741, 'Rajgarh-Kasor-1@Kasor', 'NA', -1, -1, -1, 11, 4, 1, '2017-05-01 12:14:28', '2017-05-01 12:14:28'),
  (5744, 'Rajgarh-Kasor-2@Kasor', 'NA', -1, -1, -1, 11, 4, 1, '2017-05-01 12:14:29', '2017-05-01 12:14:29'),
  (5747, 'Satna-Bina-PG-1@Satna', 'NA', -1, -1, -1, 11, 4, 1, '2017-05-01 12:14:29', '2017-05-01 12:14:29'),
  (5750, 'Satna-Bina-PG-1@Bina-PG', 'NA', -1, -1, -1, 11, 4, 1, '2017-05-01 12:14:29', '2017-05-01 12:14:29'),
  (5753, 'Satna-Bina-PG-2@Satna', 'NA', -1, -1, -1, 11, 4, 1, '2017-05-01 12:14:29', '2017-05-01 12:14:29'),
  (5756, 'Satna-Bina-PG-2@Bina-PG', 'NA', -1, -1, -1, 11, 4, 1, '2017-05-01 12:14:29', '2017-05-01 12:14:29'),
  (5759, 'Satna-Bina-NTS-3@Satna', 'NA', -1, -1, -1, 11, 4, 1, '2017-05-01 12:14:29', '2017-05-01 12:14:29'),
  (5762, 'Satna-Bina-PG-4@Satna', 'NA', -1, -1, -1, 11, 4, 1, '2017-05-01 12:14:29', '2017-05-01 12:14:29'),
  (5765, 'Satna-Bina-PG-4@Bina-PG', 'NA', -1, -1, -1, 11, 4, 1, '2017-05-01 12:14:29', '2017-05-01 12:14:29'),
  (5768, 'Seoni-Satpura-1@Seoni', 'NA', -1, -1, -1, 11, 4, 1, '2017-05-01 12:14:30', '2017-05-01 12:14:30'),
  (5771, 'Seoni-Khandwa-1@Seoni', 'NA', -1, -1, -1, 11, 4, 1, '2017-05-01 12:14:30', '2017-05-01 12:14:30'),
  (5774, 'Seoni-Khandwa-1@Khandwa', 'NA', -1, -1, -1, 11, 4, 1, '2017-05-01 12:14:30', '2017-05-01 12:14:30'),
  (5777, 'Seoni-Khandwa-2@Seoni', 'NA', -1, -1, -1, 11, 4, 1, '2017-05-01 12:14:30', '2017-05-01 12:14:30'),
  (5780, 'Seoni-Khandwa-2@Khandwa', 'NA', -1, -1, -1, 11, 4, 1, '2017-05-01 12:14:30', '2017-05-01 12:14:30'),
  (5783, 'Shujalpur-RAPP-1@Shujalpur', 'NA', -1, -1, -1, 11, 4, 1, '2017-05-01 12:14:30', '2017-05-01 12:14:30'),
  (5786, 'Shujalpur-RAPP-2@Shujalpur', 'NA', -1, -1, -1, 11, 4, 1, '2017-05-01 12:14:30', '2017-05-01 12:14:30'),
  (5789, 'Sipat-Ranchi-1@Sipat', 'NA', -1, -1, -1, 11, 4, 1, '2017-05-01 12:14:30', '2017-05-01 12:14:30'),
  (5792, 'Sipat-Ranchi-2@Sipat', 'NA', -1, -1, -1, 11, 4, 1, '2017-05-01 12:14:30', '2017-05-01 12:14:30'),
  (5795, 'SSP-Dhule-MS-1@Dhule-MS', 'NA', -1, -1, -1, 11, 4, 1, '2017-05-01 12:14:31', '2017-05-01 12:14:31'),
  (5798, 'SSP-Dhule-MS-2@Dhule-MS', 'NA', -1, -1, -1, 11, 4, 1, '2017-05-01 12:14:31', '2017-05-01 12:14:31'),
  (5801, 'Sugen-Pirana-T-1@Pirana-T', 'NA', -1, -1, -1, 11, 4, 1, '2017-05-01 12:14:31', '2017-05-01 12:14:31'),
  (5804, 'Uno-Sugen-Pirana-T-1@Pirana-T', 'NA', -1, -1, -1, 11, 4, 1, '2017-05-01 12:14:31', '2017-05-01 12:14:31'),
  (5807, 'Vadinar-Bachau-1@Bachau', 'NA', -1, -1, -1, 11, 4, 1, '2017-05-01 12:14:31', '2017-05-01 12:14:31'),
  (5810, 'Vadinar-Bachau-2@Bachau', 'NA', -1, -1, -1, 11, 4, 1, '2017-05-01 12:14:31', '2017-05-01 12:14:31'),
  (5813, 'Vindhyachal-Jabalpur-1@Vindhyachal', 'NA', -1, -1, -1, 11, 4, 1, '2017-05-01 12:14:31', '2017-05-01 12:14:31'),
  (5816, 'Vindhyachal-Jabalpur-1@Jabalpur', 'NA', -1, -1, -1, 11, 4, 1, '2017-05-01 12:14:31', '2017-05-01 12:14:31'),
  (5819, 'Vindhyachal-Jabalpur-2@Vindhyachal', 'NA', -1, -1, -1, 11, 4, 1, '2017-05-01 12:14:32', '2017-05-01 12:14:32'),
  (5822, 'Vindhyachal-Jabalpur-2@Jabalpur', 'NA', -1, -1, -1, 11, 4, 1, '2017-05-01 12:14:32', '2017-05-01 12:14:32'),
  (5825, 'Vindhyachal-Jabalpur-4@Vindhyachal', 'NA', -1, -1, -1, 11, 4, 1, '2017-05-01 12:14:32', '2017-05-01 12:14:32'),
  (5828, 'Vindhyachal-Jabalpur-4@Jabalpur', 'NA', -1, -1, -1, 11, 4, 1, '2017-05-01 12:14:32', '2017-05-01 12:14:32'),
  (5831, 'Vindhyachal-Satna-1@Vindhyachal', 'NA', -1, -1, -1, 11, 4, 1, '2017-05-01 12:14:32', '2017-05-01 12:14:32'),
  (5834, 'Vindhyachal-Satna-1@Satna', 'NA', -1, -1, -1, 11, 4, 1, '2017-05-01 12:14:32', '2017-05-01 12:14:32'),
  (5837, 'Vindhyachal-Satna-2@Vindhyachal', 'NA', -1, -1, -1, 11, 4, 1, '2017-05-01 12:14:32', '2017-05-01 12:14:32'),
  (5840, 'Vindhyachal-Satna-2@Satna', 'NA', -1, -1, -1, 11, 4, 1, '2017-05-01 12:14:32', '2017-05-01 12:14:32'),
  (5843, 'Vindhyachal-Satna-3@Vindhyachal', 'NA', -1, -1, -1, 11, 4, 1, '2017-05-01 12:14:32', '2017-05-01 12:14:32'),
  (5846, 'Vindhyachal-Satna-3@Satna', 'NA', -1, -1, -1, 11, 4, 1, '2017-05-01 12:14:33', '2017-05-01 12:14:33'),
  (5849, 'Vindhyachal-Satna-4@Vindhyachal', 'NA', -1, -1, -1, 11, 4, 1, '2017-05-01 12:14:33', '2017-05-01 12:14:33'),
  (5852, 'Vindhyachal-Satna-4@Satna', 'NA', -1, -1, -1, 11, 4, 1, '2017-05-01 12:14:33', '2017-05-01 12:14:33'),
  (5855, 'Vindhyachal-Sasan-3@Vindhyachal', 'NA', -1, -1, -1, 11, 4, 1, '2017-05-01 12:14:33', '2017-05-01 12:14:33'),
  (5858, 'Vindhyachal-Essar_Mahan-1@Vindhyachal', 'NA', -1, -1, -1, 11, 4, 1, '2017-05-01 12:14:33', '2017-05-01 12:14:33'),
  (5861, 'Wardha-Parli-PG-1@Wardha', 'NA', -1, -1, -1, 11, 4, 1, '2017-05-01 12:14:33', '2017-05-01 12:14:33'),
  (5864, 'Wardha-Parli-PG-1@Parli-PG', 'NA', -1, -1, -1, 11, 4, 1, '2017-05-01 12:14:33', '2017-05-01 12:14:33'),
  (5867, 'Wardha-Parli-PG-2@Wardha', 'NA', -1, -1, -1, 11, 4, 1, '2017-05-01 12:14:33', '2017-05-01 12:14:33'),
  (5870, 'Wardha-Parli-PG-2@Parli-PG', 'NA', -1, -1, -1, 11, 4, 1, '2017-05-01 12:14:33', '2017-05-01 12:14:33'),
  (5873, 'Zerda(Kansari)-Bhinmal-1@Zerda(Kansari)', 'NA', -1, -1, -1, 11, 4, 1, '2017-05-01 12:14:34', '2017-05-01 12:14:34'),
  (5876, 'Zerda(Kansari)-Bhinmal-1@Bhinmal', 'NA', -1, -1, -1, 11, 4, 1, '2017-05-01 12:14:34', '2017-05-01 12:14:34'),
  (5879, 'Zerda(Kansari)-Kankroli-1@Zerda(Kansari)', 'NA', -1, -1, -1, 11, 4, 1, '2017-05-01 12:14:34', '2017-05-01 12:14:34'),
  (5882, 'Zerda(Kansari)-Varsana-1@Zerda(Kansari)', 'NA', -1, -1, -1, 11, 4, 1, '2017-05-01 12:14:34', '2017-05-01 12:14:34'),
  (5885, 'Akola(2)-Ektuni (Aurangabad(3))-2@Akola(2)', 'NA', -1, -1, -1, 11, 1, 1, '2017-05-01 12:14:34', '2017-05-01 12:14:34'),
  (5888, 'Akola(2)-Ektuni (Aurangabad(3))-2@Ektuni (Aurangabad(3))', 'NA', -1, -1, -1, 11, 1, 1, '2017-05-01 12:14:34', '2017-05-01 12:14:34'),
  (5891, 'Akola(2)-Ektuni (Aurangabad(3))-1@Akola(2)', 'NA', -1, -1, -1, 11, 1, 1, '2017-05-01 12:14:34', '2017-05-01 12:14:34'),
  (5894, 'Akola(2)-Ektuni (Aurangabad(3))-1@Ektuni (Aurangabad(3))', 'NA', -1, -1, -1, 11, 1, 1, '2017-05-01 12:14:34', '2017-05-01 12:14:34'),
  (5897, 'Aurangabad-PG-Wardha-1@Aurangabad-PG', 'NA', -1, -1, -1, 11, 1, 1, '2017-05-01 12:14:35', '2017-05-01 12:14:35'),
  (5900, 'Aurangabad-PG-Wardha-1@Wardha', 'NA', -1, -1, -1, 11, 1, 1, '2017-05-01 12:14:35', '2017-05-01 12:14:35'),
  (5903, 'Aurangabad-PG-Wardha-2@Aurangabad-PG', 'NA', -1, -1, -1, 11, 1, 1, '2017-05-01 12:14:35', '2017-05-01 12:14:35'),
  (5906, 'Aurangabad-PG-Wardha-2@Wardha', 'NA', -1, -1, -1, 11, 1, 1, '2017-05-01 12:14:35', '2017-05-01 12:14:35'),
  (5909, 'Aurangabad-PG-Wardha-3@Aurangabad-PG', 'NA', -1, -1, -1, 11, 1, 1, '2017-05-01 12:14:35', '2017-05-01 12:14:35'),
  (5912, 'Aurangabad-PG-Wardha-3@Wardha', 'NA', -1, -1, -1, 11, 1, 1, '2017-05-01 12:14:35', '2017-05-01 12:14:35'),
  (5915, 'Aurangabad-PG-Wardha-4@Aurangabad-PG', 'NA', -1, -1, -1, 11, 1, 1, '2017-05-01 12:14:35', '2017-05-01 12:14:35'),
  (5918, 'Aurangabad-PG-Wardha-4@Wardha', 'NA', -1, -1, -1, 11, 1, 1, '2017-05-01 12:14:35', '2017-05-01 12:14:35'),
  (5921, 'Aurangabad-PG-Solapur-PG-1@Aurangabad-PG', 'NA', -1, -1, -1, 11, 1, 1, '2017-05-01 12:14:36', '2017-05-01 12:14:36'),
  (5924, 'Aurangabad-PG-Solapur-PG-1@Solapur-PG', 'NA', -1, -1, -1, 11, 1, 1, '2017-05-01 12:14:36', '2017-05-01 12:14:36'),
  (5927, 'Aurangabad-PG-Solapur-PG-2@Aurangabad-PG', 'NA', -1, -1, -1, 11, 1, 1, '2017-05-01 12:14:36', '2017-05-01 12:14:36'),
  (5930, 'Aurangabad-PG-Solapur-PG-2@Solapur-PG', 'NA', -1, -1, -1, 11, 1, 1, '2017-05-01 12:14:36', '2017-05-01 12:14:36'),
  (5933, 'Bhopal-BDTCL-Indore-PG-1@Bhopal-BDTCL', 'NA', -1, -1, -1, 11, 1, 1, '2017-05-01 12:14:36', '2017-05-01 12:14:36'),
  (5936, 'Bhopal-BDTCL-Indore-PG-1@Indore-PG', 'NA', -1, -1, -1, 11, 1, 1, '2017-05-01 12:14:36', '2017-05-01 12:14:36'),
  (5939, 'Bilaspur-Seoni-1@Bilaspur', 'NA', -1, -1, -1, 11, 1, 1, '2017-05-01 12:14:36', '2017-05-01 12:14:36'),
  (5942, 'Bilaspur-Seoni-1@Seoni', 'NA', -1, -1, -1, 11, 1, 1, '2017-05-01 12:14:36', '2017-05-01 12:14:36'),
  (5945, 'Bilaspur-Seoni-2@Bilaspur', 'NA', -1, -1, -1, 11, 1, 1, '2017-05-01 12:14:36', '2017-05-01 12:14:36'),
  (5948, 'Bilaspur-Seoni-2@Seoni', 'NA', -1, -1, -1, 11, 1, 1, '2017-05-01 12:14:37', '2017-05-01 12:14:37'),
  (5951, 'Bilaspur-Dharamjaygarh-1@Bilaspur', 'NA', -1, -1, -1, 11, 1, 1, '2017-05-01 12:14:37', '2017-05-01 12:14:37'),
  (5954, 'Bina-PG-Gwalior-1@Bina-PG', 'NA', -1, -1, -1, 11, 1, 1, '2017-05-01 12:14:37', '2017-05-01 12:14:37'),
  (5957, 'Bina-PG-Gwalior-1@Gwalior', 'NA', -1, -1, -1, 11, 1, 1, '2017-05-01 12:14:37', '2017-05-01 12:14:37'),
  (5960, 'Bina-PG-Jabalpur-PS-3@Bina-PG', 'NA', -1, -1, -1, 11, 1, 1, '2017-05-01 12:14:37', '2017-05-01 12:14:37'),
  (5963, 'Bina-PG-Jabalpur-PS-3@Jabalpur-PS', 'NA', -1, -1, -1, 11, 1, 1, '2017-05-01 12:14:37', '2017-05-01 12:14:37'),
  (5966, 'Bina-PG-Gwalior-2@Bina-PG', 'NA', -1, -1, -1, 11, 1, 1, '2017-05-01 12:14:37', '2017-05-01 12:14:37'),
  (5969, 'Bina-PG-Gwalior-2@Gwalior', 'NA', -1, -1, -1, 11, 1, 1, '2017-05-01 12:14:37', '2017-05-01 12:14:37'),
  (5972, 'Bina-PG-Gwalior-3@Bina-PG', 'NA', -1, -1, -1, 11, 1, 1, '2017-05-01 12:14:38', '2017-05-01 12:14:38'),
  (5975, 'Bina-PG-Gwalior-3@Gwalior', 'NA', -1, -1, -1, 11, 1, 1, '2017-05-01 12:14:38', '2017-05-01 12:14:38'),
  (5978, 'Bina-PG-Indore-PG-1@Bina-PG', 'NA', -1, -1, -1, 11, 1, 1, '2017-05-01 12:14:38', '2017-05-01 12:14:38'),
  (5981, 'Bina-PG-Indore-PG-1@Indore-PG', 'NA', -1, -1, -1, 11, 1, 1, '2017-05-01 12:14:38', '2017-05-01 12:14:38'),
  (5984, 'Bina-PG-Jabalpur-PS-1@Bina-PG', 'NA', -1, -1, -1, 11, 1, 1, '2017-05-01 12:14:38', '2017-05-01 12:14:38'),
  (5987, 'Bina-PG-Jabalpur-PS-1@Jabalpur-PS', 'NA', -1, -1, -1, 11, 1, 1, '2017-05-01 12:14:38', '2017-05-01 12:14:38'),
  (5990, 'Bina-PG-Jabalpur-PS-2@Bina-PG', 'NA', -1, -1, -1, 11, 1, 1, '2017-05-01 12:14:38', '2017-05-01 12:14:38'),
  (5993, 'Bina-PG-Jabalpur-PS-2@Jabalpur-PS', 'NA', -1, -1, -1, 11, 1, 1, '2017-05-01 12:14:38', '2017-05-01 12:14:38'),
  (5996, 'Dharamjaygarh-Ranchi-1@Dharamjaygarh', 'NA', -1, -1, -1, 11, 1, 1, '2017-05-01 12:14:38', '2017-05-01 12:14:38'),
  (5999, 'Dharamjaygarh-Ranchi-1@Ranchi', 'NA', -1, -1, -1, 11, 1, 1, '2017-05-01 12:14:38', '2017-05-01 12:14:38'),
  (6002, 'Dharamjaygarh-Ranchi-2@Dharamjaygarh', 'NA', -1, -1, -1, 11, 1, 1, '2017-05-01 12:14:38', '2017-05-01 12:14:38'),
  (6005, 'Dharamjaygarh-Ranchi-2@Ranchi', 'NA', -1, -1, -1, 11, 1, 1, '2017-05-01 12:14:39', '2017-05-01 12:14:39'),
  (6008, 'Dharamjaygarh-Raipur-PS(Durg)-2@Dharamjaygarh', 'NA', -1, -1, -1, 11, 1, 1, '2017-05-01 12:14:39', '2017-05-01 12:14:39'),
  (6011, 'Dharamjaygarh-Jharsuguda-1@Dharamjaygarh', 'NA', -1, -1, -1, 11, 1, 1, '2017-05-01 12:14:39', '2017-05-01 12:14:39'),
  (6014, 'Dharamjaygarh-Jharsuguda-2@Dharamjaygarh', 'NA', -1, -1, -1, 11, 1, 1, '2017-05-01 12:14:39', '2017-05-01 12:14:39'),
  (6017, 'Dharamjaygarh-Jabalpur-PS-1@Dharamjaygarh', 'NA', -1, -1, -1, 11, 1, 1, '2017-05-01 12:14:39', '2017-05-01 12:14:39'),
  (6020, 'Dharamjaygarh-Jabalpur-PS-1@Jabalpur-PS', 'NA', -1, -1, -1, 11, 1, 1, '2017-05-01 12:14:39', '2017-05-01 12:14:39'),
  (6023, 'Dharamjaygarh-Jabalpur-PS-2@Dharamjaygarh', 'NA', -1, -1, -1, 11, 1, 1, '2017-05-01 12:14:39', '2017-05-01 12:14:39'),
  (6026, 'Dharamjaygarh-Jabalpur-PS-2@Jabalpur-PS', 'NA', -1, -1, -1, 11, 1, 1, '2017-05-01 12:14:39', '2017-05-01 12:14:39'),
  (6029, 'Dharamjaygarh-Jabalpur-PS-3@Dharamjaygarh', 'NA', -1, -1, -1, 11, 1, 1, '2017-05-01 12:14:39', '2017-05-01 12:14:39'),
  (6032, 'Dharamjaygarh-Jabalpur-PS-3@Jabalpur-PS', 'NA', -1, -1, -1, 11, 1, 1, '2017-05-01 12:14:39', '2017-05-01 12:14:39'),
  (6035, 'Dharamjaygarh-Jabalpur-PS-4@Dharamjaygarh', 'NA', -1, -1, -1, 11, 1, 1, '2017-05-01 12:14:39', '2017-05-01 12:14:39'),
  (6038, 'Dharamjaygarh-Jabalpur-PS-4@Jabalpur-PS', 'NA', -1, -1, -1, 11, 1, 1, '2017-05-01 12:14:40', '2017-05-01 12:14:40'),
  (6041, 'Dhule-BDTCL-Aurangabad-PG-1@Dhule-BDTCL', 'NA', -1, -1, -1, 11, 1, 1, '2017-05-01 12:14:40', '2017-05-01 12:14:40'),
  (6044, 'Gwalior-Jaipur-1@Gwalior', 'NA', -1, -1, -1, 11, 1, 1, '2017-05-01 12:14:40', '2017-05-01 12:14:40'),
  (6047, 'Gwalior-Jaipur-1@Jaipur', 'NA', -1, -1, -1, 11, 1, 1, '2017-05-01 12:14:40', '2017-05-01 12:14:40'),
  (6050, 'Gwalior-Jaipur-2@Gwalior', 'NA', -1, -1, -1, 11, 1, 1, '2017-05-01 12:14:40', '2017-05-01 12:14:40'),
  (6053, 'Gwalior-Jaipur-2@Jaipur', 'NA', -1, -1, -1, 11, 1, 1, '2017-05-01 12:14:40', '2017-05-01 12:14:40'),
  (6056, 'Jabalpur-PS-Bhopal-BDTCL-1@Jabalpur-PS', 'NA', -1, -1, -1, 11, 1, 1, '2017-05-01 12:14:40', '2017-05-01 12:14:40'),
  (6059, 'Jabalpur-PS-Bhopal-BDTCL-1@Bhopal-BDTCL', 'NA', -1, -1, -1, 11, 1, 1, '2017-05-01 12:14:40', '2017-05-01 12:14:40'),
  (6062, 'Koradi(III)-Akola(2)-1@Koradi(III)', 'NA', -1, -1, -1, 11, 1, 1, '2017-05-01 12:14:40', '2017-05-01 12:14:40'),
  (6065, 'Koradi(III)-Akola(2)-1@Akola(2)', 'NA', -1, -1, -1, 11, 1, 1, '2017-05-01 12:14:41', '2017-05-01 12:14:41'),
  (6068, 'Koradi(III)-Akola(2)-2@Koradi(III)', 'NA', -1, -1, -1, 11, 1, 1, '2017-05-01 12:14:41', '2017-05-01 12:14:41'),
  (6071, 'Koradi(III)-Akola(2)-2@Akola(2)', 'NA', -1, -1, -1, 11, 1, 1, '2017-05-01 12:14:41', '2017-05-01 12:14:41'),
  (6074, 'Pune-PG(Shikrapur)-Solapur-PG-1@Pune-PG(Shikrapur)', 'NA', -1, -1, -1, 11, 1, 1, '2017-05-01 12:14:41', '2017-05-01 12:14:41'),
  (6077, 'Pune-PG(Shikrapur)-Solapur-PG-1@Solapur-PG', 'NA', -1, -1, -1, 11, 1, 1, '2017-05-01 12:14:41', '2017-05-01 12:14:41'),
  (6080, 'Raigarh-PS(Kotra)-Raipur-PS(Durg)-1@Raigarh-PS(Kotra)', 'NA', -1, -1, -1, 11, 1, 1, '2017-05-01 12:14:41', '2017-05-01 12:14:41'),
  (6083, 'Raigarh-PS(Kotra)-Raipur-PS(Durg)-1@Raipur-PS(Durg)', 'NA', -1, -1, -1, 11, 1, 1, '2017-05-01 12:14:41', '2017-05-01 12:14:41'),
  (6086, 'Raigarh-PS(Kotra)-Raipur-PS(Durg)-2@Raigarh-PS(Kotra)', 'NA', -1, -1, -1, 11, 1, 1, '2017-05-01 12:14:41', '2017-05-01 12:14:41'),
  (6089, 'Raigarh-PS(Kotra)-Raipur-PS(Durg)-2@Raipur-PS(Durg)', 'NA', -1, -1, -1, 11, 1, 1, '2017-05-01 12:14:41', '2017-05-01 12:14:41'),
  (6092, 'Raipur-PS(Durg)-Champa-1@Raipur-PS(Durg)', 'NA', -1, -1, -1, 11, 1, 1, '2017-05-01 12:14:42', '2017-05-01 12:14:42'),
  (6095, 'Sasan-Satna-1@Sasan', 'NA', -1, -1, -1, 11, 1, 1, '2017-05-01 12:14:42', '2017-05-01 12:14:42'),
  (6098, 'Sasan-Satna-1@Satna', 'NA', -1, -1, -1, 11, 1, 1, '2017-05-01 12:14:42', '2017-05-01 12:14:42'),
  (6101, 'Sasan-Satna-2@Sasan', 'NA', -1, -1, -1, 11, 1, 1, '2017-05-01 12:14:42', '2017-05-01 12:14:42'),
  (6104, 'Sasan-Satna-2@Satna', 'NA', -1, -1, -1, 11, 1, 1, '2017-05-01 12:14:42', '2017-05-01 12:14:42'),
  (6107, 'Satna-Gwalior-1@Satna', 'NA', -1, -1, -1, 11, 1, 1, '2017-05-01 12:14:42', '2017-05-01 12:14:42'),
  (6110, 'Satna-Gwalior-1@Gwalior', 'NA', -1, -1, -1, 11, 1, 1, '2017-05-01 12:14:42', '2017-05-01 12:14:42'),
  (6113, 'Satna-Gwalior-2@Satna', 'NA', -1, -1, -1, 11, 1, 1, '2017-05-01 12:14:42', '2017-05-01 12:14:42'),
  (6116, 'Satna-Gwalior-2@Gwalior', 'NA', -1, -1, -1, 11, 1, 1, '2017-05-01 12:14:42', '2017-05-01 12:14:42'),
  (6119, 'Satna-Bina-PG-1@Satna', 'NA', -1, -1, -1, 11, 1, 1, '2017-05-01 12:14:42', '2017-05-01 12:14:42'),
  (6122, 'Satna-Bina-PG-1@Bina-PG', 'NA', -1, -1, -1, 11, 1, 1, '2017-05-01 12:14:42', '2017-05-01 12:14:42'),
  (6125, 'Satna-Bina-PG-2@Satna', 'NA', -1, -1, -1, 11, 1, 1, '2017-05-01 12:14:43', '2017-05-01 12:14:43'),
  (6128, 'Satna-Bina-PG-2@Bina-PG', 'NA', -1, -1, -1, 11, 1, 1, '2017-05-01 12:14:43', '2017-05-01 12:14:43'),
  (6131, 'Satna-Vindhyachal-PS-1@Satna', 'NA', -1, -1, -1, 11, 1, 1, '2017-05-01 12:14:43', '2017-05-01 12:14:43'),
  (6134, 'Satna-Vindhyachal-PS-1@Vindhyachal-PS', 'NA', -1, -1, -1, 11, 1, 1, '2017-05-01 12:14:43', '2017-05-01 12:14:43'),
  (6137, 'Satna-Vindhyachal-PS-2@Satna', 'NA', -1, -1, -1, 11, 1, 1, '2017-05-01 12:14:43', '2017-05-01 12:14:43'),
  (6140, 'Satna-Vindhyachal-PS-2@Vindhyachal-PS', 'NA', -1, -1, -1, 11, 1, 1, '2017-05-01 12:14:43', '2017-05-01 12:14:43'),
  (6143, 'Seoni-Bina-PG-1@Seoni', 'NA', -1, -1, -1, 11, 1, 1, '2017-05-01 12:14:43', '2017-05-01 12:14:43'),
  (6146, 'Seoni-Bina-PG-1@Bina-PG', 'NA', -1, -1, -1, 11, 1, 1, '2017-05-01 12:14:43', '2017-05-01 12:14:43'),
  (6149, 'Seoni-Wardha-1@Seoni', 'NA', -1, -1, -1, 11, 1, 1, '2017-05-01 12:14:43', '2017-05-01 12:14:43'),
  (6152, 'Seoni-Wardha-2@Seoni', 'NA', -1, -1, -1, 11, 1, 1, '2017-05-01 12:14:43', '2017-05-01 12:14:43'),
  (6155, 'Sipat-Bilaspur-1@Sipat', 'NA', -1, -1, -1, 11, 1, 1, '2017-05-01 12:14:44', '2017-05-01 12:14:44'),
  (6158, 'Sipat-Bilaspur-2@Sipat', 'NA', -1, -1, -1, 11, 1, 1, '2017-05-01 12:14:44', '2017-05-01 12:14:44'),
  (6161, 'Solapur-Raichur-1@Solapur', 'NA', -1, -1, -1, 11, 1, 1, '2017-05-01 12:14:44', '2017-05-01 12:14:44'),
  (6164, 'Solapur-Raichur-1@Raichur', 'NA', -1, -1, -1, 11, 1, 1, '2017-05-01 12:14:44', '2017-05-01 12:14:44'),
  (6167, 'Solapur-Raichur-2@Solapur', 'NA', -1, -1, -1, 11, 1, 1, '2017-05-01 12:14:44', '2017-05-01 12:14:44'),
  (6170, 'Solapur-Raichur-2@Raichur', 'NA', -1, -1, -1, 11, 1, 1, '2017-05-01 12:14:44', '2017-05-01 12:14:44'),
  (6173, 'Tiroda-Koradi(III)-1@Tiroda', 'NA', -1, -1, -1, 11, 1, 1, '2017-05-01 12:14:44', '2017-05-01 12:14:44'),
  (6176, 'Tiroda-Koradi(III)-1@Koradi(III)', 'NA', -1, -1, -1, 11, 1, 1, '2017-05-01 12:14:44', '2017-05-01 12:14:44'),
  (6179, 'Tiroda-Koradi(III)-2@Tiroda', 'NA', -1, -1, -1, 11, 1, 1, '2017-05-01 12:14:44', '2017-05-01 12:14:44'),
  (6182, 'Tiroda-Koradi(III)-2@Koradi(III)', 'NA', -1, -1, -1, 11, 1, 1, '2017-05-01 12:14:45', '2017-05-01 12:14:45'),
  (6185, 'Vadodora-PS-Indore-PG-1@Vadodora-PS', 'NA', -1, -1, -1, 11, 1, 1, '2017-05-01 12:14:45', '2017-05-01 12:14:45'),
  (6188, 'Vadodora-PS-Indore-PG-1@Indore-PG', 'NA', -1, -1, -1, 11, 1, 1, '2017-05-01 12:14:45', '2017-05-01 12:14:45'),
  (6191, 'Vadodora-PS-Dhule-BDTCL-1@Vadodora-PS', 'NA', -1, -1, -1, 11, 1, 1, '2017-05-01 12:14:45', '2017-05-01 12:14:45'),
  (6194, 'Vadodora-PS-Dhule-BDTCL-1@Dhule-BDTCL', 'NA', -1, -1, -1, 11, 1, 1, '2017-05-01 12:14:45', '2017-05-01 12:14:45'),
  (6197, 'Wardha-Raipur-PS(Durg)-1@Wardha', 'NA', -1, -1, -1, 11, 1, 1, '2017-05-01 12:14:45', '2017-05-01 12:14:45'),
  (6200, 'Wardha-Raipur-PS(Durg)-1@Raipur-PS(Durg)', 'NA', -1, -1, -1, 11, 1, 1, '2017-05-01 12:14:45', '2017-05-01 12:14:45'),
  (6203, 'Wardha-Raipur-PS(Durg)-2@Wardha', 'NA', -1, -1, -1, 11, 1, 1, '2017-05-01 12:14:45', '2017-05-01 12:14:45'),
  (6206, 'Wardha-Raipur-PS(Durg)-2@Raipur-PS(Durg)', 'NA', -1, -1, -1, 11, 1, 1, '2017-05-01 12:14:45', '2017-05-01 12:14:45');

-- --------------------------------------------------------

--
-- Table structure for table `elements_has_owners`
--

DROP TABLE IF EXISTS `elements_has_owners`;
CREATE TABLE IF NOT EXISTS `elements_has_owners` (
  `elements_id` int(11) NOT NULL,
  `owners_id` int(11) NOT NULL COMMENT 'check if this table is required can be kept in elements table itself',
  PRIMARY KEY (`elements_id`,`owners_id`),
  KEY `fk_elements_has_owners_owners1_idx` (`owners_id`),
  KEY `fk_elements_has_owners_elements1_idx` (`elements_id`)
) ENGINE=InnoDB DEFAULT CHARSET=utf8;

--
-- Dumping data for table `elements_has_owners`
--

INSERT INTO `elements_has_owners` (`elements_id`, `owners_id`) VALUES
  (8, 1),
  (2074, 1),
  (2092, 1),
  (2100, 1),
  (2114, 1),
  (2119, 1),
  (2148, 1),
  (2450, 1),
  (2453, 1),
  (2074, 2),
  (2092, 2),
  (2100, 2),
  (2114, 2),
  (2119, 2),
  (2148, 2),
  (2738, 2),
  (2741, 2),
  (155, 3),
  (2420, 3),
  (2423, 3),
  (2723, 3),
  (2726, 3),
  (4391, 3),
  (5306, 3),
  (5309, 3),
  (5, 5),
  (122, 5),
  (17, 7),
  (159, 7),
  (165, 7),
  (2555, 7),
  (2558, 7),
  (2747, 7),
  (2750, 7),
  (3602, 7),
  (3665, 7),
  (3680, 7),
  (5018, 7),
  (5021, 7),
  (5126, 7),
  (5141, 7),
  (5144, 7),
  (5933, 7),
  (5936, 7),
  (6041, 7),
  (6056, 7),
  (6059, 7),
  (27, 8),
  (2546, 10),
  (2549, 10),
  (2552, 10),
  (3005, 10),
  (3008, 10),
  (3011, 10),
  (3014, 10),
  (3263, 10),
  (3266, 10),
  (3818, 10),
  (3821, 10),
  (3824, 10),
  (3827, 10),
  (4082, 10),
  (4085, 10),
  (4697, 10),
  (5612, 10),
  (2705, 11),
  (2708, 11),
  (4022, 12),
  (4025, 12),
  (38, 13),
  (39, 15),
  (40, 15),
  (3947, 16),
  (3950, 16),
  (3953, 16),
  (3956, 16),
  (3989, 16),
  (3992, 16),
  (2771, 19),
  (2774, 19),
  (3365, 20),
  (3368, 20),
  (3638, 20),
  (3641, 20),
  (4874, 20),
  (5081, 20),
  (5084, 20),
  (5789, 20),
  (5792, 20),
  (5996, 20),
  (5999, 20),
  (6002, 20),
  (6005, 20),
  (3218, 21),
  (3221, 21),
  (3224, 21),
  (3227, 21),
  (44, 22),
  (4, 23),
  (6, 23),
  (33, 23),
  (49, 23),
  (60, 23),
  (70, 23),
  (82, 23),
  (91, 23),
  (119, 23),
  (131, 23),
  (147, 23),
  (156, 23),
  (2408, 23),
  (2411, 23),
  (2414, 23),
  (2417, 23),
  (2426, 23),
  (2429, 23),
  (2432, 23),
  (2435, 23),
  (2438, 23),
  (2441, 23),
  (2444, 23),
  (2447, 23),
  (2690, 23),
  (2693, 23),
  (2729, 23),
  (2732, 23),
  (2777, 23),
  (2786, 23),
  (2789, 23),
  (2792, 23),
  (2795, 23),
  (2822, 23),
  (2825, 23),
  (2951, 23),
  (3377, 23),
  (3383, 23),
  (3398, 23),
  (3407, 23),
  (3446, 23),
  (3449, 23),
  (3452, 23),
  (3575, 23),
  (3830, 23),
  (3833, 23),
  (3836, 23),
  (3872, 23),
  (3875, 23),
  (3878, 23),
  (3881, 23),
  (3884, 23),
  (3887, 23),
  (3911, 23),
  (3914, 23),
  (3929, 23),
  (3932, 23),
  (3935, 23),
  (3938, 23),
  (3974, 23),
  (3977, 23),
  (3980, 23),
  (3983, 23),
  (4043, 23),
  (4046, 23),
  (4061, 23),
  (4373, 23),
  (4397, 23),
  (4400, 23),
  (4553, 23),
  (4556, 23),
  (4583, 23),
  (4586, 23),
  (4967, 23),
  (5312, 23),
  (5315, 23),
  (5318, 23),
  (5468, 23),
  (5471, 23),
  (5474, 23),
  (5477, 23),
  (5498, 23),
  (5501, 23),
  (5504, 23),
  (5507, 23),
  (5882, 23),
  (43, 24),
  (46, 24),
  (3257, 24),
  (3260, 24),
  (2519, 26),
  (2522, 26),
  (2783, 27),
  (3320, 32),
  (3323, 32),
  (2873, 34),
  (2876, 34),
  (63, 35),
  (2888, 35),
  (2891, 35),
  (2894, 35),
  (2897, 35),
  (2900, 35),
  (2903, 35),
  (2906, 35),
  (4649, 35),
  (5564, 35),
  (5567, 35),
  (58, 36),
  (65, 37),
  (3617, 38),
  (3659, 38),
  (3662, 38),
  (5045, 38),
  (5048, 38),
  (5102, 38),
  (5105, 38),
  (5960, 38),
  (5963, 38),
  (6029, 38),
  (6032, 38),
  (6035, 38),
  (6038, 38),
  (3065, 40),
  (3068, 40),
  (3194, 41),
  (3197, 41),
  (94, 43),
  (139, 46),
  (157, 46),
  (170, 46),
  (180, 46),
  (3578, 46),
  (3581, 46),
  (3689, 46),
  (3692, 46),
  (3764, 46),
  (3767, 46),
  (4970, 46),
  (4973, 46),
  (5147, 46),
  (5150, 46),
  (5258, 46),
  (5261, 46),
  (5885, 46),
  (5888, 46),
  (5891, 46),
  (5894, 46),
  (6062, 46),
  (6065, 46),
  (6068, 46),
  (6071, 46),
  (6173, 46),
  (6176, 46),
  (6179, 46),
  (6182, 46),
  (2396, 47),
  (2399, 47),
  (2402, 47),
  (2405, 47),
  (3434, 47),
  (3437, 47),
  (3563, 47),
  (3566, 47),
  (7, 48),
  (18, 48),
  (21, 48),
  (25, 48),
  (32, 48),
  (66, 48),
  (97, 48),
  (110, 48),
  (125, 48),
  (2561, 48),
  (2564, 48),
  (2567, 48),
  (2570, 48),
  (2594, 48),
  (2624, 48),
  (2627, 48),
  (2687, 48),
  (2702, 48),
  (2804, 48),
  (2807, 48),
  (2810, 48),
  (2819, 48),
  (2828, 48),
  (2831, 48),
  (3104, 48),
  (3107, 48),
  (3110, 48),
  (3113, 48),
  (3326, 48),
  (3332, 48),
  (3335, 48),
  (3401, 48),
  (3404, 48),
  (3785, 48),
  (3788, 48),
  (3791, 48),
  (3794, 48),
  (3809, 48),
  (3812, 48),
  (3815, 48),
  (3839, 48),
  (3842, 48),
  (3845, 48),
  (3848, 48),
  (3860, 48),
  (3863, 48),
  (3866, 48),
  (3869, 48),
  (3890, 48),
  (3893, 48),
  (3896, 48),
  (3899, 48),
  (3902, 48),
  (3905, 48),
  (3917, 48),
  (3920, 48),
  (3923, 48),
  (3926, 48),
  (3959, 48),
  (3986, 48),
  (4040, 48),
  (4064, 48),
  (4067, 48),
  (4070, 48),
  (4073, 48),
  (4088, 48),
  (4091, 48),
  (4094, 48),
  (4097, 48),
  (4100, 48),
  (4103, 48),
  (4106, 48),
  (4109, 48),
  (4112, 48),
  (4121, 48),
  (4124, 48),
  (4181, 48),
  (4184, 48),
  (4187, 48),
  (4190, 48),
  (4220, 48),
  (4223, 48),
  (4235, 48),
  (4238, 48),
  (4265, 48),
  (4337, 48),
  (4481, 48),
  (4514, 48),
  (4571, 48),
  (4580, 48),
  (5396, 48),
  (5399, 48),
  (5429, 48),
  (5486, 48),
  (5495, 48),
  (11, 49),
  (19, 49),
  (42, 49),
  (69, 49),
  (74, 49),
  (75, 49),
  (77, 49),
  (87, 49),
  (98, 49),
  (99, 49),
  (104, 49),
  (105, 49),
  (166, 49),
  (2387, 49),
  (2390, 49),
  (2393, 49),
  (2468, 49),
  (2471, 49),
  (2480, 49),
  (2483, 49),
  (2486, 49),
  (2489, 49),
  (2492, 49),
  (2579, 49),
  (2582, 49),
  (2585, 49),
  (2588, 49),
  (2591, 49),
  (2666, 49),
  (2669, 49),
  (2672, 49),
  (2675, 49),
  (2678, 49),
  (2681, 49),
  (2684, 49),
  (2753, 49),
  (2756, 49),
  (2759, 49),
  (2762, 49),
  (2879, 49),
  (2882, 49),
  (2885, 49),
  (2915, 49),
  (2918, 49),
  (2921, 49),
  (2924, 49),
  (2927, 49),
  (2930, 49),
  (2933, 49),
  (2936, 49),
  (2939, 49),
  (2942, 49),
  (2945, 49),
  (2948, 49),
  (2966, 49),
  (2987, 49),
  (2996, 49),
  (2999, 49),
  (3047, 49),
  (3050, 49),
  (3053, 49),
  (3077, 49),
  (3080, 49),
  (3083, 49),
  (3086, 49),
  (3089, 49),
  (3134, 49),
  (3152, 49),
  (3155, 49),
  (3158, 49),
  (3161, 49),
  (3164, 49),
  (3167, 49),
  (3170, 49),
  (3173, 49),
  (3293, 49),
  (3296, 49),
  (3299, 49),
  (3302, 49),
  (3347, 49),
  (3392, 49),
  (3395, 49),
  (3416, 49),
  (3419, 49),
  (3797, 49),
  (3800, 49),
  (3803, 49),
  (3806, 49),
  (3851, 49),
  (3854, 49),
  (3857, 49),
  (3908, 49),
  (3995, 49),
  (3998, 49),
  (4001, 49),
  (4004, 49),
  (4007, 49),
  (4010, 49),
  (4049, 49),
  (4052, 49),
  (4055, 49),
  (4067, 49),
  (4127, 49),
  (4130, 49),
  (4151, 49),
  (4172, 49),
  (4175, 49),
  (4361, 49),
  (4364, 49),
  (4493, 49),
  (4496, 49),
  (4541, 49),
  (4547, 49),
  (4550, 49),
  (4655, 49),
  (4658, 49),
  (4661, 49),
  (4682, 49),
  (4685, 49),
  (4730, 49),
  (4757, 49),
  (4760, 49),
  (4769, 49),
  (4772, 49),
  (4775, 49),
  (4880, 49),
  (5294, 49),
  (5297, 49),
  (5300, 49),
  (5303, 49),
  (5408, 49),
  (5411, 49),
  (5456, 49),
  (5459, 49),
  (5462, 49),
  (5465, 49),
  (5570, 49),
  (5573, 49),
  (5576, 49),
  (5597, 49),
  (5600, 49),
  (5645, 49),
  (5672, 49),
  (5675, 49),
  (5678, 49),
  (5681, 49),
  (5684, 49),
  (5687, 49),
  (5690, 49),
  (5795, 49),
  (5798, 49),
  (22, 50),
  (161, 50),
  (184, 50),
  (3941, 51),
  (3944, 51),
  (3533, 52),
  (3536, 52),
  (3569, 52),
  (3572, 52),
  (3668, 52),
  (3671, 52),
  (3674, 52),
  (3677, 52),
  (4958, 52),
  (4961, 52),
  (4964, 52),
  (5129, 52),
  (5132, 52),
  (5873, 52),
  (5876, 52),
  (5879, 52),
  (6044, 52),
  (6047, 52),
  (6050, 52),
  (6053, 52),
  (3143, 53),
  (3146, 53),
  (45, 54),
  (86, 54),
  (96, 54),
  (148, 54),
  (150, 54),
  (152, 54),
  (177, 54),
  (3509, 54),
  (3512, 54),
  (3515, 54),
  (3518, 54),
  (4013, 55),
  (4016, 55),
  (10, 56),
  (12, 56),
  (14, 56),
  (15, 56),
  (23, 56),
  (24, 56),
  (29, 56),
  (34, 56),
  (37, 56),
  (48, 56),
  (54, 56),
  (55, 56),
  (56, 56),
  (57, 56),
  (67, 56),
  (72, 56),
  (76, 56),
  (89, 56),
  (92, 56),
  (101, 56),
  (106, 56),
  (108, 56),
  (111, 56),
  (113, 56),
  (114, 56),
  (115, 56),
  (118, 56),
  (124, 56),
  (126, 56),
  (128, 56),
  (133, 56),
  (151, 56),
  (154, 56),
  (158, 56),
  (160, 56),
  (162, 56),
  (163, 56),
  (164, 56),
  (167, 56),
  (168, 56),
  (169, 56),
  (171, 56),
  (172, 56),
  (173, 56),
  (175, 56),
  (176, 56),
  (178, 56),
  (179, 56),
  (181, 56),
  (182, 56),
  (183, 56),
  (3782, 56),
  (100, 58),
  (121, 61),
  (3350, 64),
  (3353, 64),
  (4868, 64),
  (5783, 64),
  (5786, 64),
  (130, 66),
  (174, 67),
  (3761, 68),
  (5246, 68),
  (5249, 68),
  (6167, 68),
  (6170, 68),
  (2531, 69),
  (2534, 69),
  (3758, 69),
  (4469, 69),
  (5246, 69),
  (5249, 69),
  (5384, 69),
  (5387, 69),
  (6161, 69),
  (6164, 69),
  (142, 72),
  (3137, 72),
  (3140, 72),
  (3200, 72),
  (3203, 72),
  (3410, 72),
  (3413, 72),
  (3455, 72),
  (4886, 72),
  (4889, 72),
  (5801, 72),
  (5804, 72),
  (3275, 77),
  (3278, 77),
  (3281, 77),
  (3284, 77),
  (3287, 77),
  (3290, 77),
  (4826, 77),
  (5741, 77),
  (5744, 77),
  (2456, 78),
  (2459, 78),
  (2945, 78),
  (2975, 78),
  (2978, 78),
  (3182, 78),
  (3185, 78),
  (3188, 78),
  (3191, 78),
  (3206, 78),
  (3209, 78),
  (4406, 78),
  (4409, 78),
  (4655, 78),
  (4658, 78),
  (4676, 78),
  (4778, 78),
  (4781, 78),
  (4790, 78),
  (5321, 78),
  (5324, 78),
  (5327, 78),
  (5330, 78),
  (5570, 78),
  (5573, 78),
  (5591, 78),
  (5594, 78),
  (5693, 78),
  (5696, 78),
  (5699, 78),
  (5702, 78),
  (5705, 78),
  (5708, 78),
  (2381, 79),
  (2384, 79),
  (2462, 79),
  (2465, 79),
  (2474, 79),
  (2477, 79),
  (2507, 79),
  (2510, 79),
  (2513, 79),
  (2516, 79),
  (2525, 79),
  (2528, 79),
  (2537, 79),
  (2540, 79),
  (2543, 79),
  (2651, 79),
  (2654, 79),
  (2657, 79),
  (2660, 79),
  (2663, 79),
  (2744, 79),
  (2798, 79),
  (2801, 79),
  (2969, 79),
  (2972, 79),
  (2981, 79),
  (2984, 79),
  (2990, 79),
  (2993, 79),
  (3002, 79),
  (3017, 79),
  (3020, 79),
  (3023, 79),
  (3026, 79),
  (3029, 79),
  (3032, 79),
  (3035, 79),
  (3038, 79),
  (3056, 79),
  (3059, 79),
  (3062, 79),
  (3071, 79),
  (3074, 79),
  (3119, 79),
  (3176, 79),
  (3179, 79),
  (3182, 79),
  (3185, 79),
  (3188, 79),
  (3191, 79),
  (3206, 79),
  (3209, 79),
  (3212, 79),
  (3215, 79),
  (3218, 79),
  (3221, 79),
  (3224, 79),
  (3227, 79),
  (3230, 79),
  (3233, 79),
  (3236, 79),
  (3239, 79),
  (3242, 79),
  (3245, 79),
  (3248, 79),
  (3251, 79),
  (3254, 79),
  (3305, 79),
  (3338, 79),
  (3341, 79),
  (3344, 79),
  (3356, 79),
  (3359, 79),
  (3362, 79),
  (3365, 79),
  (3368, 79),
  (3371, 79),
  (3374, 79),
  (3386, 79),
  (3389, 79),
  (3422, 79),
  (3425, 79),
  (3440, 79),
  (3443, 79),
  (3539, 79),
  (3542, 79),
  (3545, 79),
  (3548, 79),
  (3551, 79),
  (3554, 79),
  (3557, 79),
  (3560, 79),
  (3584, 79),
  (3587, 79),
  (3590, 79),
  (3593, 79),
  (3596, 79),
  (3599, 79),
  (3605, 79),
  (3608, 79),
  (3611, 79),
  (3638, 79),
  (3641, 79),
  (3644, 79),
  (3653, 79),
  (3656, 79),
  (3683, 79),
  (3686, 79),
  (3695, 79),
  (3698, 79),
  (3701, 79),
  (3704, 79),
  (3707, 79),
  (3710, 79),
  (3713, 79),
  (3743, 79),
  (3746, 79),
  (3749, 79),
  (3752, 79),
  (3755, 79),
  (3776, 79),
  (3779, 79),
  (4019, 79),
  (4028, 79),
  (4031, 79),
  (4034, 79),
  (4037, 79),
  (4079, 79),
  (4115, 79),
  (4118, 79),
  (4133, 79),
  (4136, 79),
  (4139, 79),
  (4142, 79),
  (4145, 79),
  (4148, 79),
  (4418, 79),
  (4421, 79),
  (4436, 79),
  (4439, 79),
  (4442, 79),
  (4445, 79),
  (4460, 79),
  (4463, 79),
  (4466, 79),
  (4475, 79),
  (4478, 79),
  (4574, 79),
  (4688, 79),
  (4691, 79),
  (4694, 79),
  (4700, 79),
  (4706, 79),
  (4712, 79),
  (4724, 79),
  (4778, 79),
  (4781, 79),
  (4790, 79),
  (4802, 79),
  (4808, 79),
  (4811, 79),
  (4853, 79),
  (4856, 79),
  (4859, 79),
  (4874, 79),
  (4946, 79),
  (4949, 79),
  (4982, 79),
  (4985, 79),
  (5006, 79),
  (5009, 79),
  (5024, 79),
  (5027, 79),
  (5036, 79),
  (5081, 79),
  (5084, 79),
  (5093, 79),
  (5102, 79),
  (5105, 79),
  (5159, 79),
  (5162, 79),
  (5165, 79),
  (5168, 79),
  (5177, 79),
  (5228, 79),
  (5231, 79),
  (5234, 79),
  (5240, 79),
  (5282, 79),
  (5285, 79),
  (5333, 79),
  (5336, 79),
  (5339, 79),
  (5342, 79),
  (5351, 79),
  (5354, 79),
  (5357, 79),
  (5360, 79),
  (5363, 79),
  (5366, 79),
  (5369, 79),
  (5372, 79),
  (5375, 79),
  (5378, 79),
  (5381, 79),
  (5390, 79),
  (5393, 79),
  (5489, 79),
  (5603, 79),
  (5606, 79),
  (5609, 79),
  (5615, 79),
  (5618, 79),
  (5621, 79),
  (5624, 79),
  (5627, 79),
  (5639, 79),
  (5642, 79),
  (5693, 79),
  (5696, 79),
  (5699, 79),
  (5702, 79),
  (5705, 79),
  (5708, 79),
  (5711, 79),
  (5714, 79),
  (5717, 79),
  (5720, 79),
  (5723, 79),
  (5726, 79),
  (5729, 79),
  (5732, 79),
  (5768, 79),
  (5771, 79),
  (5774, 79),
  (5777, 79),
  (5780, 79),
  (5789, 79),
  (5792, 79),
  (5861, 79),
  (5864, 79),
  (5867, 79),
  (5870, 79),
  (5897, 79),
  (5900, 79),
  (5903, 79),
  (5906, 79),
  (5909, 79),
  (5912, 79),
  (5915, 79),
  (5918, 79),
  (5921, 79),
  (5924, 79),
  (5927, 79),
  (5930, 79),
  (5939, 79),
  (5942, 79),
  (5945, 79),
  (5948, 79),
  (5951, 79),
  (5996, 79),
  (5999, 79),
  (6002, 79),
  (6005, 79),
  (6008, 79),
  (6017, 79),
  (6020, 79),
  (6023, 79),
  (6026, 79),
  (6074, 79),
  (6077, 79),
  (6080, 79),
  (6083, 79),
  (6086, 79),
  (6089, 79),
  (6092, 79),
  (6143, 79),
  (6146, 79),
  (6149, 79),
  (6152, 79),
  (6155, 79),
  (6158, 79),
  (6197, 79),
  (6200, 79),
  (6203, 79),
  (6206, 79),
  (2495, 80),
  (2498, 80),
  (2501, 80),
  (2504, 80),
  (2573, 80),
  (2576, 80),
  (2597, 80),
  (2600, 80),
  (2603, 80),
  (2606, 80),
  (2609, 80),
  (2612, 80),
  (2615, 80),
  (2618, 80),
  (2621, 80),
  (2630, 80),
  (2633, 80),
  (2636, 80),
  (2639, 80),
  (2642, 80),
  (2645, 80),
  (2648, 80),
  (2696, 80),
  (2699, 80),
  (2711, 80),
  (2714, 80),
  (2717, 80),
  (2720, 80),
  (2735, 80),
  (2765, 80),
  (2768, 80),
  (2780, 80),
  (2813, 80),
  (2816, 80),
  (2834, 80),
  (2837, 80),
  (2840, 80),
  (2843, 80),
  (2846, 80),
  (2849, 80),
  (2852, 80),
  (2855, 80),
  (2858, 80),
  (2861, 80),
  (2864, 80),
  (2867, 80),
  (2870, 80),
  (2909, 80),
  (2912, 80),
  (2954, 80),
  (2957, 80),
  (2960, 80),
  (2963, 80),
  (3041, 80),
  (3044, 80),
  (3092, 80),
  (3095, 80),
  (3098, 80),
  (3101, 80),
  (3116, 80),
  (3122, 80),
  (3125, 80),
  (3128, 80),
  (3131, 80),
  (3149, 80),
  (3269, 80),
  (3272, 80),
  (3308, 80),
  (3311, 80),
  (3314, 80),
  (3317, 80),
  (3329, 80),
  (3380, 80),
  (3428, 80),
  (3431, 80),
  (3458, 80),
  (3461, 80),
  (3464, 80),
  (3467, 80),
  (3470, 80),
  (3473, 80),
  (3476, 80),
  (3479, 80),
  (3482, 80),
  (3485, 80),
  (3488, 80),
  (3491, 80),
  (3494, 80),
  (3497, 80),
  (3500, 80),
  (3503, 80),
  (3506, 80),
  (3521, 80),
  (3524, 80),
  (3527, 80),
  (3530, 80),
  (3533, 80),
  (3536, 80),
  (3569, 80),
  (3572, 80),
  (3614, 80),
  (3620, 80),
  (3623, 80),
  (3626, 80),
  (3629, 80),
  (3632, 80),
  (3635, 80),
  (3647, 80),
  (3650, 80),
  (3668, 80),
  (3671, 80),
  (3674, 80),
  (3677, 80),
  (3716, 80),
  (3719, 80),
  (3722, 80),
  (3725, 80),
  (3728, 80),
  (3731, 80),
  (3734, 80),
  (3737, 80),
  (3740, 80),
  (3770, 80),
  (3773, 80),
  (3962, 80),
  (3965, 80),
  (3968, 80),
  (3971, 80),
  (4058, 80),
  (4154, 80),
  (4157, 80),
  (4160, 80),
  (4163, 80),
  (4166, 80),
  (4169, 80),
  (4430, 80),
  (4487, 80),
  (4499, 80),
  (4502, 80),
  (4511, 80),
  (4517, 80),
  (4520, 80),
  (4523, 80),
  (4526, 80),
  (4529, 80),
  (4532, 80),
  (4565, 80),
  (4577, 80),
  (4595, 80),
  (4598, 80),
  (4607, 80),
  (4613, 80),
  (4616, 80),
  (4637, 80),
  (4640, 80),
  (4643, 80),
  (4664, 80),
  (4667, 80),
  (4715, 80),
  (4718, 80),
  (4721, 80),
  (4733, 80),
  (4736, 80),
  (4739, 80),
  (4748, 80),
  (4754, 80),
  (4820, 80),
  (4832, 80),
  (4835, 80),
  (4844, 80),
  (4892, 80),
  (4898, 80),
  (4901, 80),
  (4916, 80),
  (4919, 80),
  (4940, 80),
  (4943, 80),
  (4958, 80),
  (4961, 80),
  (4964, 80),
  (5039, 80),
  (5042, 80),
  (5045, 80),
  (5048, 80),
  (5063, 80),
  (5066, 80),
  (5096, 80),
  (5129, 80),
  (5132, 80),
  (5180, 80),
  (5183, 80),
  (5192, 80),
  (5195, 80),
  (5204, 80),
  (5207, 80),
  (5216, 80),
  (5219, 80),
  (5270, 80),
  (5273, 80),
  (5276, 80),
  (5279, 80),
  (5345, 80),
  (5348, 80),
  (5402, 80),
  (5405, 80),
  (5414, 80),
  (5417, 80),
  (5420, 80),
  (5423, 80),
  (5426, 80),
  (5432, 80),
  (5435, 80),
  (5438, 80),
  (5441, 80),
  (5444, 80),
  (5447, 80),
  (5450, 80),
  (5453, 80),
  (5480, 80),
  (5483, 80),
  (5492, 80),
  (5510, 80),
  (5513, 80),
  (5516, 80),
  (5519, 80),
  (5522, 80),
  (5525, 80),
  (5528, 80),
  (5531, 80),
  (5534, 80),
  (5537, 80),
  (5540, 80),
  (5543, 80),
  (5546, 80),
  (5549, 80),
  (5552, 80),
  (5555, 80),
  (5558, 80),
  (5561, 80),
  (5579, 80),
  (5582, 80),
  (5585, 80),
  (5588, 80),
  (5630, 80),
  (5633, 80),
  (5636, 80),
  (5648, 80),
  (5651, 80),
  (5654, 80),
  (5657, 80),
  (5660, 80),
  (5663, 80),
  (5666, 80),
  (5669, 80),
  (5735, 80),
  (5738, 80),
  (5747, 80),
  (5750, 80),
  (5753, 80),
  (5756, 80),
  (5759, 80),
  (5762, 80),
  (5765, 80),
  (5807, 80),
  (5810, 80),
  (5813, 80),
  (5816, 80),
  (5819, 80),
  (5822, 80),
  (5825, 80),
  (5828, 80),
  (5831, 80),
  (5834, 80),
  (5837, 80),
  (5840, 80),
  (5843, 80),
  (5846, 80),
  (5849, 80),
  (5852, 80),
  (5855, 80),
  (5858, 80),
  (5873, 80),
  (5876, 80),
  (5879, 80),
  (5954, 80),
  (5957, 80),
  (5966, 80),
  (5969, 80),
  (5972, 80),
  (5975, 80),
  (5978, 80),
  (5981, 80),
  (5984, 80),
  (5987, 80),
  (5990, 80),
  (5993, 80),
  (6011, 80),
  (6014, 80),
  (6044, 80),
  (6047, 80),
  (6050, 80),
  (6053, 80),
  (6095, 80),
  (6098, 80),
  (6101, 80),
  (6104, 80),
  (6107, 80),
  (6110, 80),
  (6113, 80),
  (6116, 80),
  (6119, 80),
  (6122, 80),
  (6125, 80),
  (6128, 80),
  (6131, 80),
  (6134, 80),
  (6137, 80),
  (6140, 80),
  (6185, 80),
  (6188, 80),
  (6191, 80),
  (6194, 80),
  (1, 81),
  (2, 81),
  (3, 81),
  (9, 81),
  (13, 81),
  (16, 81),
  (20, 81),
  (26, 81),
  (28, 81),
  (30, 81),
  (31, 81),
  (35, 81),
  (36, 81),
  (41, 81),
  (47, 81),
  (50, 81),
  (51, 81),
  (52, 81),
  (53, 81),
  (59, 81),
  (61, 81),
  (62, 81),
  (64, 81),
  (68, 81),
  (71, 81),
  (73, 81),
  (78, 81),
  (79, 81),
  (80, 81),
  (81, 81),
  (83, 81),
  (84, 81),
  (85, 81),
  (88, 81),
  (90, 81),
  (93, 81),
  (95, 81),
  (102, 81),
  (103, 81),
  (107, 81),
  (109, 81),
  (112, 81),
  (116, 81),
  (117, 81),
  (120, 81),
  (123, 81),
  (127, 81),
  (129, 81),
  (132, 81),
  (134, 81),
  (135, 81),
  (136, 81),
  (137, 81),
  (138, 81),
  (140, 81),
  (141, 81),
  (143, 81),
  (144, 81),
  (145, 81),
  (146, 81),
  (149, 81),
  (153, 81),
  (3998, 827),
  (4007, 827),
  (4076, 827),
  (4178, 827),
  (4076, 856),
  (4178, 856);

-- --------------------------------------------------------

--
-- Table structure for table `elements_has_regions`
--

DROP TABLE IF EXISTS `elements_has_regions`;
CREATE TABLE IF NOT EXISTS `elements_has_regions` (
  `elements_id` int(11) NOT NULL,
  `regions_id` int(11) NOT NULL,
  PRIMARY KEY (`elements_id`,`regions_id`),
  KEY `fk_elements_has_regions_regions1_idx` (`regions_id`),
  KEY `fk_elements_has_regions_elements1_idx` (`elements_id`)
) ENGINE=InnoDB DEFAULT CHARSET=utf8;

--
-- Dumping data for table `elements_has_regions`
--

INSERT INTO `elements_has_regions` (`elements_id`, `regions_id`) VALUES
  (1, 1),
  (2, 1),
  (3, 1),
  (4, 1),
  (5, 1),
  (6, 1),
  (7, 1),
  (8, 1),
  (9, 1),
  (10, 1),
  (11, 1),
  (12, 1),
  (13, 1),
  (14, 1),
  (15, 1),
  (16, 1),
  (17, 1),
  (18, 1),
  (19, 1),
  (20, 1),
  (21, 1),
  (22, 1),
  (23, 1),
  (24, 1),
  (25, 1),
  (26, 1),
  (27, 1),
  (28, 1),
  (29, 1),
  (30, 1),
  (31, 1),
  (32, 1),
  (33, 1),
  (34, 1),
  (35, 1),
  (36, 1),
  (37, 1),
  (38, 1),
  (39, 1),
  (40, 1),
  (41, 1),
  (42, 1),
  (43, 1),
  (44, 1),
  (45, 1),
  (46, 1),
  (47, 1),
  (48, 1),
  (49, 1),
  (50, 1),
  (51, 1),
  (52, 1),
  (53, 1),
  (54, 1),
  (55, 1),
  (56, 1),
  (57, 1),
  (58, 1),
  (59, 1),
  (60, 1),
  (61, 1),
  (62, 1),
  (63, 1),
  (64, 1),
  (65, 1),
  (66, 1),
  (67, 1),
  (68, 1),
  (69, 1),
  (70, 1),
  (71, 1),
  (72, 1),
  (73, 1),
  (74, 1),
  (75, 1),
  (76, 1),
  (77, 1),
  (78, 1),
  (79, 1),
  (80, 1),
  (81, 1),
  (82, 1),
  (83, 1),
  (84, 1),
  (85, 1),
  (86, 1),
  (87, 1),
  (88, 1),
  (89, 1),
  (90, 1),
  (91, 1),
  (92, 1),
  (93, 1),
  (94, 1),
  (95, 1),
  (96, 1),
  (97, 1),
  (98, 1),
  (99, 1),
  (100, 1),
  (101, 1),
  (102, 1),
  (103, 1),
  (104, 1),
  (105, 1),
  (106, 1),
  (107, 1),
  (108, 1),
  (109, 1),
  (110, 1),
  (111, 1),
  (112, 1),
  (113, 1),
  (114, 1),
  (115, 1),
  (116, 1),
  (117, 1),
  (118, 1),
  (119, 1),
  (120, 1),
  (121, 1),
  (122, 1),
  (123, 1),
  (124, 1),
  (125, 1),
  (126, 1),
  (127, 1),
  (128, 1),
  (129, 1),
  (130, 1),
  (131, 1),
  (132, 1),
  (133, 1),
  (134, 1),
  (135, 1),
  (136, 1),
  (137, 1),
  (138, 1),
  (139, 1),
  (140, 1),
  (141, 1),
  (142, 1),
  (143, 1),
  (144, 1),
  (145, 1),
  (146, 1),
  (147, 1),
  (148, 1),
  (149, 1),
  (150, 1),
  (151, 1),
  (152, 1),
  (153, 1),
  (154, 1),
  (155, 1),
  (156, 1),
  (157, 1),
  (158, 1),
  (159, 1),
  (160, 1),
  (161, 1),
  (162, 1),
  (163, 1),
  (164, 1),
  (165, 1),
  (166, 1),
  (167, 1),
  (168, 1),
  (169, 1),
  (170, 1),
  (171, 1),
  (172, 1),
  (173, 1),
  (174, 1),
  (175, 1),
  (176, 1),
  (177, 1),
  (178, 1),
  (179, 1),
  (180, 1),
  (181, 1),
  (182, 1),
  (183, 1),
  (184, 1),
  (2074, 1),
  (2092, 1),
  (2100, 1),
  (2114, 1),
  (2119, 1),
  (2148, 1),
  (4361, 1),
  (4364, 1),
  (4373, 1),
  (4391, 1),
  (4397, 1),
  (4400, 1),
  (4406, 1),
  (4409, 1),
  (4418, 1),
  (4421, 1),
  (4430, 1),
  (4436, 1),
  (4439, 1),
  (4442, 1),
  (4445, 1),
  (4460, 1),
  (4463, 1),
  (4466, 1),
  (4469, 1),
  (4475, 1),
  (4478, 1),
  (4481, 1),
  (4487, 1),
  (4493, 1),
  (4496, 1),
  (4499, 1),
  (4502, 1),
  (4511, 1),
  (4514, 1),
  (4517, 1),
  (4520, 1),
  (4523, 1),
  (4526, 1),
  (4529, 1),
  (4532, 1),
  (4541, 1),
  (4547, 1),
  (4550, 1),
  (4553, 1),
  (4556, 1),
  (4565, 1),
  (4571, 1),
  (4574, 1),
  (4577, 1),
  (4580, 1),
  (4583, 1),
  (4586, 1),
  (4595, 1),
  (4598, 1),
  (4607, 1),
  (4613, 1),
  (4616, 1),
  (4637, 1),
  (4640, 1),
  (4643, 1),
  (4649, 1),
  (4655, 1),
  (4658, 1),
  (4661, 1),
  (4664, 1),
  (4667, 1),
  (4676, 1),
  (4682, 1),
  (4685, 1),
  (4688, 1),
  (4691, 1),
  (4694, 1),
  (4697, 1),
  (4700, 1),
  (4706, 1),
  (4712, 1),
  (4715, 1),
  (4718, 1),
  (4721, 1),
  (4724, 1),
  (4730, 1),
  (4733, 1),
  (4736, 1),
  (4739, 1),
  (4748, 1),
  (4754, 1),
  (4757, 1),
  (4760, 1),
  (4769, 1),
  (4772, 1),
  (4775, 1),
  (4778, 1),
  (4781, 1),
  (4790, 1),
  (4802, 1),
  (4808, 1),
  (4811, 1),
  (4820, 1),
  (4826, 1),
  (4832, 1),
  (4835, 1),
  (4844, 1),
  (4853, 1),
  (4856, 1),
  (4859, 1),
  (4868, 1),
  (4874, 1),
  (4880, 1),
  (4886, 1),
  (4889, 1),
  (4892, 1),
  (4898, 1),
  (4901, 1),
  (4916, 1),
  (4919, 1),
  (4940, 1),
  (4943, 1),
  (4946, 1),
  (4949, 1),
  (4958, 1),
  (4961, 1),
  (4964, 1),
  (4967, 1),
  (4970, 1),
  (4973, 1),
  (4982, 1),
  (4985, 1),
  (5006, 1),
  (5009, 1),
  (5018, 1),
  (5021, 1),
  (5024, 1),
  (5027, 1),
  (5036, 1),
  (5039, 1),
  (5042, 1),
  (5045, 1),
  (5048, 1),
  (5063, 1),
  (5066, 1),
  (5081, 1),
  (5084, 1),
  (5093, 1),
  (5096, 1),
  (5102, 1),
  (5105, 1),
  (5126, 1),
  (5129, 1),
  (5132, 1),
  (5141, 1),
  (5144, 1),
  (5147, 1),
  (5150, 1),
  (5159, 1),
  (5162, 1),
  (5165, 1),
  (5168, 1),
  (5177, 1),
  (5180, 1),
  (5183, 1),
  (5192, 1),
  (5195, 1),
  (5204, 1),
  (5207, 1),
  (5216, 1),
  (5219, 1),
  (5228, 1),
  (5231, 1),
  (5234, 1),
  (5240, 1),
  (5246, 1),
  (5249, 1),
  (5258, 1),
  (5261, 1),
  (5270, 1),
  (5273, 1),
  (5276, 1),
  (5279, 1),
  (5282, 1),
  (5285, 1),
  (5294, 1),
  (5297, 1),
  (5300, 1),
  (5303, 1),
  (5306, 1),
  (5309, 1),
  (5312, 1),
  (5315, 1),
  (5318, 1),
  (5321, 1),
  (5324, 1),
  (5327, 1),
  (5330, 1),
  (5333, 1),
  (5336, 1),
  (5339, 1),
  (5342, 1),
  (5345, 1),
  (5348, 1),
  (5351, 1),
  (5354, 1),
  (5357, 1),
  (5360, 1),
  (5363, 1),
  (5366, 1),
  (5369, 1),
  (5372, 1),
  (5375, 1),
  (5378, 1),
  (5381, 1),
  (5384, 1),
  (5387, 1),
  (5390, 1),
  (5393, 1),
  (5396, 1),
  (5399, 1),
  (5402, 1),
  (5405, 1),
  (5408, 1),
  (5411, 1),
  (5414, 1),
  (5417, 1),
  (5420, 1),
  (5423, 1),
  (5426, 1),
  (5429, 1),
  (5432, 1),
  (5435, 1),
  (5438, 1),
  (5441, 1),
  (5444, 1),
  (5447, 1),
  (5450, 1),
  (5453, 1),
  (5456, 1),
  (5459, 1),
  (5462, 1),
  (5465, 1),
  (5468, 1),
  (5471, 1),
  (5474, 1),
  (5477, 1),
  (5480, 1),
  (5483, 1),
  (5486, 1),
  (5489, 1),
  (5492, 1),
  (5495, 1),
  (5498, 1),
  (5501, 1),
  (5504, 1),
  (5507, 1),
  (5510, 1),
  (5513, 1),
  (5516, 1),
  (5519, 1),
  (5522, 1),
  (5525, 1),
  (5528, 1),
  (5531, 1),
  (5534, 1),
  (5537, 1),
  (5540, 1),
  (5543, 1),
  (5546, 1),
  (5549, 1),
  (5552, 1),
  (5555, 1),
  (5558, 1),
  (5561, 1),
  (5564, 1),
  (5567, 1),
  (5570, 1),
  (5573, 1),
  (5576, 1),
  (5579, 1),
  (5582, 1),
  (5585, 1),
  (5588, 1),
  (5591, 1),
  (5594, 1),
  (5597, 1),
  (5600, 1),
  (5603, 1),
  (5606, 1),
  (5609, 1),
  (5612, 1),
  (5615, 1),
  (5618, 1),
  (5621, 1),
  (5624, 1),
  (5627, 1),
  (5630, 1),
  (5633, 1),
  (5636, 1),
  (5639, 1),
  (5642, 1),
  (5645, 1),
  (5648, 1),
  (5651, 1),
  (5654, 1),
  (5657, 1),
  (5660, 1),
  (5663, 1),
  (5666, 1),
  (5669, 1),
  (5672, 1),
  (5675, 1),
  (5678, 1),
  (5681, 1),
  (5684, 1),
  (5687, 1),
  (5690, 1),
  (5693, 1),
  (5696, 1),
  (5699, 1),
  (5702, 1),
  (5705, 1),
  (5708, 1),
  (5711, 1),
  (5714, 1),
  (5717, 1),
  (5720, 1),
  (5723, 1),
  (5726, 1),
  (5729, 1),
  (5732, 1),
  (5735, 1),
  (5738, 1),
  (5741, 1),
  (5744, 1),
  (5747, 1),
  (5750, 1),
  (5753, 1),
  (5756, 1),
  (5759, 1),
  (5762, 1),
  (5765, 1),
  (5768, 1),
  (5771, 1),
  (5774, 1),
  (5777, 1),
  (5780, 1),
  (5783, 1),
  (5786, 1),
  (5789, 1),
  (5792, 1),
  (5795, 1),
  (5798, 1),
  (5801, 1),
  (5804, 1),
  (5807, 1),
  (5810, 1),
  (5813, 1),
  (5816, 1),
  (5819, 1),
  (5822, 1),
  (5825, 1),
  (5828, 1),
  (5831, 1),
  (5834, 1),
  (5837, 1),
  (5840, 1),
  (5843, 1),
  (5846, 1),
  (5849, 1),
  (5852, 1),
  (5855, 1),
  (5858, 1),
  (5861, 1),
  (5864, 1),
  (5867, 1),
  (5870, 1),
  (5873, 1),
  (5876, 1),
  (5879, 1),
  (5882, 1),
  (5885, 1),
  (5888, 1),
  (5891, 1),
  (5894, 1),
  (5897, 1),
  (5900, 1),
  (5903, 1),
  (5906, 1),
  (5909, 1),
  (5912, 1),
  (5915, 1),
  (5918, 1),
  (5921, 1),
  (5924, 1),
  (5927, 1),
  (5930, 1),
  (5933, 1),
  (5936, 1),
  (5939, 1),
  (5942, 1),
  (5945, 1),
  (5948, 1),
  (5951, 1),
  (5954, 1),
  (5957, 1),
  (5960, 1),
  (5963, 1),
  (5966, 1),
  (5969, 1),
  (5972, 1),
  (5975, 1),
  (5978, 1),
  (5981, 1),
  (5984, 1),
  (5987, 1),
  (5990, 1),
  (5993, 1),
  (5996, 1),
  (5999, 1),
  (6002, 1),
  (6005, 1),
  (6008, 1),
  (6011, 1),
  (6014, 1),
  (6017, 1),
  (6020, 1),
  (6023, 1),
  (6026, 1),
  (6029, 1),
  (6032, 1),
  (6035, 1),
  (6038, 1),
  (6041, 1),
  (6044, 1),
  (6047, 1),
  (6050, 1),
  (6053, 1),
  (6056, 1),
  (6059, 1),
  (6062, 1),
  (6065, 1),
  (6068, 1),
  (6071, 1),
  (6074, 1),
  (6077, 1),
  (6080, 1),
  (6083, 1),
  (6086, 1),
  (6089, 1),
  (6092, 1),
  (6095, 1),
  (6098, 1),
  (6101, 1),
  (6104, 1),
  (6107, 1),
  (6110, 1),
  (6113, 1),
  (6116, 1),
  (6119, 1),
  (6122, 1),
  (6125, 1),
  (6128, 1),
  (6131, 1),
  (6134, 1),
  (6137, 1),
  (6140, 1),
  (6143, 1),
  (6146, 1),
  (6149, 1),
  (6152, 1),
  (6155, 1),
  (6158, 1),
  (6161, 1),
  (6164, 1),
  (6167, 1),
  (6170, 1),
  (6173, 1),
  (6176, 1),
  (6179, 1),
  (6182, 1),
  (6185, 1),
  (6188, 1),
  (6191, 1),
  (6194, 1),
  (6197, 1),
  (6200, 1),
  (6203, 1),
  (6206, 1),
  (2074, 3),
  (2092, 3),
  (2100, 3),
  (2114, 3),
  (2119, 3),
  (2148, 3),
  (2381, 6),
  (2384, 6),
  (2387, 6),
  (2390, 6),
  (2393, 6),
  (2396, 6),
  (2399, 6),
  (2402, 6),
  (2405, 6),
  (2408, 6),
  (2411, 6),
  (2414, 6),
  (2417, 6),
  (2420, 6),
  (2423, 6),
  (2426, 6),
  (2429, 6),
  (2432, 6),
  (2435, 6),
  (2438, 6),
  (2441, 6),
  (2444, 6),
  (2447, 6),
  (2450, 6),
  (2453, 6),
  (2456, 6),
  (2459, 6),
  (2462, 6),
  (2465, 6),
  (2468, 6),
  (2471, 6),
  (2474, 6),
  (2477, 6),
  (2480, 6),
  (2483, 6),
  (2486, 6),
  (2489, 6),
  (2492, 6),
  (2495, 6),
  (2498, 6),
  (2501, 6),
  (2504, 6),
  (2507, 6),
  (2510, 6),
  (2513, 6),
  (2516, 6),
  (2519, 6),
  (2522, 6),
  (2525, 6),
  (2528, 6),
  (2531, 6),
  (2534, 6),
  (2537, 6),
  (2540, 6),
  (2543, 6),
  (2546, 6),
  (2549, 6),
  (2552, 6),
  (2555, 6),
  (2558, 6),
  (2561, 6),
  (2564, 6),
  (2567, 6),
  (2570, 6),
  (2573, 6),
  (2576, 6),
  (2579, 6),
  (2582, 6),
  (2585, 6),
  (2588, 6),
  (2591, 6),
  (2594, 6),
  (2597, 6),
  (2600, 6),
  (2603, 6),
  (2606, 6),
  (2609, 6),
  (2612, 6),
  (2615, 6),
  (2618, 6),
  (2621, 6),
  (2624, 6),
  (2627, 6),
  (2630, 6),
  (2633, 6),
  (2636, 6),
  (2639, 6),
  (2642, 6),
  (2645, 6),
  (2648, 6),
  (2651, 6),
  (2654, 6),
  (2657, 6),
  (2660, 6),
  (2663, 6),
  (2666, 6),
  (2669, 6),
  (2672, 6),
  (2675, 6),
  (2678, 6),
  (2681, 6),
  (2684, 6),
  (2687, 6),
  (2690, 6),
  (2693, 6),
  (2696, 6),
  (2699, 6),
  (2702, 6),
  (2705, 6),
  (2708, 6),
  (2711, 6),
  (2714, 6),
  (2717, 6),
  (2720, 6),
  (2723, 6),
  (2726, 6),
  (2729, 6),
  (2732, 6),
  (2735, 6),
  (2738, 6),
  (2741, 6),
  (2744, 6),
  (2747, 6),
  (2750, 6),
  (2753, 6),
  (2756, 6),
  (2759, 6),
  (2762, 6),
  (2765, 6),
  (2768, 6),
  (2771, 6),
  (2774, 6),
  (2777, 6),
  (2780, 6),
  (2783, 6),
  (2786, 6),
  (2789, 6),
  (2792, 6),
  (2795, 6),
  (2798, 6),
  (2801, 6),
  (2804, 6),
  (2807, 6),
  (2810, 6),
  (2813, 6),
  (2816, 6),
  (2819, 6),
  (2822, 6),
  (2825, 6),
  (2828, 6),
  (2831, 6),
  (2834, 6),
  (2837, 6),
  (2840, 6),
  (2843, 6),
  (2846, 6),
  (2849, 6),
  (2852, 6),
  (2855, 6),
  (2858, 6),
  (2861, 6),
  (2864, 6),
  (2867, 6),
  (2870, 6),
  (2873, 6),
  (2876, 6),
  (2879, 6),
  (2882, 6),
  (2885, 6),
  (2888, 6),
  (2891, 6),
  (2894, 6),
  (2897, 6),
  (2900, 6),
  (2903, 6),
  (2906, 6),
  (2909, 6),
  (2912, 6),
  (2915, 6),
  (2918, 6),
  (2921, 6),
  (2924, 6),
  (2927, 6),
  (2930, 6),
  (2933, 6),
  (2936, 6),
  (2939, 6),
  (2942, 6),
  (2945, 6),
  (2948, 6),
  (2951, 6),
  (2954, 6),
  (2957, 6),
  (2960, 6),
  (2963, 6),
  (2966, 6),
  (2969, 6),
  (2972, 6),
  (2975, 6),
  (2978, 6),
  (2981, 6),
  (2984, 6),
  (2987, 6),
  (2990, 6),
  (2993, 6),
  (2996, 6),
  (2999, 6),
  (3002, 6),
  (3005, 6),
  (3008, 6),
  (3011, 6),
  (3014, 6),
  (3017, 6),
  (3020, 6),
  (3023, 6),
  (3026, 6),
  (3029, 6),
  (3032, 6),
  (3035, 6),
  (3038, 6),
  (3041, 6),
  (3044, 6),
  (3047, 6),
  (3050, 6),
  (3053, 6),
  (3056, 6),
  (3059, 6),
  (3062, 6),
  (3065, 6),
  (3068, 6),
  (3071, 6),
  (3074, 6),
  (3077, 6),
  (3080, 6),
  (3083, 6),
  (3086, 6),
  (3089, 6),
  (3092, 6),
  (3095, 6),
  (3098, 6),
  (3101, 6),
  (3104, 6),
  (3107, 6),
  (3110, 6),
  (3113, 6),
  (3116, 6),
  (3119, 6),
  (3122, 6),
  (3125, 6),
  (3128, 6),
  (3131, 6),
  (3134, 6),
  (3137, 6),
  (3140, 6),
  (3143, 6),
  (3146, 6),
  (3149, 6),
  (3152, 6),
  (3155, 6),
  (3158, 6),
  (3161, 6),
  (3164, 6),
  (3167, 6),
  (3170, 6),
  (3173, 6),
  (3176, 6),
  (3179, 6),
  (3182, 6),
  (3185, 6),
  (3188, 6),
  (3191, 6),
  (3194, 6),
  (3197, 6),
  (3200, 6),
  (3203, 6),
  (3206, 6),
  (3209, 6),
  (3212, 6),
  (3215, 6),
  (3218, 6),
  (3221, 6),
  (3224, 6),
  (3227, 6),
  (3230, 6),
  (3233, 6),
  (3236, 6),
  (3239, 6),
  (3242, 6),
  (3245, 6),
  (3248, 6),
  (3251, 6),
  (3254, 6),
  (3257, 6),
  (3260, 6),
  (3263, 6),
  (3266, 6),
  (3269, 6),
  (3272, 6),
  (3275, 6),
  (3278, 6),
  (3281, 6),
  (3284, 6),
  (3287, 6),
  (3290, 6),
  (3293, 6),
  (3296, 6),
  (3299, 6),
  (3302, 6),
  (3305, 6),
  (3308, 6),
  (3311, 6),
  (3314, 6),
  (3317, 6),
  (3320, 6),
  (3323, 6),
  (3326, 6),
  (3329, 6),
  (3332, 6),
  (3335, 6),
  (3338, 6),
  (3341, 6),
  (3344, 6),
  (3347, 6),
  (3350, 6),
  (3353, 6),
  (3356, 6),
  (3359, 6),
  (3362, 6),
  (3365, 6),
  (3368, 6),
  (3371, 6),
  (3374, 6),
  (3377, 6),
  (3380, 6),
  (3383, 6),
  (3386, 6),
  (3389, 6),
  (3392, 6),
  (3395, 6),
  (3398, 6),
  (3401, 6),
  (3404, 6),
  (3407, 6),
  (3410, 6),
  (3413, 6),
  (3416, 6),
  (3419, 6),
  (3422, 6),
  (3425, 6),
  (3428, 6),
  (3431, 6),
  (3434, 6),
  (3437, 6),
  (3440, 6),
  (3443, 6),
  (3446, 6),
  (3449, 6),
  (3452, 6),
  (3455, 6),
  (3458, 6),
  (3461, 6),
  (3464, 6),
  (3467, 6),
  (3470, 6),
  (3473, 6),
  (3476, 6),
  (3479, 6),
  (3482, 6),
  (3485, 6),
  (3488, 6),
  (3491, 6),
  (3494, 6),
  (3497, 6),
  (3500, 6),
  (3503, 6),
  (3506, 6),
  (3509, 6),
  (3512, 6),
  (3515, 6),
  (3518, 6),
  (3521, 6),
  (3524, 6),
  (3527, 6),
  (3530, 6),
  (3533, 6),
  (3536, 6),
  (3539, 6),
  (3542, 6),
  (3545, 6),
  (3548, 6),
  (3551, 6),
  (3554, 6),
  (3557, 6),
  (3560, 6),
  (3563, 6),
  (3566, 6),
  (3569, 6),
  (3572, 6),
  (3575, 6),
  (3578, 6),
  (3581, 6),
  (3584, 6),
  (3587, 6),
  (3590, 6),
  (3593, 6),
  (3596, 6),
  (3599, 6),
  (3602, 6),
  (3605, 6),
  (3608, 6),
  (3611, 6),
  (3614, 6),
  (3617, 6),
  (3620, 6),
  (3623, 6),
  (3626, 6),
  (3629, 6),
  (3632, 6),
  (3635, 6),
  (3638, 6),
  (3641, 6),
  (3644, 6),
  (3647, 6),
  (3650, 6),
  (3653, 6),
  (3656, 6),
  (3659, 6),
  (3662, 6),
  (3665, 6),
  (3668, 6),
  (3671, 6),
  (3674, 6),
  (3677, 6),
  (3680, 6),
  (3683, 6),
  (3686, 6),
  (3689, 6),
  (3692, 6),
  (3695, 6),
  (3698, 6),
  (3701, 6),
  (3704, 6),
  (3707, 6),
  (3710, 6),
  (3713, 6),
  (3716, 6),
  (3719, 6),
  (3722, 6),
  (3725, 6),
  (3728, 6),
  (3731, 6),
  (3734, 6),
  (3737, 6),
  (3740, 6),
  (3743, 6),
  (3746, 6),
  (3749, 6),
  (3752, 6),
  (3755, 6),
  (3758, 6),
  (3761, 6),
  (3764, 6),
  (3767, 6),
  (3770, 6),
  (3773, 6),
  (3776, 6),
  (3779, 6),
  (3782, 6),
  (3785, 6),
  (3788, 6),
  (3791, 6),
  (3794, 6),
  (3797, 6),
  (3800, 6),
  (3803, 6),
  (3806, 6),
  (3809, 6),
  (3812, 6),
  (3815, 6),
  (3818, 6),
  (3821, 6),
  (3824, 6),
  (3827, 6),
  (3830, 6),
  (3833, 6),
  (3836, 6),
  (3839, 6),
  (3842, 6),
  (3845, 6),
  (3848, 6),
  (3851, 6),
  (3854, 6),
  (3857, 6),
  (3860, 6),
  (3863, 6),
  (3866, 6),
  (3869, 6),
  (3872, 6),
  (3875, 6),
  (3878, 6),
  (3881, 6),
  (3884, 6),
  (3887, 6),
  (3890, 6),
  (3893, 6),
  (3896, 6),
  (3899, 6),
  (3902, 6),
  (3905, 6),
  (3908, 6),
  (3911, 6),
  (3914, 6),
  (3917, 6),
  (3920, 6),
  (3923, 6),
  (3926, 6),
  (3929, 6),
  (3932, 6),
  (3935, 6),
  (3938, 6),
  (3941, 6),
  (3944, 6),
  (3947, 6),
  (3950, 6),
  (3953, 6),
  (3956, 6),
  (3959, 6),
  (3962, 6),
  (3965, 6),
  (3968, 6),
  (3971, 6),
  (3974, 6),
  (3977, 6),
  (3980, 6),
  (3983, 6),
  (3986, 6),
  (3989, 6),
  (3992, 6),
  (3995, 6),
  (3998, 6),
  (4001, 6),
  (4004, 6),
  (4007, 6),
  (4010, 6),
  (4013, 6),
  (4016, 6),
  (4019, 6),
  (4022, 6),
  (4025, 6),
  (4028, 6),
  (4031, 6),
  (4034, 6),
  (4037, 6),
  (4040, 6),
  (4043, 6),
  (4046, 6),
  (4049, 6),
  (4052, 6),
  (4055, 6),
  (4058, 6),
  (4061, 6),
  (4064, 6),
  (4067, 6),
  (4070, 6),
  (4073, 6),
  (4076, 6),
  (4079, 6),
  (4082, 6),
  (4085, 6),
  (4088, 6),
  (4091, 6),
  (4094, 6),
  (4097, 6),
  (4100, 6),
  (4103, 6),
  (4106, 6),
  (4109, 6),
  (4112, 6),
  (4115, 6),
  (4118, 6),
  (4121, 6),
  (4124, 6),
  (4127, 6),
  (4130, 6),
  (4133, 6),
  (4136, 6),
  (4139, 6),
  (4142, 6),
  (4145, 6),
  (4148, 6),
  (4151, 6),
  (4154, 6),
  (4157, 6),
  (4160, 6),
  (4163, 6),
  (4166, 6),
  (4169, 6),
  (4172, 6),
  (4175, 6),
  (4178, 6),
  (4181, 6),
  (4184, 6),
  (4187, 6),
  (4190, 6),
  (4220, 6),
  (4223, 6),
  (4235, 6),
  (4238, 6),
  (4265, 6),
  (4337, 6);

-- --------------------------------------------------------

--
-- Table structure for table `elements_has_states`
--

DROP TABLE IF EXISTS `elements_has_states`;
CREATE TABLE IF NOT EXISTS `elements_has_states` (
  `elements_id` int(11) NOT NULL,
  `states_id` int(11) NOT NULL,
  PRIMARY KEY (`elements_id`,`states_id`),
  KEY `fk_elements_has_states_states1_idx` (`states_id`),
  KEY `fk_elements_has_states_elements1_idx` (`elements_id`)
) ENGINE=InnoDB DEFAULT CHARSET=utf8;

--
-- Dumping data for table `elements_has_states`
--

INSERT INTO `elements_has_states` (`elements_id`, `states_id`) VALUES
  (2074, 1),
  (2092, 1),
  (2100, 1),
  (2114, 1),
  (2119, 1),
  (2148, 1),
  (2074, 5),
  (2092, 5),
  (2100, 5),
  (2114, 5),
  (2119, 5),
  (2148, 5),
  (1, 204),
  (2, 204),
  (3, 204),
  (4, 204),
  (5, 204),
  (6, 204),
  (7, 204),
  (8, 204),
  (9, 204),
  (10, 204),
  (11, 204),
  (12, 204),
  (13, 204),
  (14, 204),
  (15, 204),
  (16, 204),
  (17, 204),
  (18, 204),
  (19, 204),
  (20, 204),
  (21, 204),
  (22, 204),
  (23, 204),
  (24, 204),
  (25, 204),
  (26, 204),
  (27, 204),
  (28, 204),
  (29, 204),
  (30, 204),
  (31, 204),
  (32, 204),
  (33, 204),
  (34, 204),
  (35, 204),
  (36, 204),
  (37, 204),
  (38, 204),
  (39, 204),
  (40, 204),
  (41, 204),
  (42, 204),
  (43, 204),
  (44, 204),
  (45, 204),
  (46, 204),
  (47, 204),
  (48, 204),
  (49, 204),
  (50, 204),
  (51, 204),
  (52, 204),
  (53, 204),
  (54, 204),
  (55, 204),
  (56, 204),
  (57, 204),
  (58, 204),
  (59, 204),
  (60, 204),
  (61, 204),
  (62, 204),
  (63, 204),
  (64, 204),
  (65, 204),
  (66, 204),
  (67, 204),
  (68, 204),
  (69, 204),
  (70, 204),
  (71, 204),
  (72, 204),
  (73, 204),
  (74, 204),
  (75, 204),
  (76, 204),
  (77, 204),
  (78, 204),
  (79, 204),
  (80, 204),
  (81, 204),
  (82, 204),
  (83, 204),
  (84, 204),
  (85, 204),
  (86, 204),
  (87, 204),
  (88, 204),
  (89, 204),
  (90, 204),
  (91, 204),
  (92, 204),
  (93, 204),
  (94, 204),
  (95, 204),
  (96, 204),
  (97, 204),
  (98, 204),
  (99, 204),
  (100, 204),
  (101, 204),
  (102, 204),
  (103, 204),
  (104, 204),
  (105, 204),
  (106, 204),
  (107, 204),
  (108, 204),
  (109, 204),
  (110, 204),
  (111, 204),
  (112, 204),
  (113, 204),
  (114, 204),
  (115, 204),
  (116, 204),
  (117, 204),
  (118, 204),
  (119, 204),
  (120, 204),
  (121, 204),
  (122, 204),
  (123, 204),
  (124, 204),
  (125, 204),
  (126, 204),
  (127, 204),
  (128, 204),
  (129, 204),
  (130, 204),
  (131, 204),
  (132, 204),
  (133, 204),
  (134, 204),
  (135, 204),
  (136, 204),
  (137, 204),
  (138, 204),
  (139, 204),
  (140, 204),
  (141, 204),
  (142, 204),
  (143, 204),
  (144, 204),
  (145, 204),
  (146, 204),
  (147, 204),
  (148, 204),
  (149, 204),
  (150, 204),
  (151, 204),
  (152, 204),
  (153, 204),
  (154, 204),
  (155, 204),
  (156, 204),
  (157, 204),
  (158, 204),
  (159, 204),
  (160, 204),
  (161, 204),
  (162, 204),
  (163, 204),
  (164, 204),
  (165, 204),
  (166, 204),
  (167, 204),
  (168, 204),
  (169, 204),
  (170, 204),
  (171, 204),
  (172, 204),
  (173, 204),
  (174, 204),
  (175, 204),
  (176, 204),
  (177, 204),
  (178, 204),
  (179, 204),
  (180, 204),
  (181, 204),
  (182, 204),
  (183, 204),
  (184, 204),
  (2381, 204),
  (2384, 204),
  (2387, 204),
  (2390, 204),
  (2393, 204),
  (2396, 204),
  (2399, 204),
  (2402, 204),
  (2405, 204),
  (2408, 204),
  (2411, 204),
  (2414, 204),
  (2417, 204),
  (2420, 204),
  (2423, 204),
  (2426, 204),
  (2429, 204),
  (2432, 204),
  (2435, 204),
  (2438, 204),
  (2441, 204),
  (2444, 204),
  (2447, 204),
  (2450, 204),
  (2453, 204),
  (2456, 204),
  (2459, 204),
  (2462, 204),
  (2465, 204),
  (2468, 204),
  (2471, 204),
  (2474, 204),
  (2477, 204),
  (2480, 204),
  (2483, 204),
  (2486, 204),
  (2489, 204),
  (2492, 204),
  (2495, 204),
  (2498, 204),
  (2501, 204),
  (2504, 204),
  (2507, 204),
  (2510, 204),
  (2513, 204),
  (2516, 204),
  (2519, 204),
  (2522, 204),
  (2525, 204),
  (2528, 204),
  (2531, 204),
  (2534, 204),
  (2537, 204),
  (2540, 204),
  (2543, 204),
  (2546, 204),
  (2549, 204),
  (2552, 204),
  (2555, 204),
  (2558, 204),
  (2561, 204),
  (2564, 204),
  (2567, 204),
  (2570, 204),
  (2573, 204),
  (2576, 204),
  (2579, 204),
  (2582, 204),
  (2585, 204),
  (2588, 204),
  (2591, 204),
  (2594, 204),
  (2597, 204),
  (2600, 204),
  (2603, 204),
  (2606, 204),
  (2609, 204),
  (2612, 204),
  (2615, 204),
  (2618, 204),
  (2621, 204),
  (2624, 204),
  (2627, 204),
  (2630, 204),
  (2633, 204),
  (2636, 204),
  (2639, 204),
  (2642, 204),
  (2645, 204),
  (2648, 204),
  (2651, 204),
  (2654, 204),
  (2657, 204),
  (2660, 204),
  (2663, 204),
  (2666, 204),
  (2669, 204),
  (2672, 204),
  (2675, 204),
  (2678, 204),
  (2681, 204),
  (2684, 204),
  (2687, 204),
  (2690, 204),
  (2693, 204),
  (2696, 204),
  (2699, 204),
  (2702, 204),
  (2705, 204),
  (2708, 204),
  (2711, 204),
  (2714, 204),
  (2717, 204),
  (2720, 204),
  (2723, 204),
  (2726, 204),
  (2729, 204),
  (2732, 204),
  (2735, 204),
  (2738, 204),
  (2741, 204),
  (2744, 204),
  (2747, 204),
  (2750, 204),
  (2753, 204),
  (2756, 204),
  (2759, 204),
  (2762, 204),
  (2765, 204),
  (2768, 204),
  (2771, 204),
  (2774, 204),
  (2777, 204),
  (2780, 204),
  (2783, 204),
  (2786, 204),
  (2789, 204),
  (2792, 204),
  (2795, 204),
  (2798, 204),
  (2801, 204),
  (2804, 204),
  (2807, 204),
  (2810, 204),
  (2813, 204),
  (2816, 204),
  (2819, 204),
  (2822, 204),
  (2825, 204),
  (2828, 204),
  (2831, 204),
  (2834, 204),
  (2837, 204),
  (2840, 204),
  (2843, 204),
  (2846, 204),
  (2849, 204),
  (2852, 204),
  (2855, 204),
  (2858, 204),
  (2861, 204),
  (2864, 204),
  (2867, 204),
  (2870, 204),
  (2873, 204),
  (2876, 204),
  (2879, 204),
  (2882, 204),
  (2885, 204),
  (2888, 204),
  (2891, 204),
  (2894, 204),
  (2897, 204),
  (2900, 204),
  (2903, 204),
  (2906, 204),
  (2909, 204),
  (2912, 204),
  (2915, 204),
  (2918, 204),
  (2921, 204),
  (2924, 204),
  (2927, 204),
  (2930, 204),
  (2933, 204),
  (2936, 204),
  (2939, 204),
  (2942, 204),
  (2945, 204),
  (2948, 204),
  (2951, 204),
  (2954, 204),
  (2957, 204),
  (2960, 204),
  (2963, 204),
  (2966, 204),
  (2969, 204),
  (2972, 204),
  (2975, 204),
  (2978, 204),
  (2981, 204),
  (2984, 204),
  (2987, 204),
  (2990, 204),
  (2993, 204),
  (2996, 204),
  (2999, 204),
  (3002, 204),
  (3005, 204),
  (3008, 204),
  (3011, 204),
  (3014, 204),
  (3017, 204),
  (3020, 204),
  (3023, 204),
  (3026, 204),
  (3029, 204),
  (3032, 204),
  (3035, 204),
  (3038, 204),
  (3041, 204),
  (3044, 204),
  (3047, 204),
  (3050, 204),
  (3053, 204),
  (3056, 204),
  (3059, 204),
  (3062, 204),
  (3065, 204),
  (3068, 204),
  (3071, 204),
  (3074, 204),
  (3077, 204),
  (3080, 204),
  (3083, 204),
  (3086, 204),
  (3089, 204),
  (3092, 204),
  (3095, 204),
  (3098, 204),
  (3101, 204),
  (3104, 204),
  (3107, 204),
  (3110, 204),
  (3113, 204),
  (3116, 204),
  (3119, 204),
  (3122, 204),
  (3125, 204),
  (3128, 204),
  (3131, 204),
  (3134, 204),
  (3137, 204),
  (3140, 204),
  (3143, 204),
  (3146, 204),
  (3149, 204),
  (3152, 204),
  (3155, 204),
  (3158, 204),
  (3161, 204),
  (3164, 204),
  (3167, 204),
  (3170, 204),
  (3173, 204),
  (3176, 204),
  (3179, 204),
  (3182, 204),
  (3185, 204),
  (3188, 204),
  (3191, 204),
  (3194, 204),
  (3197, 204),
  (3200, 204),
  (3203, 204),
  (3206, 204),
  (3209, 204),
  (3212, 204),
  (3215, 204),
  (3218, 204),
  (3221, 204),
  (3224, 204),
  (3227, 204),
  (3230, 204),
  (3233, 204),
  (3236, 204),
  (3239, 204),
  (3242, 204),
  (3245, 204),
  (3248, 204),
  (3251, 204),
  (3254, 204),
  (3257, 204),
  (3260, 204),
  (3263, 204),
  (3266, 204),
  (3269, 204),
  (3272, 204),
  (3275, 204),
  (3278, 204),
  (3281, 204),
  (3284, 204),
  (3287, 204),
  (3290, 204),
  (3293, 204),
  (3296, 204),
  (3299, 204),
  (3302, 204),
  (3305, 204),
  (3308, 204),
  (3311, 204),
  (3314, 204),
  (3317, 204),
  (3320, 204),
  (3323, 204),
  (3326, 204),
  (3329, 204),
  (3332, 204),
  (3335, 204),
  (3338, 204),
  (3341, 204),
  (3344, 204),
  (3347, 204),
  (3350, 204),
  (3353, 204),
  (3356, 204),
  (3359, 204),
  (3362, 204),
  (3365, 204),
  (3368, 204),
  (3371, 204),
  (3374, 204),
  (3377, 204),
  (3380, 204),
  (3383, 204),
  (3386, 204),
  (3389, 204),
  (3392, 204),
  (3395, 204),
  (3398, 204),
  (3401, 204),
  (3404, 204),
  (3407, 204),
  (3410, 204),
  (3413, 204),
  (3416, 204),
  (3419, 204),
  (3422, 204),
  (3425, 204),
  (3428, 204),
  (3431, 204),
  (3434, 204),
  (3437, 204),
  (3440, 204),
  (3443, 204),
  (3446, 204),
  (3449, 204),
  (3452, 204),
  (3455, 204),
  (3458, 204),
  (3461, 204),
  (3464, 204),
  (3467, 204),
  (3470, 204),
  (3473, 204),
  (3476, 204),
  (3479, 204),
  (3482, 204),
  (3485, 204),
  (3488, 204),
  (3491, 204),
  (3494, 204),
  (3497, 204),
  (3500, 204),
  (3503, 204),
  (3506, 204),
  (3509, 204),
  (3512, 204),
  (3515, 204),
  (3518, 204),
  (3521, 204),
  (3524, 204),
  (3527, 204),
  (3530, 204),
  (3533, 204),
  (3536, 204),
  (3539, 204),
  (3542, 204),
  (3545, 204),
  (3548, 204),
  (3551, 204),
  (3554, 204),
  (3557, 204),
  (3560, 204),
  (3563, 204),
  (3566, 204),
  (3569, 204),
  (3572, 204),
  (3575, 204),
  (3578, 204),
  (3581, 204),
  (3584, 204),
  (3587, 204),
  (3590, 204),
  (3593, 204),
  (3596, 204),
  (3599, 204),
  (3602, 204),
  (3605, 204),
  (3608, 204),
  (3611, 204),
  (3614, 204),
  (3617, 204),
  (3620, 204),
  (3623, 204),
  (3626, 204),
  (3629, 204),
  (3632, 204),
  (3635, 204),
  (3638, 204),
  (3641, 204),
  (3644, 204),
  (3647, 204),
  (3650, 204),
  (3653, 204),
  (3656, 204),
  (3659, 204),
  (3662, 204),
  (3665, 204),
  (3668, 204),
  (3671, 204),
  (3674, 204),
  (3677, 204),
  (3680, 204),
  (3683, 204),
  (3686, 204),
  (3689, 204),
  (3692, 204),
  (3695, 204),
  (3698, 204),
  (3701, 204),
  (3704, 204),
  (3707, 204),
  (3710, 204),
  (3713, 204),
  (3716, 204),
  (3719, 204),
  (3722, 204),
  (3725, 204),
  (3728, 204),
  (3731, 204),
  (3734, 204),
  (3737, 204),
  (3740, 204),
  (3743, 204),
  (3746, 204),
  (3749, 204),
  (3752, 204),
  (3755, 204),
  (3758, 204),
  (3761, 204),
  (3764, 204),
  (3767, 204),
  (3770, 204),
  (3773, 204),
  (3776, 204),
  (3779, 204),
  (3782, 204),
  (3785, 204),
  (3788, 204),
  (3791, 204),
  (3794, 204),
  (3797, 204),
  (3800, 204),
  (3803, 204),
  (3806, 204),
  (3809, 204),
  (3812, 204),
  (3815, 204),
  (3818, 204),
  (3821, 204),
  (3824, 204),
  (3827, 204),
  (3830, 204),
  (3833, 204),
  (3836, 204),
  (3839, 204),
  (3842, 204),
  (3845, 204),
  (3848, 204),
  (3851, 204),
  (3854, 204),
  (3857, 204),
  (3860, 204),
  (3863, 204),
  (3866, 204),
  (3869, 204),
  (3872, 204),
  (3875, 204),
  (3878, 204),
  (3881, 204),
  (3884, 204),
  (3887, 204),
  (3890, 204),
  (3893, 204),
  (3896, 204),
  (3899, 204),
  (3902, 204),
  (3905, 204),
  (3908, 204),
  (3911, 204),
  (3914, 204),
  (3917, 204),
  (3920, 204),
  (3923, 204),
  (3926, 204),
  (3929, 204),
  (3932, 204),
  (3935, 204),
  (3938, 204),
  (3941, 204),
  (3944, 204),
  (3947, 204),
  (3950, 204),
  (3953, 204),
  (3956, 204),
  (3959, 204),
  (3962, 204),
  (3965, 204),
  (3968, 204),
  (3971, 204),
  (3974, 204),
  (3977, 204),
  (3980, 204),
  (3983, 204),
  (3986, 204),
  (3989, 204),
  (3992, 204),
  (3995, 204),
  (3998, 204),
  (4001, 204),
  (4004, 204),
  (4007, 204),
  (4010, 204),
  (4013, 204),
  (4016, 204),
  (4019, 204),
  (4022, 204),
  (4025, 204),
  (4028, 204),
  (4031, 204),
  (4034, 204),
  (4037, 204),
  (4040, 204),
  (4043, 204),
  (4046, 204),
  (4049, 204),
  (4052, 204),
  (4055, 204),
  (4058, 204),
  (4061, 204),
  (4064, 204),
  (4067, 204),
  (4070, 204),
  (4073, 204),
  (4076, 204),
  (4079, 204),
  (4082, 204),
  (4085, 204),
  (4088, 204),
  (4091, 204),
  (4094, 204),
  (4097, 204),
  (4100, 204),
  (4103, 204),
  (4106, 204),
  (4109, 204),
  (4112, 204),
  (4115, 204),
  (4118, 204),
  (4121, 204),
  (4124, 204),
  (4127, 204),
  (4130, 204),
  (4133, 204),
  (4136, 204),
  (4139, 204),
  (4142, 204),
  (4145, 204),
  (4148, 204),
  (4151, 204),
  (4154, 204),
  (4157, 204),
  (4160, 204),
  (4163, 204),
  (4166, 204),
  (4169, 204),
  (4172, 204),
  (4175, 204),
  (4178, 204),
  (4181, 204),
  (4184, 204),
  (4187, 204),
  (4190, 204),
  (4220, 204),
  (4223, 204),
  (4235, 204),
  (4238, 204),
  (4265, 204),
  (4337, 204),
  (4361, 204),
  (4364, 204),
  (4373, 204),
  (4391, 204),
  (4397, 204),
  (4400, 204),
  (4406, 204),
  (4409, 204),
  (4418, 204),
  (4421, 204),
  (4430, 204),
  (4436, 204),
  (4439, 204),
  (4442, 204),
  (4445, 204),
  (4460, 204),
  (4463, 204),
  (4466, 204),
  (4469, 204),
  (4475, 204),
  (4478, 204),
  (4481, 204),
  (4487, 204),
  (4493, 204),
  (4496, 204),
  (4499, 204),
  (4502, 204),
  (4511, 204),
  (4514, 204),
  (4517, 204),
  (4520, 204),
  (4523, 204),
  (4526, 204),
  (4529, 204),
  (4532, 204),
  (4541, 204),
  (4547, 204),
  (4550, 204),
  (4553, 204),
  (4556, 204),
  (4565, 204),
  (4571, 204),
  (4574, 204),
  (4577, 204),
  (4580, 204),
  (4583, 204),
  (4586, 204),
  (4595, 204),
  (4598, 204),
  (4607, 204),
  (4613, 204),
  (4616, 204),
  (4637, 204),
  (4640, 204),
  (4643, 204),
  (4649, 204),
  (4655, 204),
  (4658, 204),
  (4661, 204),
  (4664, 204),
  (4667, 204),
  (4676, 204),
  (4682, 204),
  (4685, 204),
  (4688, 204),
  (4691, 204),
  (4694, 204),
  (4697, 204),
  (4700, 204),
  (4706, 204),
  (4712, 204),
  (4715, 204),
  (4718, 204),
  (4721, 204),
  (4724, 204),
  (4730, 204),
  (4733, 204),
  (4736, 204),
  (4739, 204),
  (4748, 204),
  (4754, 204),
  (4757, 204),
  (4760, 204),
  (4769, 204),
  (4772, 204),
  (4775, 204),
  (4778, 204),
  (4781, 204),
  (4790, 204),
  (4802, 204),
  (4808, 204),
  (4811, 204),
  (4820, 204),
  (4826, 204),
  (4832, 204),
  (4835, 204),
  (4844, 204),
  (4853, 204),
  (4856, 204),
  (4859, 204),
  (4868, 204),
  (4874, 204),
  (4880, 204),
  (4886, 204),
  (4889, 204),
  (4892, 204),
  (4898, 204),
  (4901, 204),
  (4916, 204),
  (4919, 204),
  (4940, 204),
  (4943, 204),
  (4946, 204),
  (4949, 204),
  (4958, 204),
  (4961, 204),
  (4964, 204),
  (4967, 204),
  (4970, 204),
  (4973, 204),
  (4982, 204),
  (4985, 204),
  (5006, 204),
  (5009, 204),
  (5018, 204),
  (5021, 204),
  (5024, 204),
  (5027, 204),
  (5036, 204),
  (5039, 204),
  (5042, 204),
  (5045, 204),
  (5048, 204),
  (5063, 204),
  (5066, 204),
  (5081, 204),
  (5084, 204),
  (5093, 204),
  (5096, 204),
  (5102, 204),
  (5105, 204),
  (5126, 204),
  (5129, 204),
  (5132, 204),
  (5141, 204),
  (5144, 204),
  (5147, 204),
  (5150, 204),
  (5159, 204),
  (5162, 204),
  (5165, 204),
  (5168, 204),
  (5177, 204),
  (5180, 204),
  (5183, 204),
  (5192, 204),
  (5195, 204),
  (5204, 204),
  (5207, 204),
  (5216, 204),
  (5219, 204),
  (5228, 204),
  (5231, 204),
  (5234, 204),
  (5240, 204),
  (5246, 204),
  (5249, 204),
  (5258, 204),
  (5261, 204),
  (5270, 204),
  (5273, 204),
  (5276, 204),
  (5279, 204),
  (5282, 204),
  (5285, 204),
  (5294, 204),
  (5297, 204),
  (5300, 204),
  (5303, 204),
  (5306, 204),
  (5309, 204),
  (5312, 204),
  (5315, 204),
  (5318, 204),
  (5321, 204),
  (5324, 204),
  (5327, 204),
  (5330, 204),
  (5333, 204),
  (5336, 204),
  (5339, 204),
  (5342, 204),
  (5345, 204),
  (5348, 204),
  (5351, 204),
  (5354, 204),
  (5357, 204),
  (5360, 204),
  (5363, 204),
  (5366, 204),
  (5369, 204),
  (5372, 204),
  (5375, 204),
  (5378, 204),
  (5381, 204),
  (5384, 204),
  (5387, 204),
  (5390, 204),
  (5393, 204),
  (5396, 204),
  (5399, 204),
  (5402, 204),
  (5405, 204),
  (5408, 204),
  (5411, 204),
  (5414, 204),
  (5417, 204),
  (5420, 204),
  (5423, 204),
  (5426, 204),
  (5429, 204),
  (5432, 204),
  (5435, 204),
  (5438, 204),
  (5441, 204),
  (5444, 204),
  (5447, 204),
  (5450, 204),
  (5453, 204),
  (5456, 204),
  (5459, 204),
  (5462, 204),
  (5465, 204),
  (5468, 204),
  (5471, 204),
  (5474, 204),
  (5477, 204),
  (5480, 204),
  (5483, 204),
  (5486, 204),
  (5489, 204),
  (5492, 204),
  (5495, 204),
  (5498, 204),
  (5501, 204),
  (5504, 204),
  (5507, 204),
  (5510, 204),
  (5513, 204),
  (5516, 204),
  (5519, 204),
  (5522, 204),
  (5525, 204),
  (5528, 204),
  (5531, 204),
  (5534, 204),
  (5537, 204),
  (5540, 204),
  (5543, 204),
  (5546, 204),
  (5549, 204),
  (5552, 204),
  (5555, 204),
  (5558, 204),
  (5561, 204),
  (5564, 204),
  (5567, 204),
  (5570, 204),
  (5573, 204),
  (5576, 204),
  (5579, 204),
  (5582, 204),
  (5585, 204),
  (5588, 204),
  (5591, 204),
  (5594, 204),
  (5597, 204),
  (5600, 204),
  (5603, 204),
  (5606, 204),
  (5609, 204),
  (5612, 204),
  (5615, 204),
  (5618, 204),
  (5621, 204),
  (5624, 204),
  (5627, 204),
  (5630, 204),
  (5633, 204),
  (5636, 204),
  (5639, 204),
  (5642, 204),
  (5645, 204),
  (5648, 204),
  (5651, 204),
  (5654, 204),
  (5657, 204),
  (5660, 204),
  (5663, 204),
  (5666, 204),
  (5669, 204),
  (5672, 204),
  (5675, 204),
  (5678, 204),
  (5681, 204),
  (5684, 204),
  (5687, 204),
  (5690, 204),
  (5693, 204),
  (5696, 204),
  (5699, 204),
  (5702, 204),
  (5705, 204),
  (5708, 204),
  (5711, 204),
  (5714, 204),
  (5717, 204),
  (5720, 204),
  (5723, 204),
  (5726, 204),
  (5729, 204),
  (5732, 204),
  (5735, 204),
  (5738, 204),
  (5741, 204),
  (5744, 204),
  (5747, 204),
  (5750, 204),
  (5753, 204),
  (5756, 204),
  (5759, 204),
  (5762, 204),
  (5765, 204),
  (5768, 204),
  (5771, 204),
  (5774, 204),
  (5777, 204),
  (5780, 204),
  (5783, 204),
  (5786, 204),
  (5789, 204),
  (5792, 204),
  (5795, 204),
  (5798, 204),
  (5801, 204),
  (5804, 204),
  (5807, 204),
  (5810, 204),
  (5813, 204),
  (5816, 204),
  (5819, 204),
  (5822, 204),
  (5825, 204),
  (5828, 204),
  (5831, 204),
  (5834, 204),
  (5837, 204),
  (5840, 204),
  (5843, 204),
  (5846, 204),
  (5849, 204),
  (5852, 204),
  (5855, 204),
  (5858, 204),
  (5861, 204),
  (5864, 204),
  (5867, 204),
  (5870, 204),
  (5873, 204),
  (5876, 204),
  (5879, 204),
  (5882, 204),
  (5885, 204),
  (5888, 204),
  (5891, 204),
  (5894, 204),
  (5897, 204),
  (5900, 204),
  (5903, 204),
  (5906, 204),
  (5909, 204),
  (5912, 204),
  (5915, 204),
  (5918, 204),
  (5921, 204),
  (5924, 204),
  (5927, 204),
  (5930, 204),
  (5933, 204),
  (5936, 204),
  (5939, 204),
  (5942, 204),
  (5945, 204),
  (5948, 204),
  (5951, 204),
  (5954, 204),
  (5957, 204),
  (5960, 204),
  (5963, 204),
  (5966, 204),
  (5969, 204),
  (5972, 204),
  (5975, 204),
  (5978, 204),
  (5981, 204),
  (5984, 204),
  (5987, 204),
  (5990, 204),
  (5993, 204),
  (5996, 204),
  (5999, 204),
  (6002, 204),
  (6005, 204),
  (6008, 204),
  (6011, 204),
  (6014, 204),
  (6017, 204),
  (6020, 204),
  (6023, 204),
  (6026, 204),
  (6029, 204),
  (6032, 204),
  (6035, 204),
  (6038, 204),
  (6041, 204),
  (6044, 204),
  (6047, 204),
  (6050, 204),
  (6053, 204),
  (6056, 204),
  (6059, 204),
  (6062, 204),
  (6065, 204),
  (6068, 204),
  (6071, 204),
  (6074, 204),
  (6077, 204),
  (6080, 204),
  (6083, 204),
  (6086, 204),
  (6089, 204),
  (6092, 204),
  (6095, 204),
  (6098, 204),
  (6101, 204),
  (6104, 204),
  (6107, 204),
  (6110, 204),
  (6113, 204),
  (6116, 204),
  (6119, 204),
  (6122, 204),
  (6125, 204),
  (6128, 204),
  (6131, 204),
  (6134, 204),
  (6137, 204),
  (6140, 204),
  (6143, 204),
  (6146, 204),
  (6149, 204),
  (6152, 204),
  (6155, 204),
  (6158, 204),
  (6161, 204),
  (6164, 204),
  (6167, 204),
  (6170, 204),
  (6173, 204),
  (6176, 204),
  (6179, 204),
  (6182, 204),
  (6185, 204),
  (6188, 204),
  (6191, 204),
  (6194, 204),
  (6197, 204),
  (6200, 204),
  (6203, 204),
  (6206, 204);

-- --------------------------------------------------------

--
-- Table structure for table `elements_has_substations`
--

DROP TABLE IF EXISTS `elements_has_substations`;
CREATE TABLE IF NOT EXISTS `elements_has_substations` (
  `elements_id` int(11) NOT NULL,
  `substations_id` int(11) NOT NULL,
  PRIMARY KEY (`elements_id`,`substations_id`),
  KEY `fk_elements_has_elements_elements1_idx` (`elements_id`),
  KEY `fk_elements_has_substations_substations1_idx` (`substations_id`)
) ENGINE=InnoDB DEFAULT CHARSET=utf8;

--
-- Dumping data for table `elements_has_substations`
--

INSERT INTO `elements_has_substations` (`elements_id`, `substations_id`) VALUES
  (1, 1),
  (2, 2),
  (3, 3),
  (4, 4),
  (5, 5),
  (6, 6),
  (7, 7),
  (8, 8),
  (9, 9),
  (10, 10),
  (11, 11),
  (12, 12),
  (13, 13),
  (14, 14),
  (15, 15),
  (16, 16),
  (17, 17),
  (18, 18),
  (19, 19),
  (20, 20),
  (21, 21),
  (22, 22),
  (23, 23),
  (24, 24),
  (25, 25),
  (26, 26),
  (27, 27),
  (28, 28),
  (29, 29),
  (30, 30),
  (31, 31),
  (32, 32),
  (33, 33),
  (34, 34),
  (35, 35),
  (36, 36),
  (37, 37),
  (38, 38),
  (39, 39),
  (40, 40),
  (41, 41),
  (42, 42),
  (43, 43),
  (44, 44),
  (45, 45),
  (46, 46),
  (47, 47),
  (48, 48),
  (49, 49),
  (50, 50),
  (51, 51),
  (52, 52),
  (53, 53),
  (54, 54),
  (55, 55),
  (56, 56),
  (57, 57),
  (58, 58),
  (59, 59),
  (60, 60),
  (61, 61),
  (62, 62),
  (63, 63),
  (64, 64),
  (65, 65),
  (66, 66),
  (67, 67),
  (68, 68),
  (69, 69),
  (70, 70),
  (71, 71),
  (72, 72),
  (73, 73),
  (74, 74),
  (75, 75),
  (76, 76),
  (77, 77),
  (78, 78),
  (79, 79),
  (80, 80),
  (81, 81),
  (82, 82),
  (83, 83),
  (84, 84),
  (85, 85),
  (86, 86),
  (87, 87),
  (88, 88),
  (89, 89),
  (90, 90),
  (91, 91),
  (92, 92),
  (93, 93),
  (94, 94),
  (95, 95),
  (96, 96),
  (97, 97),
  (98, 98),
  (99, 99),
  (100, 100),
  (101, 101),
  (102, 102),
  (103, 103),
  (104, 104),
  (105, 105),
  (106, 106),
  (107, 107),
  (108, 108),
  (109, 109),
  (110, 110),
  (111, 111),
  (112, 112),
  (113, 113),
  (114, 114),
  (115, 115),
  (116, 116),
  (117, 117),
  (118, 118),
  (119, 119),
  (120, 120),
  (121, 121),
  (122, 122),
  (123, 123),
  (124, 124),
  (125, 125),
  (126, 126),
  (127, 127),
  (128, 128),
  (129, 129),
  (130, 130),
  (131, 131),
  (132, 132),
  (133, 133),
  (134, 134),
  (135, 135),
  (136, 136),
  (137, 137),
  (138, 138),
  (139, 139),
  (140, 140),
  (141, 141),
  (142, 142),
  (143, 143),
  (144, 144),
  (145, 145),
  (146, 146),
  (147, 147),
  (148, 148),
  (149, 149),
  (150, 150),
  (151, 151),
  (152, 152),
  (153, 153),
  (154, 154),
  (155, 155),
  (156, 156),
  (157, 157),
  (158, 158),
  (159, 159),
  (160, 160),
  (161, 161),
  (162, 162),
  (163, 163),
  (164, 164),
  (165, 165),
  (166, 166),
  (167, 167),
  (168, 168),
  (169, 169),
  (170, 170),
  (171, 171),
  (172, 172),
  (173, 173),
  (174, 174),
  (175, 175),
  (176, 176),
  (177, 177),
  (178, 178),
  (179, 179),
  (180, 180),
  (181, 181),
  (182, 182),
  (183, 183),
  (184, 184),
  (295, 258),
  (336, 285),
  (337, 286),
  (427, 346),
  (544, 424),
  (565, 438),
  (703, 530),
  (1023, 743),
  (1026, 745),
  (1030, 748),
  (1033, 750),
  (1155, 831),
  (1170, 841),
  (1338, 953),
  (1374, 977),
  (1377, 979),
  (1402, 996),
  (1444, 1024),
  (1453, 1030),
  (1473, 1043),
  (1480, 1048),
  (1488, 1053),
  (1489, 1054),
  (1563, 1103),
  (1590, 1121),
  (1591, 1122),
  (1596, 1125),
  (1597, 1126),
  (1600, 1128),
  (1602, 1129),
  (1603, 1130),
  (1609, 1134),
  (1614, 1137),
  (1615, 1138),
  (1618, 1140),
  (1620, 1141),
  (1621, 1142),
  (1623, 1143),
  (1624, 1144),
  (1627, 1146),
  (1635, 1151),
  (1636, 1152),
  (1644, 1157),
  (1645, 1158),
  (1648, 1160),
  (1651, 1162),
  (1656, 1165),
  (1657, 1166),
  (1659, 1167),
  (1665, 1171),
  (1666, 1172),
  (1672, 1176),
  (1675, 1178),
  (1677, 1179),
  (1678, 1180),
  (1684, 1184),
  (1689, 1187),
  (1690, 1188),
  (1695, 1191),
  (1708, 1200),
  (1713, 1203),
  (1714, 1204),
  (1716, 1205),
  (1717, 1206),
  (1722, 1209),
  (1723, 1210),
  (1725, 1211),
  (1728, 1213),
  (1729, 1214),
  (1735, 1218),
  (1741, 1222),
  (1752, 1229),
  (1753, 1230),
  (1759, 1234),
  (1764, 1237),
  (1765, 1238),
  (1768, 1240),
  (1774, 1244),
  (1785, 1251),
  (1791, 1255),
  (1792, 1256),
  (1794, 1257),
  (1800, 1261),
  (1801, 1262),
  (1803, 1263),
  (1804, 1264),
  (1807, 1266),
  (1815, 1271),
  (1816, 1272),
  (1818, 1273),
  (1819, 1274),
  (1825, 1278),
  (1827, 1279),
  (1828, 1280),
  (1834, 1284),
  (1837, 1286),
  (1840, 1288),
  (1848, 1293),
  (1849, 1294),
  (1855, 1298),
  (1857, 1299),
  (1858, 1300),
  (1872, 1309),
  (1873, 1310),
  (1875, 1311),
  (1876, 1312),
  (1881, 1315),
  (1884, 1317),
  (1885, 1318),
  (1888, 1320),
  (1893, 1323),
  (1896, 1325),
  (1899, 1327),
  (1905, 1331),
  (1908, 1333),
  (1909, 1334),
  (1914, 1337),
  (1920, 1341),
  (1921, 1342),
  (1926, 1345),
  (1927, 1346),
  (1932, 1349),
  (1933, 1350),
  (1938, 1353),
  (1939, 1354),
  (1947, 1359),
  (1951, 1362),
  (1959, 1367),
  (1974, 1377),
  (1977, 1379),
  (1978, 1380),
  (1980, 1381),
  (1984, 1384),
  (1986, 1385),
  (2043, 1423),
  (2074, 1424),
  (2074, 1441),
  (2092, 1424),
  (2114, 1441),
  (2119, 1424),
  (2148, 2),
  (2148, 1424),
  (2381, 1),
  (2381, 20),
  (2384, 1),
  (2384, 95),
  (2387, 2),
  (2387, 10),
  (2390, 2),
  (2390, 10),
  (2393, 2),
  (2393, 100),
  (2396, 2),
  (2396, 3),
  (2399, 2),
  (2399, 3),
  (2402, 3),
  (2402, 100),
  (2405, 3),
  (2405, 100),
  (2408, 4),
  (2408, 49),
  (2411, 4),
  (2411, 33),
  (2414, 4),
  (2414, 60),
  (2417, 4),
  (2417, 60),
  (2420, 5),
  (2420, 122),
  (2423, 5),
  (2423, 122),
  (2426, 5),
  (2426, 49),
  (2429, 5),
  (2429, 147),
  (2432, 5),
  (2432, 147),
  (2435, 5),
  (2435, 156),
  (2438, 6),
  (2438, 33),
  (2441, 6),
  (2441, 33),
  (2444, 6),
  (2444, 82),
  (2447, 6),
  (2447, 153),
  (2450, 8),
  (2450, 114),
  (2453, 8),
  (2453, 114),
  (2456, 9),
  (2456, 112),
  (2459, 9),
  (2459, 112),
  (2462, 9),
  (2462, 10),
  (2465, 9),
  (2465, 10),
  (2468, 9),
  (2468, 137),
  (2471, 9),
  (2471, 36),
  (2474, 10),
  (2474, 26),
  (2477, 10),
  (2477, 26),
  (2480, 11),
  (2480, 104),
  (2483, 11),
  (2483, 104),
  (2486, 9),
  (2486, 11),
  (2489, 11),
  (2489, 258),
  (2492, 11),
  (2492, 258),
  (2495, 12),
  (2495, 119),
  (2498, 12),
  (2498, 119),
  (2501, 12),
  (2501, 147),
  (2504, 12),
  (2504, 147),
  (2507, 14),
  (2507, 16),
  (2510, 14),
  (2510, 115),
  (2513, 14),
  (2513, 115),
  (2516, 14),
  (2516, 115),
  (2519, 14),
  (2519, 43),
  (2522, 14),
  (2522, 43),
  (2525, 14),
  (2525, 106),
  (2528, 14),
  (2528, 39),
  (2531, 285),
  (2531, 286),
  (2534, 285),
  (2534, 286),
  (2537, 16),
  (2537, 115),
  (2540, 16),
  (2540, 126),
  (2543, 15),
  (2543, 16),
  (2546, 16),
  (2546, 117),
  (2549, 16),
  (2549, 117),
  (2552, 16),
  (2552, 117),
  (2555, 17),
  (2555, 18),
  (2558, 17),
  (2558, 18),
  (2561, 18),
  (2561, 21),
  (2564, 18),
  (2564, 21),
  (2567, 18),
  (2567, 55),
  (2570, 18),
  (2570, 55),
  (2573, 18),
  (2573, 34),
  (2576, 18),
  (2576, 34),
  (2579, 11),
  (2579, 19),
  (2582, 9),
  (2582, 19),
  (2585, 2),
  (2585, 19),
  (2588, 19),
  (2588, 36),
  (2591, 19),
  (2591, 36),
  (2594, 21),
  (2594, 62),
  (2597, 21),
  (2597, 24),
  (2600, 21),
  (2600, 24),
  (2603, 21),
  (2603, 24),
  (2606, 21),
  (2606, 24),
  (2609, 24),
  (2609, 128),
  (2612, 24),
  (2612, 128),
  (2615, 24),
  (2615, 62),
  (2618, 23),
  (2618, 24),
  (2621, 24),
  (2621, 346),
  (2624, 25),
  (2624, 71),
  (2627, 25),
  (2627, 71),
  (2630, 25),
  (2630, 145),
  (2633, 27),
  (2633, 33),
  (2636, 27),
  (2636, 91),
  (2639, 27),
  (2639, 60),
  (2642, 27),
  (2642, 60),
  (2645, 12),
  (2645, 27),
  (2648, 12),
  (2648, 27),
  (2651, 28),
  (2651, 111),
  (2654, 14),
  (2654, 30),
  (2657, 14),
  (2657, 30),
  (2660, 14),
  (2660, 30),
  (2663, 14),
  (2663, 30),
  (2666, 30),
  (2666, 73),
  (2669, 30),
  (2669, 31),
  (2672, 30),
  (2672, 31),
  (2675, 30),
  (2675, 105),
  (2678, 31),
  (2678, 39),
  (2681, 31),
  (2681, 39),
  (2684, 31),
  (2684, 99),
  (2687, 32),
  (2687, 66),
  (2690, 33),
  (2690, 82),
  (2693, 33),
  (2693, 82),
  (2696, 25),
  (2696, 34),
  (2699, 25),
  (2699, 34),
  (2702, 34),
  (2702, 71),
  (2705, 35),
  (2705, 114),
  (2708, 35),
  (2708, 114),
  (2711, 37),
  (2711, 45),
  (2714, 37),
  (2714, 45),
  (2717, 37),
  (2717, 108),
  (2720, 37),
  (2720, 108),
  (2723, 37),
  (2723, 122),
  (2726, 37),
  (2726, 122),
  (2729, 37),
  (2729, 119),
  (2732, 37),
  (2732, 119),
  (2735, 37),
  (2735, 153),
  (2738, 13),
  (2738, 424),
  (2741, 13),
  (2741, 424),
  (2744, 39),
  (2744, 106),
  (2747, 41),
  (2747, 42),
  (2750, 41),
  (2750, 42),
  (2753, 11),
  (2753, 42),
  (2756, 11),
  (2756, 42),
  (2759, 11),
  (2759, 438),
  (2762, 11),
  (2762, 438),
  (2765, 45),
  (2765, 101),
  (2768, 45),
  (2768, 82),
  (2771, 45),
  (2771, 50),
  (2774, 45),
  (2774, 50),
  (2777, 45),
  (2777, 47),
  (2780, 45),
  (2780, 135),
  (2783, 47),
  (2783, 70),
  (2786, 49),
  (2786, 147),
  (2789, 49),
  (2789, 143),
  (2792, 49),
  (2792, 143),
  (2795, 33),
  (2795, 49),
  (2798, 51),
  (2798, 155),
  (2801, 51),
  (2801, 78),
  (2804, 52),
  (2804, 53),
  (2807, 52),
  (2807, 53),
  (2810, 52),
  (2810, 97),
  (2813, 53),
  (2813, 54),
  (2816, 53),
  (2816, 54),
  (2819, 53),
  (2819, 97),
  (2822, 6),
  (2822, 53),
  (2825, 6),
  (2825, 53),
  (2828, 54),
  (2828, 110),
  (2831, 54),
  (2831, 110),
  (2834, 53),
  (2834, 55),
  (2837, 53),
  (2837, 55),
  (2840, 55),
  (2840, 72),
  (2843, 55),
  (2843, 72),
  (2846, 55),
  (2846, 56),
  (2849, 55),
  (2849, 56),
  (2852, 55),
  (2852, 56),
  (2855, 55),
  (2855, 56),
  (2858, 56),
  (2858, 123),
  (2861, 56),
  (2861, 57),
  (2864, 56),
  (2864, 57),
  (2867, 57),
  (2867, 94),
  (2870, 57),
  (2870, 94),
  (2873, 57),
  (2873, 61),
  (2876, 57),
  (2876, 61),
  (2879, 58),
  (2879, 102),
  (2882, 58),
  (2882, 102),
  (2885, 59),
  (2885, 83),
  (2888, 63),
  (2888, 115),
  (2891, 63),
  (2891, 115),
  (2894, 63),
  (2894, 64),
  (2897, 64),
  (2897, 530),
  (2900, 64),
  (2900, 530),
  (2903, 64),
  (2903, 530),
  (2906, 64),
  (2906, 530),
  (2909, 67),
  (2909, 146),
  (2912, 67),
  (2912, 146),
  (2915, 68),
  (2915, 104),
  (2918, 68),
  (2918, 104),
  (2921, 68),
  (2921, 74),
  (2924, 68),
  (2924, 111),
  (2927, 69),
  (2927, 75),
  (2930, 69),
  (2930, 75),
  (2933, 58),
  (2933, 69),
  (2936, 58),
  (2936, 69),
  (2939, 69),
  (2939, 102),
  (2942, 69),
  (2942, 102),
  (2945, 69),
  (2945, 133),
  (2948, 69),
  (2948, 87),
  (2951, 33),
  (2951, 70),
  (2954, 42),
  (2954, 72),
  (2957, 42),
  (2957, 72),
  (2960, 72),
  (2960, 118),
  (2963, 72),
  (2963, 118),
  (2966, 74),
  (2966, 104),
  (2969, 75),
  (2969, 76),
  (2972, 75),
  (2972, 76),
  (2975, 75),
  (2975, 133),
  (2978, 75),
  (2978, 133),
  (2981, 76),
  (2981, 92),
  (2984, 76),
  (2984, 92),
  (2987, 19),
  (2987, 77),
  (2990, 77),
  (2990, 125),
  (2993, 16),
  (2993, 77),
  (2996, 73),
  (2996, 77),
  (2999, 73),
  (2999, 77),
  (3002, 79),
  (3002, 81),
  (3005, 79),
  (3005, 117),
  (3008, 79),
  (3008, 80),
  (3011, 16),
  (3011, 80),
  (3014, 80),
  (3014, 93),
  (3017, 16),
  (3017, 81),
  (3020, 16),
  (3020, 81),
  (3023, 81),
  (3023, 115),
  (3026, 81),
  (3026, 115),
  (3029, 81),
  (3029, 129),
  (3032, 44),
  (3032, 81),
  (3035, 81),
  (3035, 148),
  (3038, 15),
  (3038, 81),
  (3041, 25),
  (3041, 81),
  (3044, 81),
  (3044, 145),
  (3047, 83),
  (3047, 87),
  (3050, 83),
  (3050, 102),
  (3053, 83),
  (3053, 102),
  (3056, 84),
  (3056, 115),
  (3059, 84),
  (3059, 115),
  (3062, 84),
  (3062, 121),
  (3065, 85),
  (3065, 114),
  (3068, 85),
  (3068, 114),
  (3071, 86),
  (3071, 114),
  (3074, 86),
  (3074, 114),
  (3077, 59),
  (3077, 87),
  (3080, 28),
  (3080, 87),
  (3083, 87),
  (3083, 111),
  (3086, 87),
  (3086, 88),
  (3089, 87),
  (3089, 88),
  (3092, 67),
  (3092, 89),
  (3095, 67),
  (3095, 89),
  (3098, 89),
  (3098, 101),
  (3101, 89),
  (3101, 101),
  (3104, 32),
  (3104, 90),
  (3107, 90),
  (3107, 110),
  (3110, 90),
  (3110, 110),
  (3113, 66),
  (3113, 90),
  (3116, 33),
  (3116, 91),
  (3119, 20),
  (3119, 95),
  (3122, 37),
  (3122, 97),
  (3125, 37),
  (3125, 97),
  (3128, 97),
  (3128, 128),
  (3131, 97),
  (3131, 128),
  (3134, 77),
  (3134, 100),
  (3137, 38),
  (3137, 101),
  (3140, 38),
  (3140, 101),
  (3143, 103),
  (3143, 115),
  (3146, 103),
  (3146, 115),
  (3149, 26),
  (3149, 104),
  (3152, 98),
  (3152, 104),
  (3155, 98),
  (3155, 104),
  (3158, 104),
  (3158, 111),
  (3161, 88),
  (3161, 105),
  (3164, 88),
  (3164, 105),
  (3167, 105),
  (3167, 127),
  (3170, 31),
  (3170, 105),
  (3173, 99),
  (3173, 105),
  (3176, 105),
  (3176, 106),
  (3179, 105),
  (3179, 106),
  (3182, 106),
  (3182, 112),
  (3185, 106),
  (3185, 112),
  (3188, 106),
  (3188, 133),
  (3191, 106),
  (3191, 133),
  (3194, 20),
  (3194, 107),
  (3197, 20),
  (3197, 107),
  (3200, 108),
  (3200, 109),
  (3203, 108),
  (3203, 109),
  (3206, 111),
  (3206, 112),
  (3209, 111),
  (3209, 112),
  (3212, 111),
  (3212, 112),
  (3215, 111),
  (3215, 112),
  (3218, 113),
  (3218, 743),
  (3221, 113),
  (3221, 745),
  (3224, 113),
  (3224, 748),
  (3227, 113),
  (3227, 750),
  (3230, 113),
  (3230, 115),
  (3233, 113),
  (3233, 115),
  (3236, 113),
  (3236, 114),
  (3239, 113),
  (3239, 114),
  (3242, 84),
  (3242, 113),
  (3245, 115),
  (3245, 154),
  (3248, 115),
  (3248, 154),
  (3251, 115),
  (3251, 116),
  (3254, 115),
  (3254, 116),
  (3257, 46),
  (3257, 116),
  (3260, 46),
  (3260, 116),
  (3263, 93),
  (3263, 117),
  (3266, 93),
  (3266, 117),
  (3269, 97),
  (3269, 118),
  (3272, 97),
  (3272, 118),
  (3275, 70),
  (3275, 118),
  (3278, 70),
  (3278, 118),
  (3281, 119),
  (3281, 156),
  (3284, 119),
  (3284, 156),
  (3287, 33),
  (3287, 119),
  (3290, 33),
  (3290, 119),
  (3293, 102),
  (3293, 120),
  (3296, 102),
  (3296, 120),
  (3299, 98),
  (3299, 120),
  (3302, 98),
  (3302, 120),
  (3305, 113),
  (3305, 121),
  (3308, 24),
  (3308, 124),
  (3311, 24),
  (3311, 124),
  (3314, 23),
  (3314, 124),
  (3317, 24),
  (3317, 124),
  (3320, 65),
  (3320, 124),
  (3323, 65),
  (3323, 124),
  (3326, 52),
  (3326, 125),
  (3329, 55),
  (3329, 125),
  (3332, 7),
  (3332, 125),
  (3335, 7),
  (3335, 125),
  (3338, 125),
  (3338, 126),
  (3341, 72),
  (3341, 126),
  (3344, 72),
  (3344, 126),
  (3347, 127),
  (3347, 133),
  (3350, 128),
  (3350, 831),
  (3353, 128),
  (3353, 831),
  (3356, 115),
  (3356, 129),
  (3359, 115),
  (3359, 129),
  (3362, 115),
  (3362, 129),
  (3365, 129),
  (3365, 841),
  (3368, 129),
  (3368, 841),
  (3371, 114),
  (3371, 130),
  (3374, 114),
  (3374, 130),
  (3377, 131),
  (3377, 153),
  (3380, 37),
  (3380, 131),
  (3383, 131),
  (3383, 156),
  (3386, 132),
  (3386, 133),
  (3389, 132),
  (3389, 133),
  (3392, 42),
  (3392, 134),
  (3395, 42),
  (3395, 134),
  (3398, 6),
  (3398, 134),
  (3401, 118),
  (3401, 134),
  (3404, 118),
  (3404, 134),
  (3407, 70),
  (3407, 134),
  (3410, 135),
  (3410, 142),
  (3413, 109),
  (3413, 135),
  (3416, 36),
  (3416, 137),
  (3419, 137),
  (3419, 438),
  (3422, 104),
  (3422, 138),
  (3425, 104),
  (3425, 138),
  (3428, 26),
  (3428, 138),
  (3431, 26),
  (3431, 138),
  (3434, 139),
  (3434, 155),
  (3437, 139),
  (3437, 155),
  (3440, 140),
  (3440, 530),
  (3443, 140),
  (3443, 530),
  (3446, 82),
  (3446, 141),
  (3449, 82),
  (3449, 141),
  (3452, 101),
  (3452, 141),
  (3455, 109),
  (3455, 142),
  (3458, 12),
  (3458, 143),
  (3461, 12),
  (3461, 143),
  (3464, 108),
  (3464, 144),
  (3467, 108),
  (3467, 144),
  (3470, 6),
  (3470, 144),
  (3473, 6),
  (3473, 144),
  (3476, 26),
  (3476, 146),
  (3479, 135),
  (3479, 146),
  (3482, 56),
  (3482, 148),
  (3485, 56),
  (3485, 148),
  (3488, 56),
  (3488, 148),
  (3491, 124),
  (3491, 148),
  (3494, 124),
  (3494, 148),
  (3497, 124),
  (3497, 148),
  (3500, 124),
  (3500, 148),
  (3503, 123),
  (3503, 148),
  (3506, 44),
  (3506, 148),
  (3509, 149),
  (3509, 152),
  (3512, 149),
  (3512, 152),
  (3515, 150),
  (3515, 152),
  (3518, 150),
  (3518, 152),
  (3521, 150),
  (3521, 151),
  (3524, 150),
  (3524, 151),
  (3527, 123),
  (3527, 151),
  (3530, 123),
  (3530, 151),
  (3533, 151),
  (3533, 953),
  (3536, 151),
  (3536, 953),
  (3539, 106),
  (3539, 154),
  (3542, 106),
  (3542, 154),
  (3545, 2),
  (3545, 154),
  (3548, 2),
  (3548, 154),
  (3551, 96),
  (3551, 154),
  (3554, 96),
  (3554, 154),
  (3557, 154),
  (3557, 155),
  (3560, 78),
  (3560, 154),
  (3563, 31),
  (3563, 155),
  (3566, 31),
  (3566, 155),
  (3569, 156),
  (3569, 977),
  (3572, 156),
  (3572, 979),
  (3575, 147),
  (3575, 156),
  (3578, 157),
  (3578, 166),
  (3581, 157),
  (3581, 166),
  (3584, 158),
  (3584, 183),
  (3587, 158),
  (3587, 183),
  (3590, 158),
  (3590, 183),
  (3593, 158),
  (3593, 183),
  (3596, 158),
  (3596, 996),
  (3599, 158),
  (3599, 996),
  (3602, 159),
  (3602, 168),
  (3605, 160),
  (3605, 176),
  (3608, 160),
  (3608, 176),
  (3611, 160),
  (3611, 164),
  (3614, 162),
  (3614, 167),
  (3617, 162),
  (3617, 169),
  (3620, 162),
  (3620, 167),
  (3623, 162),
  (3623, 167),
  (3626, 162),
  (3626, 168),
  (3629, 162),
  (3629, 169),
  (3632, 162),
  (3632, 169),
  (3635, 161),
  (3635, 162),
  (3638, 164),
  (3638, 1024),
  (3641, 164),
  (3641, 1024),
  (3644, 164),
  (3644, 173),
  (3647, 164),
  (3647, 1030),
  (3650, 164),
  (3650, 1030),
  (3653, 164),
  (3653, 169),
  (3656, 164),
  (3656, 169),
  (3659, 164),
  (3659, 169),
  (3662, 164),
  (3662, 169),
  (3665, 158),
  (3665, 165),
  (3668, 167),
  (3668, 1043),
  (3671, 167),
  (3671, 1043),
  (3674, 167),
  (3674, 1048),
  (3677, 167),
  (3677, 1048),
  (3680, 159),
  (3680, 169),
  (3683, 1053),
  (3683, 1054),
  (3686, 1053),
  (3686, 1054),
  (3689, 157),
  (3689, 170),
  (3692, 157),
  (3692, 170),
  (3695, 171),
  (3695, 996),
  (3698, 172),
  (3698, 173),
  (3701, 172),
  (3701, 173),
  (3704, 172),
  (3704, 179),
  (3707, 172),
  (3707, 179),
  (3710, 163),
  (3710, 172),
  (3713, 163),
  (3713, 173),
  (3716, 174),
  (3716, 175),
  (3719, 174),
  (3719, 175),
  (3722, 174),
  (3722, 182),
  (3725, 167),
  (3725, 175),
  (3728, 167),
  (3728, 175),
  (3731, 162),
  (3731, 175),
  (3734, 162),
  (3734, 175),
  (3737, 175),
  (3737, 182),
  (3740, 175),
  (3740, 182),
  (3743, 162),
  (3743, 176),
  (3746, 176),
  (3746, 183),
  (3749, 176),
  (3749, 183),
  (3752, 160),
  (3752, 177),
  (3755, 160),
  (3755, 177),
  (3758, 178),
  (3758, 1103),
  (3761, 178),
  (3761, 1103),
  (3764, 170),
  (3764, 180),
  (3767, 170),
  (3767, 180),
  (3770, 168),
  (3770, 181),
  (3773, 165),
  (3773, 181),
  (3776, 173),
  (3776, 183),
  (3779, 173),
  (3779, 183),
  (3782, 184),
  (3785, 1121),
  (3785, 1122),
  (3788, 1121),
  (3788, 1122),
  (3791, 1125),
  (3791, 1126),
  (3794, 1125),
  (3794, 1128),
  (3797, 1129),
  (3797, 1130),
  (3800, 1129),
  (3800, 1130),
  (3803, 1129),
  (3803, 1134),
  (3806, 1129),
  (3806, 1134),
  (3809, 1137),
  (3809, 1138),
  (3812, 1137),
  (3812, 1140),
  (3815, 1141),
  (3815, 1142),
  (3818, 1143),
  (3818, 1144),
  (3821, 1144),
  (3821, 1146),
  (3824, 1144),
  (3824, 1146),
  (3827, 1144),
  (3827, 1146),
  (3830, 1151),
  (3830, 1152),
  (3833, 1151),
  (3833, 1152),
  (3836, 1151),
  (3836, 1152),
  (3839, 1157),
  (3839, 1158),
  (3842, 1157),
  (3842, 1160),
  (3845, 1157),
  (3845, 1162),
  (3848, 1157),
  (3848, 1162),
  (3851, 1165),
  (3851, 1166),
  (3854, 1165),
  (3854, 1167),
  (3857, 1165),
  (3857, 1167),
  (3860, 1171),
  (3860, 1172),
  (3863, 1171),
  (3863, 1172),
  (3866, 1172),
  (3866, 1176),
  (3869, 1172),
  (3869, 1178),
  (3872, 1179),
  (3872, 1180),
  (3875, 1179),
  (3875, 1180),
  (3878, 1179),
  (3878, 1184),
  (3881, 1179),
  (3881, 1184),
  (3884, 1187),
  (3884, 1188),
  (3887, 1187),
  (3887, 1188),
  (3890, 1126),
  (3890, 1191),
  (3893, 1126),
  (3893, 1191),
  (3896, 1162),
  (3896, 1191),
  (3899, 1162),
  (3899, 1191),
  (3902, 1191),
  (3902, 1200),
  (3905, 1191),
  (3905, 1200),
  (3908, 1203),
  (3908, 1204),
  (3911, 1205),
  (3911, 1206),
  (3914, 1205),
  (3914, 1206),
  (3917, 1209),
  (3917, 1210),
  (3920, 1210),
  (3920, 1211),
  (3923, 1213),
  (3923, 1214),
  (3926, 1213),
  (3926, 1214),
  (3929, 1188),
  (3929, 1218),
  (3932, 1188),
  (3932, 1218),
  (3935, 1218),
  (3935, 1222),
  (3938, 1218),
  (3938, 1222),
  (3941, 1152),
  (3941, 1218),
  (3944, 1152),
  (3944, 1218),
  (3947, 1229),
  (3947, 1230),
  (3950, 1229),
  (3950, 1230),
  (3953, 1229),
  (3953, 1234),
  (3956, 1229),
  (3956, 1234),
  (3959, 1237),
  (3959, 1238),
  (3962, 1188),
  (3962, 1240),
  (3965, 1188),
  (3965, 1240),
  (3968, 1240),
  (3968, 1244),
  (3971, 1240),
  (3971, 1244),
  (3974, 1222),
  (3974, 1240),
  (3977, 1222),
  (3977, 1240),
  (3980, 1240),
  (3980, 1251),
  (3983, 1240),
  (3983, 1251),
  (3986, 1255),
  (3986, 1256),
  (3989, 1230),
  (3989, 1257),
  (3992, 1230),
  (3992, 1257),
  (3995, 1261),
  (3995, 1262),
  (3998, 1263),
  (3998, 1264),
  (4001, 1264),
  (4001, 1266),
  (4004, 1264),
  (4004, 1266),
  (4007, 1263),
  (4007, 1266),
  (4010, 1271),
  (4010, 1272),
  (4013, 1273),
  (4013, 1274),
  (4016, 1273),
  (4016, 1274),
  (4019, 1274),
  (4019, 1278),
  (4022, 1279),
  (4022, 1280),
  (4025, 1279),
  (4025, 1280),
  (4028, 1271),
  (4028, 1284),
  (4031, 1284),
  (4031, 1286),
  (4034, 1284),
  (4034, 1288),
  (4037, 1284),
  (4037, 1288),
  (4040, 1126),
  (4040, 1128),
  (4043, 1293),
  (4043, 1294),
  (4046, 1206),
  (4046, 1294),
  (4049, 1203),
  (4049, 1298),
  (4052, 1299),
  (4052, 1300),
  (4055, 1299),
  (4055, 1300),
  (4058, 1244),
  (4058, 1300),
  (4061, 1244),
  (4061, 1300),
  (4064, 1140),
  (4064, 1141),
  (4067, 1309),
  (4067, 1310),
  (4070, 1311),
  (4070, 1312),
  (4073, 1311),
  (4073, 1312),
  (4076, 1286),
  (4076, 1315),
  (4079, 1317),
  (4079, 1318),
  (4082, 1318),
  (4082, 1320),
  (4085, 1318),
  (4085, 1320),
  (4088, 1312),
  (4088, 1323),
  (4091, 1312),
  (4091, 1325),
  (4094, 1238),
  (4094, 1327),
  (4097, 1238),
  (4097, 1327),
  (4100, 1238),
  (4100, 1331),
  (4103, 1333),
  (4103, 1334),
  (4106, 1333),
  (4106, 1334),
  (4109, 1334),
  (4109, 1337),
  (4112, 1334),
  (4112, 1337),
  (4115, 1341),
  (4115, 1342),
  (4118, 1341),
  (4118, 1342),
  (4121, 1345),
  (4121, 1346),
  (4124, 1345),
  (4124, 1346),
  (4127, 1349),
  (4127, 1350),
  (4130, 1349),
  (4130, 1350),
  (4133, 1353),
  (4133, 1354),
  (4136, 1151),
  (4136, 1353),
  (4139, 1167),
  (4139, 1353),
  (4142, 1353),
  (4142, 1359),
  (4145, 1165),
  (4145, 1362),
  (4148, 1353),
  (4148, 1362),
  (4151, 1204),
  (4151, 1271),
  (4154, 1152),
  (4154, 1367),
  (4157, 1152),
  (4157, 1367),
  (4160, 1152),
  (4160, 1257),
  (4163, 1152),
  (4163, 1257),
  (4166, 1152),
  (4166, 1234),
  (4169, 1152),
  (4169, 1377),
  (4172, 1379),
  (4172, 1380),
  (4175, 1380),
  (4175, 1381),
  (4178, 1315),
  (4178, 1384),
  (4181, 21),
  (4181, 1385),
  (4184, 21),
  (4184, 1385),
  (4187, 55),
  (4187, 1385),
  (4190, 55),
  (4190, 1385),
  (4220, 53),
  (4220, 110),
  (4223, 53),
  (4223, 110),
  (4235, 52),
  (4235, 97),
  (4238, 125),
  (4238, 1423),
  (4265, 1137),
  (4265, 1142),
  (4337, 1312),
  (4337, 1323),
  (4361, 2),
  (4364, 10),
  (4373, 6),
  (4391, 122),
  (4397, 49),
  (4400, 156),
  (4406, 9),
  (4409, 112),
  (4418, 10),
  (4421, 26),
  (4430, 119),
  (4436, 14),
  (4439, 16),
  (4442, 14),
  (4445, 115),
  (4460, 14),
  (4463, 106),
  (4466, 14),
  (4469, 285),
  (4475, 16),
  (4478, 15),
  (4481, 21),
  (4487, 18),
  (4493, 9),
  (4496, 19),
  (4499, 24),
  (4502, 128),
  (4511, 24),
  (4514, 25),
  (4517, 145),
  (4520, 27),
  (4523, 33),
  (4526, 27),
  (4529, 27),
  (4532, 60),
  (4541, 30),
  (4547, 30),
  (4550, 105),
  (4553, 33),
  (4556, 82),
  (4565, 34),
  (4571, 34),
  (4574, 106),
  (4577, 45),
  (4580, 53),
  (4583, 53),
  (4586, 6),
  (4595, 55),
  (4598, 53),
  (4607, 55),
  (4613, 56),
  (4616, 55),
  (4637, 56),
  (4640, 123),
  (4643, 57),
  (4649, 115),
  (4655, 69),
  (4658, 133),
  (4661, 69),
  (4664, 72),
  (4667, 42),
  (4676, 133),
  (4682, 77),
  (4685, 19),
  (4688, 125),
  (4691, 77),
  (4694, 16),
  (4697, 16),
  (4700, 16),
  (4706, 115),
  (4712, 148),
  (4715, 81),
  (4718, 25),
  (4721, 81),
  (4724, 115),
  (4730, 87),
  (4733, 33),
  (4736, 97),
  (4739, 37),
  (4748, 128),
  (4754, 104),
  (4757, 105),
  (4760, 88),
  (4769, 105),
  (4772, 105),
  (4775, 105),
  (4778, 106),
  (4781, 112),
  (4790, 111),
  (4802, 115),
  (4808, 115),
  (4811, 154),
  (4820, 97),
  (4826, 70),
  (4832, 124),
  (4835, 24),
  (4844, 124),
  (4853, 126),
  (4856, 126),
  (4859, 72),
  (4868, 128),
  (4874, 129),
  (4880, 42),
  (4886, 109),
  (4889, 109),
  (4892, 12),
  (4898, 148),
  (4901, 56),
  (4916, 148),
  (4919, 124),
  (4940, 148),
  (4943, 148),
  (4946, 154),
  (4949, 106),
  (4958, 156),
  (4961, 977),
  (4964, 156),
  (4967, 156),
  (4970, 157),
  (4973, 166),
  (4982, 158),
  (4985, 183),
  (5006, 158),
  (5009, 996),
  (5018, 159),
  (5021, 168),
  (5024, 160),
  (5027, 176),
  (5036, 160),
  (5039, 162),
  (5042, 167),
  (5045, 162),
  (5048, 169),
  (5063, 162),
  (5066, 168),
  (5081, 164),
  (5084, 1024),
  (5093, 164),
  (5096, 164),
  (5102, 164),
  (5105, 169),
  (5126, 165),
  (5129, 167),
  (5132, 1048),
  (5141, 169),
  (5144, 159),
  (5147, 170),
  (5150, 157),
  (5159, 171),
  (5162, 996),
  (5165, 172),
  (5168, 173),
  (5177, 173),
  (5180, 174),
  (5183, 175),
  (5192, 175),
  (5195, 167),
  (5204, 175),
  (5207, 162),
  (5216, 175),
  (5219, 182),
  (5228, 176),
  (5231, 162),
  (5234, 176),
  (5240, 177),
  (5246, 178),
  (5249, 1103),
  (5258, 180),
  (5261, 170),
  (5270, 181),
  (5273, 168),
  (5276, 181),
  (5279, 165),
  (5282, 183),
  (5285, 173),
  (5294, 2),
  (5297, 10),
  (5300, 2),
  (5303, 10),
  (5306, 122),
  (5309, 122),
  (5312, 49),
  (5315, 156),
  (5318, 6),
  (5321, 9),
  (5324, 112),
  (5327, 9),
  (5330, 112),
  (5333, 10),
  (5336, 26),
  (5339, 10),
  (5342, 26),
  (5345, 119),
  (5348, 119),
  (5351, 14),
  (5354, 16),
  (5357, 14),
  (5360, 115),
  (5363, 14),
  (5366, 115),
  (5369, 14),
  (5372, 115),
  (5375, 14),
  (5378, 106),
  (5381, 14),
  (5384, 285),
  (5387, 285),
  (5390, 16),
  (5393, 15),
  (5396, 21),
  (5399, 21),
  (5402, 18),
  (5405, 18),
  (5408, 9),
  (5411, 19),
  (5414, 24),
  (5417, 128),
  (5420, 24),
  (5423, 128),
  (5426, 24),
  (5429, 25),
  (5432, 145),
  (5435, 27),
  (5438, 33),
  (5441, 27),
  (5444, 27),
  (5447, 60),
  (5450, 27),
  (5453, 60),
  (5456, 30),
  (5459, 30),
  (5462, 30),
  (5465, 105),
  (5468, 33),
  (5471, 82),
  (5474, 33),
  (5477, 82),
  (5480, 34),
  (5483, 34),
  (5486, 34),
  (5489, 106),
  (5492, 45),
  (5495, 53),
  (5498, 53),
  (5501, 6),
  (5504, 53),
  (5507, 6),
  (5510, 55),
  (5513, 53),
  (5516, 55),
  (5519, 53),
  (5522, 55),
  (5525, 55),
  (5528, 56),
  (5531, 55),
  (5534, 56),
  (5537, 55),
  (5540, 56),
  (5543, 55),
  (5546, 56),
  (5549, 55),
  (5552, 56),
  (5555, 123),
  (5558, 57),
  (5561, 57),
  (5564, 115),
  (5567, 115),
  (5570, 69),
  (5573, 133),
  (5576, 69),
  (5579, 72),
  (5582, 42),
  (5585, 72),
  (5588, 42),
  (5591, 133),
  (5594, 133),
  (5597, 77),
  (5600, 19),
  (5603, 125),
  (5606, 77),
  (5609, 16),
  (5612, 16),
  (5615, 16),
  (5618, 16),
  (5621, 115),
  (5624, 115),
  (5627, 148),
  (5630, 81),
  (5633, 25),
  (5636, 81),
  (5639, 115),
  (5642, 115),
  (5645, 87),
  (5648, 33),
  (5651, 97),
  (5654, 37),
  (5657, 97),
  (5660, 37),
  (5663, 128),
  (5666, 128),
  (5669, 104),
  (5672, 105),
  (5675, 88),
  (5678, 105),
  (5681, 88),
  (5684, 105),
  (5687, 105),
  (5690, 105),
  (5693, 106),
  (5696, 112),
  (5699, 106),
  (5702, 112),
  (5705, 111),
  (5708, 111),
  (5711, 111),
  (5714, 111),
  (5717, 115),
  (5720, 115),
  (5723, 115),
  (5726, 154),
  (5729, 115),
  (5732, 154),
  (5735, 97),
  (5738, 97),
  (5741, 70),
  (5744, 70),
  (5747, 124),
  (5750, 24),
  (5753, 124),
  (5756, 24),
  (5759, 124),
  (5762, 124),
  (5765, 24),
  (5768, 126),
  (5771, 126),
  (5774, 72),
  (5777, 126),
  (5780, 72),
  (5783, 128),
  (5786, 128),
  (5789, 129),
  (5792, 129),
  (5795, 42),
  (5798, 42),
  (5801, 109),
  (5804, 109),
  (5807, 12),
  (5810, 12),
  (5813, 148),
  (5816, 56),
  (5819, 148),
  (5822, 56),
  (5825, 148),
  (5828, 56),
  (5831, 148),
  (5834, 124),
  (5837, 148),
  (5840, 124),
  (5843, 148),
  (5846, 124),
  (5849, 148),
  (5852, 124),
  (5855, 148),
  (5858, 148),
  (5861, 154),
  (5864, 106),
  (5867, 154),
  (5870, 106),
  (5873, 156),
  (5876, 977),
  (5879, 156),
  (5882, 156),
  (5885, 157),
  (5888, 166),
  (5891, 157),
  (5894, 166),
  (5897, 158),
  (5900, 183),
  (5903, 158),
  (5906, 183),
  (5909, 158),
  (5912, 183),
  (5915, 158),
  (5918, 183),
  (5921, 158),
  (5924, 996),
  (5927, 158),
  (5930, 996),
  (5933, 159),
  (5936, 168),
  (5939, 160),
  (5942, 176),
  (5945, 160),
  (5948, 176),
  (5951, 160),
  (5954, 162),
  (5957, 167),
  (5960, 162),
  (5963, 169),
  (5966, 162),
  (5969, 167),
  (5972, 162),
  (5975, 167),
  (5978, 162),
  (5981, 168),
  (5984, 162),
  (5987, 169),
  (5990, 162),
  (5993, 169),
  (5996, 164),
  (5999, 1024),
  (6002, 164),
  (6005, 1024),
  (6008, 164),
  (6011, 164),
  (6014, 164),
  (6017, 164),
  (6020, 169),
  (6023, 164),
  (6026, 169),
  (6029, 164),
  (6032, 169),
  (6035, 164),
  (6038, 169),
  (6041, 165),
  (6044, 167),
  (6047, 1048),
  (6050, 167),
  (6053, 1048),
  (6056, 169),
  (6059, 159),
  (6062, 170),
  (6065, 157),
  (6068, 170),
  (6071, 157),
  (6074, 171),
  (6077, 996),
  (6080, 172),
  (6083, 173),
  (6086, 172),
  (6089, 173),
  (6092, 173),
  (6095, 174),
  (6098, 175),
  (6101, 174),
  (6104, 175),
  (6107, 175),
  (6110, 167),
  (6113, 175),
  (6116, 167),
  (6119, 175),
  (6122, 162),
  (6125, 175),
  (6128, 162),
  (6131, 175),
  (6134, 182),
  (6137, 175),
  (6140, 182),
  (6143, 176),
  (6146, 162),
  (6149, 176),
  (6152, 176),
  (6155, 177),
  (6158, 177),
  (6161, 178),
  (6164, 1103),
  (6167, 178),
  (6170, 1103),
  (6173, 180),
  (6176, 170),
  (6179, 180),
  (6182, 170),
  (6185, 181),
  (6188, 168),
  (6191, 181),
  (6194, 165),
  (6197, 183),
  (6200, 173),
  (6203, 183),
  (6206, 173);

-- --------------------------------------------------------

--
-- Table structure for table `element_types`
--

DROP TABLE IF EXISTS `element_types`;
CREATE TABLE IF NOT EXISTS `element_types` (
  `id` int(11) NOT NULL AUTO_INCREMENT,
  `type` varchar(100) NOT NULL,
  PRIMARY KEY (`id`),
  UNIQUE KEY `name_UNIQUE` (`type`)
) ENGINE=InnoDB AUTO_INCREMENT=4179 DEFAULT CHARSET=utf8;

--
-- Dumping data for table `element_types`
--

INSERT INTO `element_types` (`id`, `type`) VALUES
  (14, 'Bay'),
  (2, 'Bus'),
  (3, 'Bus Capacitor'),
  (12, 'Bus Coupler'),
  (9, 'Bus Reactor'),
  (4, 'FACTS'),
  (1, 'FSC'),
  (5, 'Generator'),
  (6, 'HVDC Station'),
  (7, 'ICT'),
  (8, 'Line'),
  (11, 'Line Reactor'),
  (15, 'Station Transformer'),
  (16, 'Substation'),
  (13, 'SVC'),
  (10, 'TCSC');

-- --------------------------------------------------------

--
-- Table structure for table `lines`
--

DROP TABLE IF EXISTS `lines`;
CREATE TABLE IF NOT EXISTS `lines` (
  `id` int(11) NOT NULL AUTO_INCREMENT COMMENT 'element id and line number are unique',
  `elements_id` int(11) NOT NULL,
  `conductor_types_id` int(11) NOT NULL,
  `line_length` int(11) DEFAULT NULL,
  `noloadmvar` varchar(10) NOT NULL DEFAULT '0',
  PRIMARY KEY (`id`),
  UNIQUE KEY `elem_id_UNIQUE` (`elements_id`) USING BTREE,
  KEY `fk_lines_conductor_types1_idx` (`conductor_types_id`),
  KEY `fk_lines_elements1_idx` (`elements_id`)
) ENGINE=InnoDB AUTO_INCREMENT=1937 DEFAULT CHARSET=utf8;

--
-- Dumping data for table `lines`
--

INSERT INTO `lines` (`id`, `elements_id`, `conductor_types_id`, `line_length`, `noloadmvar`) VALUES
  (661, 2381, 1, 56, '31.08'),
  (662, 2384, 1, 16, '8.88'),
  (663, 2387, 1, 178, '98.79'),
  (664, 2390, 1, 178, '98.79'),
  (665, 2393, 1, 117, '64.935'),
  (666, 2396, 1, 30, '16.65'),
  (667, 2399, 1, 30, '16.65'),
  (668, 2402, 1, 104, '57.72'),
  (669, 2405, 1, 104, '57.72'),
  (670, 2408, 1, 165, '91.575'),
  (671, 2411, 1, 164, '91.02'),
  (672, 2414, 1, 96, '53.28'),
  (673, 2417, 1, 96, '53.28'),
  (674, 2420, 1, 282, '156.51'),
  (675, 2423, 1, 282, '156.51'),
  (676, 2426, 1, 233, '129.315'),
  (677, 2429, 1, 84, '46.62'),
  (678, 2432, 1, 84, '46.62'),
  (679, 2435, 1, 332, '184.26'),
  (680, 2438, 1, 177, '98.235'),
  (681, 2441, 1, 166, '92.13'),
  (682, 2444, 1, 122, '67.71'),
  (683, 2447, 1, 76, '42.18'),
  (684, 2450, 2, 25, '18.3'),
  (685, 2453, 2, 25, '18.3'),
  (686, 2456, 1, 315, '174.825'),
  (687, 2459, 1, 315, '174.825'),
  (688, 2462, 2, 54, '39.528'),
  (689, 2465, 2, 54, '39.528'),
  (690, 2468, 1, 135, '74.925'),
  (691, 2471, 1, 185, '102.675'),
  (692, 2474, 1, 327, '181.485'),
  (693, 2477, 1, 327, '181.485'),
  (694, 2480, 1, 174, '96.57'),
  (695, 2483, 1, 174, '96.57'),
  (696, 2486, 1, 131, '72.705'),
  (697, 2489, 1, 72, '39.96'),
  (698, 2492, 1, 72, '39.96'),
  (699, 2495, 3, 282, '189.786'),
  (700, 2498, 3, 282, '189.786'),
  (701, 2501, 1, 10, '5.55'),
  (702, 2504, 1, 10, '5.55'),
  (703, 2507, 1, 322, '178.71'),
  (704, 2510, 1, 333, '184.815'),
  (705, 2513, 1, 346, '192.03'),
  (706, 2516, 1, 346, '192.03'),
  (707, 2519, 1, 28, '15.54'),
  (708, 2522, 1, 28, '15.54'),
  (709, 2525, 1, 388, '215.34'),
  (710, 2528, 1, 15, '8.325'),
  (711, 2531, 1, 178, '98.79'),
  (712, 2534, 1, 178, '98.79'),
  (713, 2537, 1, 13, '7.215'),
  (714, 2540, 1, 230, '127.65'),
  (715, 2543, 1, 93, '51.615'),
  (716, 2546, 1, 56, '31.08'),
  (717, 2549, 1, 56, '31.08'),
  (718, 2552, 1, 56, '31.08'),
  (719, 2555, 1, 9, '4.995'),
  (720, 2558, 1, 9, '4.995'),
  (721, 2561, 1, 289, '160.395'),
  (722, 2564, 1, 273, '151.515'),
  (723, 2567, 1, 98, '54.39'),
  (724, 2570, 1, 98, '54.39'),
  (725, 2573, 1, 214, '118.77'),
  (726, 2576, 1, 214, '118.77'),
  (727, 2579, 1, 220, '122.1'),
  (728, 2582, 1, 238, '132.09'),
  (729, 2585, 1, 182, '101.01'),
  (730, 2588, 1, 15, '8.325'),
  (731, 2591, 1, 15, '8.325'),
  (732, 2594, 1, 20, '11.1'),
  (733, 2597, 1, 3, '1.665'),
  (734, 2600, 1, 3, '1.665'),
  (735, 2603, 1, 3, '1.665'),
  (736, 2606, 1, 3, '1.665'),
  (737, 2609, 1, 200, '111'),
  (738, 2612, 1, 200, '111'),
  (739, 2615, 1, 20, '11.1'),
  (740, 2618, 1, 1, '0.555'),
  (741, 2621, 1, 0, '0.222'),
  (742, 2624, 1, 118, '65.49'),
  (743, 2627, 1, 118, '65.49'),
  (744, 2630, 1, 215, '119.325'),
  (745, 2633, 3, 314, '211.322'),
  (746, 2636, 3, 224, '150.752'),
  (747, 2639, 3, 334, '224.782'),
  (748, 2642, 3, 334, '224.782'),
  (749, 2645, 3, 100, '67.3'),
  (750, 2648, 3, 100, '67.3'),
  (751, 2651, 1, 18, '9.99'),
  (752, 2654, 1, 20, '11.1'),
  (753, 2657, 1, 20, '11.1'),
  (754, 2660, 1, 22, '12.21'),
  (755, 2663, 1, 22, '12.21'),
  (756, 2666, 1, 156, '86.58'),
  (757, 2669, 1, 1, '0.555'),
  (758, 2672, 1, 1, '0.555'),
  (759, 2675, 1, 371, '205.905'),
  (760, 2678, 1, 8, '4.44'),
  (761, 2681, 1, 8, '4.44'),
  (762, 2684, 1, 257, '-1'),
  (763, 2687, 1, 114, '63.27'),
  (764, 2690, 1, 230, '127.65'),
  (765, 2693, 1, 230, '127.65'),
  (766, 2696, 1, 227, '125.985'),
  (767, 2699, 1, 227, '125.985'),
  (768, 2702, 1, 118, '65.49'),
  (769, 2705, 1, 18, '9.99'),
  (770, 2708, 1, 18, '9.99'),
  (771, 2711, 1, 157, '87.135'),
  (772, 2714, 1, 157, '87.135'),
  (773, 2717, 1, 56, '31.08'),
  (774, 2720, 1, 56, '31.08'),
  (775, 2723, 1, 152, '84.36'),
  (776, 2726, 1, 152, '84.36'),
  (777, 2729, 1, 62, '34.41'),
  (778, 2732, 1, 62, '34.41'),
  (779, 2735, 1, 68, '37.74'),
  (780, 2738, 1, 23, '12.876'),
  (781, 2741, 1, 23, '12.876'),
  (782, 2744, 1, 390, '216.45'),
  (783, 2747, 1, 18, '9.99'),
  (784, 2750, 1, 18, '9.99'),
  (785, 2753, 1, 170, '94.35'),
  (786, 2756, 1, 170, '94.35'),
  (787, 2759, 2, 127, '92.964'),
  (788, 2762, 2, 127, '92.964'),
  (789, 2765, 1, 106, '58.83'),
  (790, 2768, 1, 93, '51.615'),
  (791, 2771, 1, 97, '53.835'),
  (792, 2774, 1, 97, '53.835'),
  (793, 2777, 1, 13, '7.215'),
  (794, 2780, 1, 64, '35.52'),
  (795, 2783, 1, 98, '54.39'),
  (796, 2786, 1, 159, '88.245'),
  (797, 2789, 1, 113, '62.715'),
  (798, 2792, 1, 113, '62.715'),
  (799, 2795, 1, 166, '92.13'),
  (800, 2798, 1, 150, '83.25'),
  (801, 2801, 1, 94, '52.17'),
  (802, 2804, 2, 79, '57.828'),
  (803, 2807, 2, 80, '58.56'),
  (804, 2810, 1, 188, '104.34'),
  (805, 2813, 1, 50, '27.75'),
  (806, 2816, 1, 50, '27.75'),
  (807, 2819, 1, 108, '59.94'),
  (808, 2822, 1, 289, '160.395'),
  (809, 2825, 1, 273, '151.515'),
  (810, 2828, 1, 150, '83.25'),
  (811, 2831, 1, 150, '83.25'),
  (812, 2834, 1, 207, '114.885'),
  (813, 2837, 1, 214, '118.77'),
  (814, 2840, 1, 197, '109.335'),
  (815, 2843, 1, 197, '109.335'),
  (816, 2846, 1, 232, '128.76'),
  (817, 2849, 1, 232, '128.76'),
  (818, 2852, 1, 234, '129.87'),
  (819, 2855, 1, 234, '129.87'),
  (820, 2858, 1, 340, '188.7'),
  (821, 2861, 2, 16, '11.712'),
  (822, 2864, 2, 16, '11.712'),
  (823, 2867, 3, 246, '165.558'),
  (824, 2870, 3, 246, '165.558'),
  (825, 2873, 1, 65, '36.075'),
  (826, 2876, 1, 65, '36.075'),
  (827, 2879, 1, 55, '30.525'),
  (828, 2882, 1, 55, '30.525'),
  (829, 2885, 1, 172, '95.46'),
  (830, 2888, 1, 258, '143.19'),
  (831, 2891, 1, 258, '143.19'),
  (832, 2894, 1, 2, '1.11'),
  (833, 2897, 1, 10, '5.55'),
  (834, 2900, 1, 10, '5.55'),
  (835, 2903, 1, 10, '5.55'),
  (836, 2906, 1, 10, '5.55'),
  (837, 2909, 1, 49, '27.195'),
  (838, 2912, 1, 52, '28.86'),
  (839, 2915, 1, 72, '39.96'),
  (840, 2918, 1, 72, '39.96'),
  (841, 2921, 1, 28, '15.54'),
  (842, 2924, 1, 104, '57.72'),
  (843, 2927, 1, 105, '58.275'),
  (844, 2930, 1, 105, '58.275'),
  (845, 2933, 1, 111, '61.605'),
  (846, 2936, 1, 111, '61.605'),
  (847, 2939, 1, 72, '39.96'),
  (848, 2942, 1, 72, '39.96'),
  (849, 2945, 1, 299, '165.945'),
  (850, 2948, 1, 161, '89.355'),
  (851, 2951, 1, 103, '57.165'),
  (852, 2954, 1, 262, '145.41'),
  (853, 2957, 1, 262, '145.41'),
  (854, 2960, 1, 221, '122.655'),
  (855, 2963, 1, 221, '122.655'),
  (856, 2966, 1, 85, '47.175'),
  (857, 2969, 1, 39, '21.645'),
  (858, 2972, 1, 39, '21.645'),
  (859, 2975, 1, 220, '122.1'),
  (860, 2978, 1, 220, '122.1'),
  (861, 2981, 1, 156, '86.58'),
  (862, 2984, 1, 156, '86.58'),
  (863, 2987, 1, 343, '190.365'),
  (864, 2990, 1, 149, '82.695'),
  (865, 2993, 1, 272, '150.96'),
  (866, 2996, 1, 10, '5.55'),
  (867, 2999, 1, 10, '5.55'),
  (868, 3002, 1, 14, '7.77'),
  (869, 3005, 1, 144, '79.92'),
  (870, 3008, 1, 1, '0.555'),
  (871, 3011, 1, 220, '122.1'),
  (872, 3014, 1, 60, '33.3'),
  (873, 3017, 1, 197, '109.335'),
  (874, 3020, 1, 192, '106.56'),
  (875, 3023, 1, 212, '117.66'),
  (876, 3026, 1, 212, '117.66'),
  (877, 3029, 1, 100, '55.5'),
  (878, 3032, 1, 218, '120.99'),
  (879, 3035, 1, 289, '160.395'),
  (880, 3038, 1, 124, '68.82'),
  (881, 3041, 1, 260, '144.3'),
  (882, 3044, 1, 18, '9.99'),
  (883, 3047, 1, 183, '101.565'),
  (884, 3050, 1, 14, '7.77'),
  (885, 3053, 1, 14, '7.77'),
  (886, 3056, 1, 147, '81.585'),
  (887, 3059, 1, 150, '83.25'),
  (888, 3062, 1, 104, '57.72'),
  (889, 3065, 1, 19, '10.545'),
  (890, 3068, 1, 19, '10.545'),
  (891, 3071, 1, 18, '9.99'),
  (892, 3074, 1, 18, '9.99'),
  (893, 3077, 1, 48, '26.64'),
  (894, 3080, 1, 37, '20.535'),
  (895, 3083, 1, 40, '22.2'),
  (896, 3086, 1, 1, '0.555'),
  (897, 3089, 1, 1, '0.555'),
  (898, 3092, 1, 53, '29.415'),
  (899, 3095, 1, 53, '29.415'),
  (900, 3098, 1, 126, '69.93'),
  (901, 3101, 1, 126, '69.93'),
  (902, 3104, 1, 53, '29.415'),
  (903, 3107, 1, 136, '75.48'),
  (904, 3110, 1, 136, '75.48'),
  (905, 3113, 1, 170, '94.35'),
  (906, 3116, 3, 94, '63.262'),
  (907, 3119, 1, 45, '24.975'),
  (908, 3122, 1, 331, '183.705'),
  (909, 3125, 1, 331, '183.705'),
  (910, 3128, 1, 202, '112.11'),
  (911, 3131, 1, 152, '84.36'),
  (912, 3134, 1, 140, '77.7'),
  (913, 3137, 1, 105, '58.275'),
  (914, 3140, 1, 105, '58.275'),
  (915, 3143, 1, 14, '7.77'),
  (916, 3146, 1, 14, '7.77'),
  (917, 3149, 1, 101, '56.055'),
  (918, 3152, 1, 116, '64.38'),
  (919, 3155, 1, 116, '64.38'),
  (920, 3158, 1, 96, '53.28'),
  (921, 3161, 1, 284, '157.62'),
  (922, 3164, 1, 284, '157.62'),
  (923, 3167, 1, 182, '101.01'),
  (924, 3170, 1, 357, '198.135'),
  (925, 3173, 1, 163, '90.465'),
  (926, 3176, 1, 5, '2.775'),
  (927, 3179, 1, 5, '2.775'),
  (928, 3182, 1, 272, '150.96'),
  (929, 3185, 1, 272, '150.96'),
  (930, 3188, 1, 65, '36.075'),
  (931, 3191, 1, 65, '36.075'),
  (932, 3194, 1, 31, '17.205'),
  (933, 3197, 1, 31, '17.205'),
  (934, 3200, 1, 6, '3.33'),
  (935, 3203, 1, 6, '3.33'),
  (936, 3206, 1, 64, '35.52'),
  (937, 3209, 1, 64, '35.52'),
  (938, 3212, 1, 64, '35.52'),
  (939, 3215, 1, 64, '35.52'),
  (940, 3218, 1, 110, '61.05'),
  (941, 3221, 1, 125, '69.375'),
  (942, 3224, 1, 130, '72.15'),
  (943, 3227, 1, 130, '72.15'),
  (944, 3230, 1, 217, '120.435'),
  (945, 3233, 1, 217, '120.435'),
  (946, 3236, 1, 7, '3.885'),
  (947, 3239, 1, 7, '3.885'),
  (948, 3242, 1, 119, '66.045'),
  (949, 3245, 2, 371, '271.572'),
  (950, 3248, 2, 371, '271.572'),
  (951, 3251, 1, 22, '12.21'),
  (952, 3254, 1, 22, '12.21'),
  (953, 3257, 1, 65, '36.075'),
  (954, 3260, 1, 65, '36.075'),
  (955, 3263, 1, 141, '78.255'),
  (956, 3266, 1, 141, '78.255'),
  (957, 3269, 1, 104, '57.72'),
  (958, 3272, 1, 104, '57.72'),
  (959, 3275, 1, 243, '134.865'),
  (960, 3278, 1, 243, '134.865'),
  (961, 3281, 1, 140, '77.7'),
  (962, 3284, 1, 140, '77.7'),
  (963, 3287, 1, 103, '57.165'),
  (964, 3290, 1, 103, '57.165'),
  (965, 3293, 1, 60, '33.3'),
  (966, 3296, 1, 60, '33.3'),
  (967, 3299, 1, 136, '75.48'),
  (968, 3302, 1, 136, '75.48'),
  (969, 3305, 1, 6, '3.33'),
  (970, 3308, 1, 276, '153.18'),
  (971, 3311, 1, 276, '153.18'),
  (972, 3314, 1, 272, '150.96'),
  (973, 3317, 1, 273, '151.515'),
  (974, 3320, 1, 161, '89.355'),
  (975, 3323, 1, 161, '89.355'),
  (976, 3326, 1, 189, '104.895'),
  (977, 3329, 1, 79, '43.845'),
  (978, 3332, 1, 240, '133.2'),
  (979, 3335, 1, 240, '133.2'),
  (980, 3338, 1, 156, '86.58'),
  (981, 3341, 5, 352, '243.936'),
  (982, 3344, 5, 352, '243.936'),
  (983, 3347, 1, 178, '98.79'),
  (984, 3350, 1, 201, '111.555'),
  (985, 3353, 1, 201, '111.555'),
  (986, 3356, 1, 149, '82.695'),
  (987, 3359, 1, 149, '82.695'),
  (988, 3362, 1, 149, '82.695'),
  (989, 3365, 1, 405, '224.775'),
  (990, 3368, 1, 405, '224.775'),
  (991, 3371, 1, 28, '15.54'),
  (992, 3374, 1, 28, '15.54'),
  (993, 3377, 1, 95, '52.725'),
  (994, 3380, 1, 41, '22.755'),
  (995, 3383, 1, 135, '74.925'),
  (996, 3386, 1, 11, '6.105'),
  (997, 3389, 1, 11, '6.105'),
  (998, 3392, 1, 236, '130.98'),
  (999, 3395, 1, 236, '130.98'),
  (1000, 3398, 1, 83, '46.065'),
  (1001, 3401, 1, 178, '98.79'),
  (1002, 3404, 1, 178, '98.79'),
  (1003, 3407, 1, 146, '81.03'),
  (1004, 3410, 1, 3, '1.665'),
  (1005, 3413, 1, 212, '117.66'),
  (1006, 3416, 1, 203, '112.665'),
  (1007, 3419, 1, 5, '2.9748'),
  (1008, 3422, 1, 91, '50.505'),
  (1009, 3425, 1, 91, '50.505'),
  (1010, 3428, 1, 21, '11.655'),
  (1011, 3431, 1, 21, '11.655'),
  (1012, 3434, 1, 219, '121.545'),
  (1013, 3437, 1, 219, '121.545'),
  (1014, 3440, 1, 15, '8.325'),
  (1015, 3443, 1, 15, '8.325'),
  (1016, 3446, 1, 81, '44.955'),
  (1017, 3449, 1, 68, '37.74'),
  (1018, 3452, 1, 83, '46.065'),
  (1019, 3455, 1, 209, '115.995'),
  (1020, 3458, 1, 226, '125.43'),
  (1021, 3461, 1, 226, '125.43'),
  (1022, 3464, 2, 131, '95.892'),
  (1023, 3467, 2, 131, '95.892'),
  (1024, 3470, 2, 14, '10.248'),
  (1025, 3473, 2, 14, '10.248'),
  (1026, 3476, 1, 91, '50.505'),
  (1027, 3479, 1, 118, '65.49'),
  (1028, 3482, 1, 360, '199.8'),
  (1029, 3485, 1, 360, '199.8'),
  (1030, 3488, 1, 389, '215.895'),
  (1031, 3491, 1, 267, '148.185'),
  (1032, 3494, 1, 267, '148.185'),
  (1033, 3497, 1, 258, '143.19'),
  (1034, 3500, 1, 258, '143.19'),
  (1035, 3503, 1, 20, '11.1'),
  (1036, 3506, 1, 41, '22.755'),
  (1037, 3509, 2, 4, '2.928'),
  (1038, 3512, 2, 4, '2.928'),
  (1039, 3515, 2, 4, '2.928'),
  (1040, 3518, 2, 4, '2.928'),
  (1041, 3521, 1, 31, '17.205'),
  (1042, 3524, 1, 31, '17.205'),
  (1043, 3527, 1, 8, '4.44'),
  (1044, 3530, 1, 8, '4.44'),
  (1045, 3533, 4, 35, '26.11'),
  (1046, 3536, 4, 28, '20.888'),
  (1047, 3539, 2, 337, '246.684'),
  (1048, 3542, 2, 337, '246.684'),
  (1049, 3545, 1, 162, '89.91'),
  (1050, 3548, 1, 162, '89.91'),
  (1051, 3551, 2, 124, '90.768'),
  (1052, 3554, 2, 124, '90.768'),
  (1053, 3557, 1, 76, '42.18'),
  (1054, 3560, 2, 67, '49.044'),
  (1055, 3563, 1, 45, '24.975'),
  (1056, 3566, 1, 45, '24.975'),
  (1057, 3569, 1, 143, '79.365'),
  (1058, 3572, 1, 234, '129.87'),
  (1059, 3575, 1, 258, '143.19'),
  (1060, 3578, 4, 219, '514.65'),
  (1061, 3581, 4, 219, '514.65'),
  (1062, 3584, 407, 348, '925.68'),
  (1063, 3587, 407, 348, '925.68'),
  (1064, 3590, 407, 370, '984.2'),
  (1065, 3593, 407, 370, '984.2'),
  (1066, 3596, 407, 279, '742.14'),
  (1067, 3599, 407, 279, '742.14'),
  (1068, 3602, 4, 176, '413.6'),
  (1069, 3605, 4, 333, '782.55'),
  (1070, 3608, 4, 335, '787.25'),
  (1071, 3611, 4, 89, '209.15'),
  (1072, 3614, 4, 235, '552.25'),
  (1073, 3617, 4, 236, '554.6'),
  (1074, 3620, 4, 235, '552.25'),
  (1075, 3623, 4, 231, '542.85'),
  (1076, 3626, 4, 310, '728.5'),
  (1077, 3629, 4, 230, '540.5'),
  (1078, 3632, 4, 230, '540.5'),
  (1079, 3635, 4, 0, '0.47'),
  (1080, 3638, 4, 301, '707.35'),
  (1081, 3641, 4, 303, '712.05'),
  (1082, 3644, 4, 200, '470'),
  (1083, 3647, 407, 303, '805.98'),
  (1084, 3650, 407, 303, '805.98'),
  (1085, 3653, 407, 424, '1127.84'),
  (1086, 3656, 407, 424, '1127.84'),
  (1087, 3659, 407, 379, '1008.14'),
  (1088, 3662, 407, 379, '1008.14'),
  (1089, 3665, 4, 192, '451.2'),
  (1090, 3668, 4, 129, '303.15'),
  (1091, 3671, 4, 128, '300.8'),
  (1092, 3674, 4, 304, '714.4'),
  (1093, 3677, 4, 311, '730.85'),
  (1094, 3680, 4, 260, '611'),
  (1095, 3683, 407, 191, '508.06'),
  (1096, 3686, 407, 191, '508.06'),
  (1097, 3689, 4, 222, '521.7'),
  (1098, 3692, 4, 222, '521.7'),
  (1099, 3695, 4, 270, '634.5'),
  (1100, 3698, 407, 235, '625.1'),
  (1101, 3701, 407, 235, '625.1'),
  (1102, 3704, 407, 48, '127.68'),
  (1103, 3707, 407, 48, '127.68'),
  (1104, 3710, 4, 96, '225.6'),
  (1105, 3713, 4, 153, '359.55'),
  (1106, 3716, 4, 246, '578.1'),
  (1107, 3719, 4, 243, '571.05'),
  (1108, 3722, 4, 6, '14.1'),
  (1109, 3725, 4, 337, '791.95'),
  (1110, 3728, 4, 337, '791.95'),
  (1111, 3731, 4, 274, '643.9'),
  (1112, 3734, 4, 276, '648.6'),
  (1113, 3737, 4, 237, '556.95'),
  (1114, 3740, 4, 237, '556.95'),
  (1115, 3743, 4, 292, '686.2'),
  (1116, 3746, 4, 261, '613.35'),
  (1117, 3749, 4, 261, '613.35'),
  (1118, 3752, 4, 22, '51.7'),
  (1119, 3755, 4, 22, '51.7'),
  (1120, 3758, 4, 208, '488.8'),
  (1121, 3761, 4, 208, '488.8'),
  (1122, 3764, 4, 136, '319.6'),
  (1123, 3767, 4, 138, '324.3'),
  (1124, 3770, 4, 293, '688.55'),
  (1125, 3773, 4, 268, '629.8'),
  (1126, 3776, 407, 370, '984.2'),
  (1127, 3779, 407, 370, '984.2'),
  (1128, 3782, 473, 2, '-1'),
  (1129, 3785, 474, 61, '-1'),
  (1130, 3788, 474, 61, '-1'),
  (1131, 3791, 474, 146, '-1'),
  (1132, 3794, 474, 113, '-1'),
  (1133, 3797, 474, 34, '-1'),
  (1134, 3800, 474, 34, '-1'),
  (1135, 3803, 474, 11, '-1'),
  (1136, 3806, 474, 11, '-1'),
  (1137, 3809, 474, 199, '-1'),
  (1138, 3812, 474, 62, '-1'),
  (1139, 3815, 474, 63, '-1'),
  (1140, 3818, 474, 7, '-1'),
  (1141, 3821, 474, 19, '-1'),
  (1142, 3824, 474, 19, '-1'),
  (1143, 3827, 474, 19, '-1'),
  (1144, 3830, 474, 21, '-1'),
  (1145, 3833, 474, 22, '-1'),
  (1146, 3836, 474, 22, '-1'),
  (1147, 3839, 474, 3, '-1'),
  (1148, 3842, 474, 169, '-1'),
  (1149, 3845, 474, 246, '-1'),
  (1150, 3848, 474, 246, '-1'),
  (1151, 3851, 474, 11, '-1'),
  (1152, 3854, 474, 53, '-1'),
  (1153, 3857, 474, 53, '-1'),
  (1154, 3860, 474, 8, '-1'),
  (1155, 3863, 474, 9, '-1'),
  (1156, 3866, 474, 62, '-1'),
  (1157, 3869, 474, 151, '-1'),
  (1158, 3872, 474, 20, '-1'),
  (1159, 3875, 474, 20, '-1'),
  (1160, 3878, 474, 12, '-1'),
  (1161, 3881, 474, 12, '-1'),
  (1162, 3884, 474, 13, '-1'),
  (1163, 3887, 474, 13, '-1'),
  (1164, 3890, 474, 38, '-1'),
  (1165, 3893, 474, 38, '-1'),
  (1166, 3896, 474, 11, '-1'),
  (1167, 3899, 474, 11, '-1'),
  (1168, 3902, 474, 3, '-1'),
  (1169, 3905, 474, 3, '-1'),
  (1170, 3908, 474, 29, '-1'),
  (1171, 3911, 474, 150, '-1'),
  (1172, 3914, 474, 150, '-1'),
  (1173, 3917, 474, 21, '-1'),
  (1174, 3920, 474, 3, '-1'),
  (1175, 3923, 474, 11, '-1'),
  (1176, 3926, 474, 11, '-1'),
  (1177, 3929, 474, 74, '-1'),
  (1178, 3932, 474, 74, '-1'),
  (1179, 3935, 474, 43, '-1'),
  (1180, 3938, 474, 43, '-1'),
  (1181, 3941, 474, 117, '-1'),
  (1182, 3944, 474, 117, '-1'),
  (1183, 3947, 474, 30, '-1'),
  (1184, 3950, 474, 30, '-1'),
  (1185, 3953, 474, 8, '-1'),
  (1186, 3956, 474, 8, '-1'),
  (1187, 3959, 474, 102, '-1'),
  (1188, 3962, 474, 81, '-1'),
  (1189, 3965, 474, 81, '-1'),
  (1190, 3968, 474, 56, '-1'),
  (1191, 3971, 474, 56, '-1'),
  (1192, 3974, 474, 37, '-1'),
  (1193, 3977, 474, 37, '-1'),
  (1194, 3980, 474, 3, '-1'),
  (1195, 3983, 474, 3, '-1'),
  (1196, 3986, 474, 98, '-1'),
  (1197, 3989, 474, 1, '-1'),
  (1198, 3992, 474, 1, '-1'),
  (1199, 3995, 474, 52, '-1'),
  (1200, 3998, 474, 155, '-1'),
  (1201, 4001, 474, 5, '-1'),
  (1202, 4004, 474, 5, '-1'),
  (1203, 4007, 474, 150, '-1'),
  (1204, 4010, 474, 28, '-1'),
  (1205, 4013, 474, 176, '-1'),
  (1206, 4016, 474, 176, '-1'),
  (1207, 4019, 474, 110, '-1'),
  (1208, 4022, 474, 2, '-1'),
  (1209, 4025, 474, 2, '-1'),
  (1210, 4028, 474, 25, '-1'),
  (1211, 4031, 474, 43, '-1'),
  (1212, 4034, 474, 5, '-1'),
  (1213, 4037, 474, 5, '-1'),
  (1214, 4040, 474, 37, '-1'),
  (1215, 4043, 474, 59, '-1'),
  (1216, 4046, 474, 43, '-1'),
  (1217, 4049, 474, 49, '-1'),
  (1218, 4052, 474, 171, '-1'),
  (1219, 4055, 474, 171, '-1'),
  (1220, 4058, 474, 10, '-1'),
  (1221, 4061, 474, 10, '-1'),
  (1222, 4064, 474, 51, '-1'),
  (1223, 4067, 474, 68, '-1'),
  (1224, 4070, 474, 79, '-1'),
  (1225, 4073, 474, 78, '-1'),
  (1226, 4076, 474, 120, '-1'),
  (1227, 4079, 474, 105, '-1'),
  (1228, 4082, 474, 15, '-1'),
  (1229, 4085, 474, 15, '-1'),
  (1230, 4088, 474, 13, '-1'),
  (1231, 4091, 474, 12, '-1'),
  (1232, 4094, 474, 1, '-1'),
  (1233, 4097, 474, 1, '-1'),
  (1234, 4100, 474, 42, '-1'),
  (1235, 4103, 474, 4, '-1'),
  (1236, 4106, 474, 4, '-1'),
  (1237, 4109, 474, 67, '-1'),
  (1238, 4112, 474, 67, '-1'),
  (1239, 4115, 474, 7, '-1'),
  (1240, 4118, 474, 7, '-1'),
  (1241, 4121, 474, 4, '-1'),
  (1242, 4124, 474, 4, '-1'),
  (1243, 4127, 474, 4, '-1'),
  (1244, 4130, 474, 4, '-1'),
  (1245, 4133, 474, 117, '-1'),
  (1246, 4136, 474, 62, '-1'),
  (1247, 4139, 474, 20, '-1'),
  (1248, 4142, 474, 96, '-1'),
  (1249, 4145, 474, 21, '-1'),
  (1250, 4148, 474, 1, '-1'),
  (1251, 4151, 474, 37, '-1'),
  (1252, 4154, 474, 26, '-1'),
  (1253, 4157, 474, 26, '-1'),
  (1254, 4160, 474, 30, '-1'),
  (1255, 4163, 474, 30, '-1'),
  (1256, 4166, 474, 28, '-1'),
  (1257, 4169, 474, 19, '-1'),
  (1258, 4172, 474, 25, '-1'),
  (1259, 4175, 474, 95, '-1'),
  (1260, 4178, 474, 120, '-1'),
  (1261, 4181, 1, 289, '-1'),
  (1262, 4184, 1, 273, '-1'),
  (1263, 4187, 1, 98, '-1'),
  (1264, 4190, 1, 98, '-1'),
  (1274, 4220, 1, 150, '-1'),
  (1275, 4223, 1, 150, '-1'),
  (1279, 4235, 1, 103, '-1'),
  (1280, 4238, 1, 189, '-1'),
  (1289, 4265, 474, 151, '-1'),
  (1313, 4337, 474, 12, '-1');

-- --------------------------------------------------------

--
-- Table structure for table `line_reactors`
--

DROP TABLE IF EXISTS `line_reactors`;
CREATE TABLE IF NOT EXISTS `line_reactors` (
  `id` int(11) NOT NULL AUTO_INCREMENT,
  `elements_id` int(11) NOT NULL,
  `lines_id` int(11) NOT NULL,
  `mvar` int(11) DEFAULT NULL,
  `is_switchable` varchar(1) DEFAULT NULL,
  PRIMARY KEY (`id`),
  UNIQUE KEY `elements_id` (`elements_id`),
  KEY `fk_line_reactors_elements1_idx` (`elements_id`),
  KEY `fk_line_reactors_lines1_idx` (`lines_id`)
) ENGINE=InnoDB AUTO_INCREMENT=619 DEFAULT CHARSET=utf8;

--
-- Dumping data for table `line_reactors`
--

INSERT INTO `line_reactors` (`id`, `elements_id`, `lines_id`, `mvar`, `is_switchable`) VALUES
  (314, 5294, 663, 50, '0'),
  (315, 5297, 663, 50, '0'),
  (316, 5300, 664, 50, '0'),
  (317, 5303, 664, 50, '0'),
  (318, 5306, 674, 50, '0'),
  (319, 5309, 675, 50, '0'),
  (320, 5312, 676, 63, '0'),
  (321, 5315, 679, 63, '0'),
  (322, 5318, 681, 50, '0'),
  (323, 5321, 686, 50, '0'),
  (324, 5324, 686, 50, '1'),
  (325, 5327, 687, 50, '0'),
  (326, 5330, 687, 50, '1'),
  (327, 5333, 692, 80, '1'),
  (328, 5336, 692, 80, '0'),
  (329, 5339, 693, 80, '1'),
  (330, 5342, 693, 80, '0'),
  (331, 5345, 699, 50, '0'),
  (332, 5348, 700, 50, '0'),
  (333, 5351, 703, 50, '0'),
  (334, 5354, 703, 80, '0'),
  (335, 5357, 704, 50, '0'),
  (336, 5360, 704, 80, '0'),
  (337, 5363, 705, 63, '0'),
  (338, 5366, 705, 50, '1'),
  (339, 5369, 706, 63, '0'),
  (340, 5372, 706, 63, '0'),
  (341, 5375, 709, 63, '0'),
  (342, 5378, 709, 63, '0'),
  (343, 5381, 710, 63, '0'),
  (344, 5384, 711, 50, '0'),
  (345, 5387, 712, 50, '0'),
  (346, 5390, 714, 50, '0'),
  (347, 5393, 715, 50, '0'),
  (348, 5396, 721, 50, '0'),
  (349, 5399, 722, 50, '0'),
  (350, 5402, 725, 50, '0'),
  (351, 5405, 726, 50, '0'),
  (352, 5408, 728, 50, '0'),
  (353, 5411, 729, 50, '0'),
  (354, 5414, 737, 63, '1'),
  (355, 5417, 737, 50, '0'),
  (356, 5420, 738, 63, '1'),
  (357, 5423, 738, 50, '0'),
  (358, 5426, 740, 50, '0'),
  (359, 5429, 743, 63, '0'),
  (360, 5432, 744, 50, '0'),
  (361, 5435, 745, 63, '1'),
  (362, 5438, 745, 63, '0'),
  (363, 5441, 746, 63, '1'),
  (364, 5444, 747, 63, '1'),
  (365, 5447, 747, 63, '0'),
  (366, 5450, 748, 63, '1'),
  (367, 5453, 748, 63, '0'),
  (368, 5456, 757, 50, '0'),
  (369, 5459, 758, 50, '0'),
  (370, 5462, 759, 50, '0'),
  (371, 5465, 759, 50, '0'),
  (372, 5468, 764, 50, '0'),
  (373, 5471, 764, 63, '0'),
  (374, 5474, 765, 50, '0'),
  (375, 5477, 765, 63, '0'),
  (376, 5480, 766, 50, '0'),
  (377, 5483, 767, 50, '0'),
  (378, 5486, 768, 50, '0'),
  (379, 5489, 782, 63, '0'),
  (380, 5492, 794, 50, '0'),
  (381, 5495, 803, 50, '0'),
  (382, 5498, 808, 50, '0'),
  (383, 5501, 808, 50, '0'),
  (384, 5504, 809, 50, '0'),
  (385, 5507, 809, 50, '0'),
  (386, 5510, 812, 50, '0'),
  (387, 5513, 812, 50, '0'),
  (388, 5516, 813, 50, '0'),
  (389, 5519, 813, 50, '0'),
  (390, 5522, 814, 50, '1'),
  (391, 5525, 815, 50, '0'),
  (392, 5528, 816, 50, '0'),
  (393, 5531, 816, 50, '0'),
  (394, 5534, 817, 50, '0'),
  (395, 5537, 817, 50, '0'),
  (396, 5540, 818, 50, '1'),
  (397, 5543, 818, 50, '0'),
  (398, 5546, 819, 50, '1'),
  (399, 5549, 819, 50, '0'),
  (400, 5552, 820, 63, '0'),
  (401, 5555, 820, 50, '0'),
  (402, 5558, 823, 50, '0'),
  (403, 5561, 824, 50, '0'),
  (404, 5564, 830, 50, '0'),
  (405, 5567, 831, 50, '0'),
  (406, 5570, 849, 50, '0'),
  (407, 5573, 849, 80, '1'),
  (408, 5576, 850, 80, '0'),
  (409, 5579, 852, 50, '0'),
  (410, 5582, 852, 50, '0'),
  (411, 5585, 853, 50, '0'),
  (412, 5588, 853, 50, '0'),
  (413, 5591, 859, 50, '0'),
  (414, 5594, 860, 50, '0'),
  (415, 5597, 863, 50, '0'),
  (416, 5600, 863, 50, '0'),
  (417, 5603, 864, 50, '0'),
  (418, 5606, 865, 50, '0'),
  (419, 5609, 865, 50, '0'),
  (420, 5612, 871, 50, '0'),
  (421, 5615, 873, 50, '0'),
  (422, 5618, 874, 50, '0'),
  (423, 5621, 875, 63, '0'),
  (424, 5624, 876, 63, '0'),
  (425, 5627, 879, 50, '0'),
  (426, 5630, 881, 50, '0'),
  (427, 5633, 881, 50, '0'),
  (428, 5636, 882, 50, '0'),
  (429, 5639, 886, 50, '0'),
  (430, 5642, 887, 50, '0'),
  (431, 5645, 894, 50, '0'),
  (432, 5648, 906, 63, '0'),
  (433, 5651, 908, 50, '0'),
  (434, 5654, 908, 50, '0'),
  (435, 5657, 909, 50, '0'),
  (436, 5660, 909, 50, '0'),
  (437, 5663, 910, 63, '1'),
  (438, 5666, 911, 63, '1'),
  (439, 5669, 917, 50, '0'),
  (440, 5672, 921, 50, '0'),
  (441, 5675, 921, 50, '0'),
  (442, 5678, 922, 50, '0'),
  (443, 5681, 922, 50, '0'),
  (444, 5684, 923, 50, '0'),
  (445, 5687, 924, 50, '0'),
  (446, 5690, 925, 50, '0'),
  (447, 5693, 928, 50, '0'),
  (448, 5696, 928, 50, '0'),
  (449, 5699, 929, 50, '0'),
  (450, 5702, 929, 50, '0'),
  (451, 5705, 936, 50, '1'),
  (452, 5708, 937, 50, '1'),
  (453, 5711, 938, 50, '1'),
  (454, 5714, 939, 50, '1'),
  (455, 5717, 944, 63, '0'),
  (456, 5720, 945, 63, '0'),
  (457, 5723, 949, 63, '0'),
  (458, 5726, 949, 63, '0'),
  (459, 5729, 950, 63, '0'),
  (460, 5732, 950, 63, '0'),
  (461, 5735, 957, 50, '0'),
  (462, 5738, 958, 50, '0'),
  (463, 5741, 959, 50, '0'),
  (464, 5744, 960, 50, '0'),
  (465, 5747, 970, 50, '0'),
  (466, 5750, 970, 50, '0'),
  (467, 5753, 971, 50, '0'),
  (468, 5756, 971, 50, '0'),
  (469, 5759, 972, 50, '0'),
  (470, 5762, 973, 50, '0'),
  (471, 5765, 973, 50, '0'),
  (472, 5768, 980, 50, '0'),
  (473, 5771, 981, 80, '0'),
  (474, 5774, 981, 80, '1'),
  (475, 5777, 982, 80, '0'),
  (476, 5780, 982, 80, '1'),
  (477, 5783, 984, 50, '0'),
  (478, 5786, 985, 50, '0'),
  (479, 5789, 989, 80, '0'),
  (480, 5792, 990, 80, '0'),
  (481, 5795, 998, 50, '1'),
  (482, 5798, 999, 50, '1'),
  (483, 5801, 1005, 50, '0'),
  (484, 5804, 1019, 50, '0'),
  (485, 5807, 1020, 63, '0'),
  (486, 5810, 1021, 63, '0'),
  (487, 5813, 1028, 63, '0'),
  (488, 5816, 1028, 63, '0'),
  (489, 5819, 1029, 63, '0'),
  (490, 5822, 1029, 63, '0'),
  (491, 5825, 1030, 63, '0'),
  (492, 5828, 1030, 63, '0'),
  (493, 5831, 1031, 50, '0'),
  (494, 5834, 1031, 50, '0'),
  (495, 5837, 1032, 50, '0'),
  (496, 5840, 1032, 50, '0'),
  (497, 5843, 1033, 50, '0'),
  (498, 5846, 1033, 50, '0'),
  (499, 5849, 1034, 50, '0'),
  (500, 5852, 1034, 50, '0'),
  (501, 5855, 1035, 63, '1'),
  (502, 5858, 1036, 50, '0'),
  (503, 5861, 1047, 63, '0'),
  (504, 5864, 1047, 63, '0'),
  (505, 5867, 1048, 63, '0'),
  (506, 5870, 1048, 63, '0'),
  (507, 5873, 1057, 50, '0'),
  (508, 5876, 1057, 50, '0'),
  (509, 5879, 1058, 50, '0'),
  (510, 5882, 1059, 63, '0'),
  (511, 5885, 1060, 240, '1'),
  (512, 5888, 1060, 240, '0'),
  (513, 5891, 1061, 240, '1'),
  (514, 5894, 1061, 240, '0'),
  (515, 5897, 1062, 240, '0'),
  (516, 5900, 1062, 330, '1'),
  (517, 5903, 1063, 240, '0'),
  (518, 5906, 1063, 330, '1'),
  (519, 5909, 1064, 240, '0'),
  (520, 5912, 1064, 330, '1'),
  (521, 5915, 1065, 240, '0'),
  (522, 5918, 1065, 330, '1'),
  (523, 5921, 1066, 240, '1'),
  (524, 5924, 1066, 240, '1'),
  (525, 5927, 1067, 240, '1'),
  (526, 5930, 1067, 240, '1'),
  (527, 5933, 1068, 240, '1'),
  (528, 5936, 1068, 240, '0'),
  (529, 5939, 1069, 240, '1'),
  (530, 5942, 1069, 240, '0'),
  (531, 5945, 1070, 240, '1'),
  (532, 5948, 1070, 240, '0'),
  (533, 5951, 1071, 240, '1'),
  (534, 5954, 1072, 240, '0'),
  (535, 5957, 1072, 240, '1'),
  (536, 5960, 1073, 240, '0'),
  (537, 5963, 1073, 240, '1'),
  (538, 5966, 1074, 240, '0'),
  (539, 5969, 1074, 240, '1'),
  (540, 5972, 1075, 240, '1'),
  (541, 5975, 1075, 240, '1'),
  (542, 5978, 1076, 240, '1'),
  (543, 5981, 1076, 240, '0'),
  (544, 5984, 1077, 240, '0'),
  (545, 5987, 1077, 240, '1'),
  (546, 5990, 1078, 240, '0'),
  (547, 5993, 1078, 240, '1'),
  (548, 5996, 1080, 330, '0'),
  (549, 5999, 1080, 240, '1'),
  (550, 6002, 1081, 330, '0'),
  (551, 6005, 1081, 240, '1'),
  (552, 6008, 1082, 240, '0'),
  (553, 6011, 1083, 330, '1'),
  (554, 6014, 1084, 330, '1'),
  (555, 6017, 1085, 330, '1'),
  (556, 6020, 1085, 240, '0'),
  (557, 6023, 1086, 330, '1'),
  (558, 6026, 1086, 240, '0'),
  (559, 6029, 1087, 330, '1'),
  (560, 6032, 1087, 240, '0'),
  (561, 6035, 1088, 330, '1'),
  (562, 6038, 1088, 240, '0'),
  (563, 6041, 1089, 240, '1'),
  (564, 6044, 1092, 240, '1'),
  (565, 6047, 1092, 240, '0'),
  (566, 6050, 1093, 240, '1'),
  (567, 6053, 1093, 240, '0'),
  (568, 6056, 1094, 240, '1'),
  (569, 6059, 1094, 240, '0'),
  (570, 6062, 1097, 240, '1'),
  (571, 6065, 1097, 240, '0'),
  (572, 6068, 1098, 240, '1'),
  (573, 6071, 1098, 240, '0'),
  (574, 6074, 1099, 240, '1'),
  (575, 6077, 1099, 240, '1'),
  (576, 6080, 1100, 240, '1'),
  (577, 6083, 1100, 240, '0'),
  (578, 6086, 1101, 240, '1'),
  (579, 6089, 1101, 240, '0'),
  (580, 6092, 1105, 240, '1'),
  (581, 6095, 1106, 240, '1'),
  (582, 6098, 1106, 240, '0'),
  (583, 6101, 1107, 240, '1'),
  (584, 6104, 1107, 240, '0'),
  (585, 6107, 1109, 240, '1'),
  (586, 6110, 1109, 240, '0'),
  (587, 6113, 1110, 240, '1'),
  (588, 6116, 1110, 240, '0'),
  (589, 6119, 1111, 240, '1'),
  (590, 6122, 1111, 240, '0'),
  (591, 6125, 1112, 240, '1'),
  (592, 6128, 1112, 240, '0'),
  (593, 6131, 1113, 240, '0'),
  (594, 6134, 1113, 240, '1'),
  (595, 6137, 1114, 240, '0'),
  (596, 6140, 1114, 240, '1'),
  (597, 6143, 1115, 240, '1'),
  (598, 6146, 1115, 240, '0'),
  (599, 6149, 1116, 240, '1'),
  (600, 6152, 1117, 240, '1'),
  (601, 6155, 1118, 240, '1'),
  (602, 6158, 1119, 240, '1'),
  (603, 6161, 1120, 240, '1'),
  (604, 6164, 1120, 240, '1'),
  (605, 6167, 1121, 240, '1'),
  (606, 6170, 1121, 240, '1'),
  (607, 6173, 1122, 240, '1'),
  (608, 6176, 1122, 240, '1'),
  (609, 6179, 1123, 240, '1'),
  (610, 6182, 1123, 240, '1'),
  (611, 6185, 1124, 240, '0'),
  (612, 6188, 1124, 240, '1'),
  (613, 6191, 1125, 240, '0'),
  (614, 6194, 1125, 240, '1'),
  (615, 6197, 1126, 330, '0'),
  (616, 6200, 1126, 240, '1'),
  (617, 6203, 1127, 330, '0'),
  (618, 6206, 1127, 240, '1');

-- --------------------------------------------------------

--
-- Table structure for table `owners`
--

DROP TABLE IF EXISTS `owners`;
CREATE TABLE IF NOT EXISTS `owners` (
  `id` int(11) NOT NULL AUTO_INCREMENT,
  `name` varchar(100) NOT NULL,
  `metadata` varchar(300) DEFAULT NULL,
  `regions_id` int(11) NOT NULL,
  PRIMARY KEY (`id`),
  UNIQUE KEY `name_UNIQUE` (`name`),
  KEY `fk_owners_regions_idx` (`regions_id`)
) ENGINE=InnoDB AUTO_INCREMENT=2641 DEFAULT CHARSET=utf8;

--
-- Dumping data for table `owners`
--

INSERT INTO `owners` (`id`, `name`, `metadata`, `regions_id`) VALUES
  (1, 'ACPL', 'not yet', 1),
  (2, 'BALCO', 'not yet', 1),
  (3, 'ATIL', 'not yet', 1),
  (4, 'ACBIL', 'not yet', 1),
  (5, 'APL', 'not yet', 1),
  (6, 'APML', 'not yet', 1),
  (7, 'BDTCL', 'not yet', 1),
  (8, 'CGPL', 'not yet', 1),
  (9, 'CSEPTCL', 'not yet', 1),
  (10, 'CSPTCL', 'not yet', 1),
  (11, 'DB-Power', 'not yet', 1),
  (12, 'DD', 'not yet', 1),
  (13, 'DGEN', 'not yet', 1),
  (14, 'Dhariwal Infra', 'not yet', 1),
  (15, 'DIL', 'not yet', 1),
  (16, 'DNH', 'not yet', 1),
  (17, 'Electricity Dep of DD', 'not yet', 1),
  (18, 'Electricity Dep of DNH', 'not yet', 1),
  (19, 'EPTCL', 'not yet', 1),
  (20, 'ERTS-1', 'not yet', 1),
  (21, 'ERTS-2', 'not yet', 1),
  (22, 'Essar', 'not yet', 1),
  (23, 'GETCO', 'not yet', 1),
  (24, 'GMR', 'not yet', 1),
  (25, 'GMR-CG', 'not yet', 1),
  (26, 'GMR-EMCO', 'not yet', 1),
  (27, 'GPEC', 'not yet', 1),
  (28, 'GSECL', 'not yet', 1),
  (29, 'HAZIRA-IPP', 'not yet', 1),
  (30, 'IEPL', 'not yet', 1),
  (31, 'JAIGAD-IPP', 'not yet', 1),
  (32, 'Jaypee', 'not yet', 1),
  (33, 'Jhabua Power', 'not yet', 1),
  (34, 'Jhabua Power Ltd', 'not yet', 1),
  (35, 'JPL', 'not yet', 1),
  (36, 'JPTL', 'not yet', 1),
  (37, 'JPVL', 'not yet', 1),
  (38, 'JTCL', 'not yet', 1),
  (39, 'KSK', 'not yet', 1),
  (40, 'KWPCL', 'not yet', 1),
  (41, 'LANCO', 'not yet', 1),
  (42, 'Mahan', 'not yet', 1),
  (43, 'MB Power', 'not yet', 1),
  (44, 'MB-Power', 'not yet', 1),
  (45, 'MCCPL', 'not yet', 1),
  (46, 'MEGPTCL', 'not yet', 1),
  (47, 'MEGPTL', 'not yet', 1),
  (48, 'MPPTCL', 'not yet', 1),
  (49, 'MSETCL', 'not yet', 1),
  (50, 'NHPTL', 'not yet', 1),
  (51, 'NPCIL', 'not yet', 1),
  (52, 'NRTS-1', 'not yet', 1),
  (53, 'NSPCL', 'not yet', 1),
  (54, 'NTPC', 'not yet', 1),
  (55, 'OPTCL', 'not yet', 1),
  (56, 'PGCIL', 'not yet', 1),
  (57, 'Ratan India', 'not yet', 1),
  (58, 'Rattan India', 'not yet', 1),
  (59, 'Reliance', 'not yet', 1),
  (60, 'RGPPL', 'not yet', 1),
  (61, 'RKM', 'not yet', 1),
  (62, 'RKMPPL', 'not yet', 1),
  (63, 'RSPTCL', 'not yet', 1),
  (64, 'RTCL', 'not yet', 1),
  (65, 'SKS', 'not yet', 1),
  (66, 'SPGCL', 'not yet', 1),
  (67, 'SPL', 'not yet', 1),
  (68, 'SRTCL', 'not yet', 1),
  (69, 'SRTS-1', 'not yet', 1),
  (70, 'SSNL', 'not yet', 1),
  (71, 'SSNNL', 'not yet', 1),
  (72, 'TPL', 'not yet', 1),
  (73, 'TRN', 'not yet', 1),
  (74, 'UPPTCL', 'not yet', 1),
  (75, 'Vandana Vidyut', 'not yet', 1),
  (76, 'WRST-2', 'not yet', 1),
  (77, 'WRTGPL', 'not yet', 1),
  (78, 'WRTMPL', 'not yet', 1),
  (79, 'WRTS-1', 'not yet', 1),
  (80, 'WRTS-2', 'not yet', 1),
  (81, 'NA', 'No_Metadata', 6),
  (827, 'KPTCL', 'No_Metadata', 6),
  (856, 'GED', 'No_Metadata', 6);

-- --------------------------------------------------------

--
-- Table structure for table `regions`
--

DROP TABLE IF EXISTS `regions`;
CREATE TABLE IF NOT EXISTS `regions` (
  `id` int(11) NOT NULL AUTO_INCREMENT,
  `name` varchar(100) NOT NULL,
  PRIMARY KEY (`id`),
  UNIQUE KEY `name_UNIQUE` (`name`)
) ENGINE=InnoDB AUTO_INCREMENT=3419 DEFAULT CHARSET=utf8;

--
-- Dumping data for table `regions`
--

INSERT INTO `regions` (`id`, `name`) VALUES
  (2, 'ER'),
  (6, 'NA'),
  (5, 'NER'),
  (4, 'NR'),
  (3, 'SR'),
  (1, 'WR');

-- --------------------------------------------------------

--
-- Table structure for table `states`
--

DROP TABLE IF EXISTS `states`;
CREATE TABLE IF NOT EXISTS `states` (
  `id` int(11) NOT NULL AUTO_INCREMENT,
  `name` varchar(100) NOT NULL,
  PRIMARY KEY (`id`),
  UNIQUE KEY `name_UNIQUE` (`name`)
) ENGINE=InnoDB AUTO_INCREMENT=1681 DEFAULT CHARSET=utf8;

--
-- Dumping data for table `states`
--

INSERT INTO `states` (`id`, `name`) VALUES
  (31, 'Andaman and Nicobar Islands'),
  (1, 'Andhra Pradesh'),
  (2, 'Arunachal Pradesh'),
  (3, 'Assam'),
  (5, 'Bihar'),
  (32, 'Chandigarh'),
  (4, 'Chhattisgarh'),
  (33, 'Dadra and Nagar Haveli'),
  (34, 'Daman and Diu'),
  (35, 'Delhi'),
  (7, 'Goa'),
  (6, 'Gujarat'),
  (8, 'Haryana'),
  (9, 'Himachal Pradesh'),
  (11, 'Jammu (Winter)'),
  (10, 'Jammu and Kashmir'),
  (12, 'Jharkhand'),
  (13, 'Karnataka'),
  (14, 'Kerala'),
  (36, 'Lakshadweep'),
  (15, 'Madhya Pradesh'),
  (16, 'Maharashtra'),
  (17, 'Manipur'),
  (18, 'Meghalaya'),
  (19, 'Mizoram'),
  (204, 'NA'),
  (20, 'Nagaland'),
  (21, 'Odisha'),
  (37, 'Puducherry'),
  (22, 'Punjab'),
  (23, 'Rajasthan'),
  (24, 'Sikkim'),
  (25, 'Tamil Nadu'),
  (26, 'Telangana'),
  (27, 'Tripura'),
  (29, 'Uttar Pradesh'),
  (28, 'Uttarakhand'),
  (30, 'West Bengal');

-- --------------------------------------------------------

--
-- Table structure for table `substations`
--

DROP TABLE IF EXISTS `substations`;
CREATE TABLE IF NOT EXISTS `substations` (
  `id` int(11) NOT NULL AUTO_INCREMENT,
  `elements_id` int(11) NOT NULL,
  PRIMARY KEY (`id`),
  UNIQUE KEY `elements_id_UNIQUE` (`elements_id`),
  KEY `fk_substations_elements1_idx` (`elements_id`)
) ENGINE=InnoDB AUTO_INCREMENT=3616 DEFAULT CHARSET=utf8;

--
-- Dumping data for table `substations`
--

INSERT INTO `substations` (`id`, `elements_id`) VALUES
  (1, 1),
  (2, 2),
  (3, 3),
  (4, 4),
  (5, 5),
  (6, 6),
  (7, 7),
  (8, 8),
  (9, 9),
  (10, 10),
  (11, 11),
  (12, 12),
  (13, 13),
  (14, 14),
  (15, 15),
  (16, 16),
  (17, 17),
  (18, 18),
  (19, 19),
  (20, 20),
  (21, 21),
  (22, 22),
  (23, 23),
  (24, 24),
  (25, 25),
  (26, 26),
  (27, 27),
  (28, 28),
  (29, 29),
  (30, 30),
  (31, 31),
  (32, 32),
  (33, 33),
  (34, 34),
  (35, 35),
  (36, 36),
  (37, 37),
  (38, 38),
  (39, 39),
  (40, 40),
  (41, 41),
  (42, 42),
  (43, 43),
  (44, 44),
  (45, 45),
  (46, 46),
  (47, 47),
  (48, 48),
  (49, 49),
  (50, 50),
  (51, 51),
  (52, 52),
  (53, 53),
  (54, 54),
  (55, 55),
  (56, 56),
  (57, 57),
  (58, 58),
  (59, 59),
  (60, 60),
  (61, 61),
  (62, 62),
  (63, 63),
  (64, 64),
  (65, 65),
  (66, 66),
  (67, 67),
  (68, 68),
  (69, 69),
  (70, 70),
  (71, 71),
  (72, 72),
  (73, 73),
  (74, 74),
  (75, 75),
  (76, 76),
  (77, 77),
  (78, 78),
  (79, 79),
  (80, 80),
  (81, 81),
  (82, 82),
  (83, 83),
  (84, 84),
  (85, 85),
  (86, 86),
  (87, 87),
  (88, 88),
  (89, 89),
  (90, 90),
  (91, 91),
  (92, 92),
  (93, 93),
  (94, 94),
  (95, 95),
  (96, 96),
  (97, 97),
  (98, 98),
  (99, 99),
  (100, 100),
  (101, 101),
  (102, 102),
  (103, 103),
  (104, 104),
  (105, 105),
  (106, 106),
  (107, 107),
  (108, 108),
  (109, 109),
  (110, 110),
  (111, 111),
  (112, 112),
  (113, 113),
  (114, 114),
  (115, 115),
  (116, 116),
  (117, 117),
  (118, 118),
  (119, 119),
  (120, 120),
  (121, 121),
  (122, 122),
  (123, 123),
  (124, 124),
  (125, 125),
  (126, 126),
  (127, 127),
  (128, 128),
  (129, 129),
  (130, 130),
  (131, 131),
  (132, 132),
  (133, 133),
  (134, 134),
  (135, 135),
  (136, 136),
  (137, 137),
  (138, 138),
  (139, 139),
  (140, 140),
  (141, 141),
  (142, 142),
  (143, 143),
  (144, 144),
  (145, 145),
  (146, 146),
  (147, 147),
  (148, 148),
  (149, 149),
  (150, 150),
  (151, 151),
  (152, 152),
  (153, 153),
  (154, 154),
  (155, 155),
  (156, 156),
  (157, 157),
  (158, 158),
  (159, 159),
  (160, 160),
  (161, 161),
  (162, 162),
  (163, 163),
  (164, 164),
  (165, 165),
  (166, 166),
  (167, 167),
  (168, 168),
  (169, 169),
  (170, 170),
  (171, 171),
  (172, 172),
  (173, 173),
  (174, 174),
  (175, 175),
  (176, 176),
  (177, 177),
  (178, 178),
  (179, 179),
  (180, 180),
  (181, 181),
  (182, 182),
  (183, 183),
  (184, 184),
  (258, 295),
  (285, 336),
  (286, 337),
  (346, 427),
  (424, 544),
  (438, 565),
  (530, 703),
  (743, 1023),
  (745, 1026),
  (748, 1030),
  (750, 1033),
  (831, 1155),
  (841, 1170),
  (953, 1338),
  (977, 1374),
  (979, 1377),
  (996, 1402),
  (1024, 1444),
  (1030, 1453),
  (1043, 1473),
  (1048, 1480),
  (1053, 1488),
  (1054, 1489),
  (1103, 1563),
  (1121, 1590),
  (1122, 1591),
  (1125, 1596),
  (1126, 1597),
  (1128, 1600),
  (1129, 1602),
  (1130, 1603),
  (1134, 1609),
  (1137, 1614),
  (1138, 1615),
  (1140, 1618),
  (1141, 1620),
  (1142, 1621),
  (1143, 1623),
  (1144, 1624),
  (1146, 1627),
  (1151, 1635),
  (1152, 1636),
  (1157, 1644),
  (1158, 1645),
  (1160, 1648),
  (1162, 1651),
  (1165, 1656),
  (1166, 1657),
  (1167, 1659),
  (1171, 1665),
  (1172, 1666),
  (1176, 1672),
  (1178, 1675),
  (1179, 1677),
  (1180, 1678),
  (1184, 1684),
  (1187, 1689),
  (1188, 1690),
  (1191, 1695),
  (1200, 1708),
  (1203, 1713),
  (1204, 1714),
  (1205, 1716),
  (1206, 1717),
  (1209, 1722),
  (1210, 1723),
  (1211, 1725),
  (1213, 1728),
  (1214, 1729),
  (1218, 1735),
  (1222, 1741),
  (1229, 1752),
  (1230, 1753),
  (1234, 1759),
  (1237, 1764),
  (1238, 1765),
  (1240, 1768),
  (1244, 1774),
  (1251, 1785),
  (1255, 1791),
  (1256, 1792),
  (1257, 1794),
  (1261, 1800),
  (1262, 1801),
  (1263, 1803),
  (1264, 1804),
  (1266, 1807),
  (1271, 1815),
  (1272, 1816),
  (1273, 1818),
  (1274, 1819),
  (1278, 1825),
  (1279, 1827),
  (1280, 1828),
  (1284, 1834),
  (1286, 1837),
  (1288, 1840),
  (1293, 1848),
  (1294, 1849),
  (1298, 1855),
  (1299, 1857),
  (1300, 1858),
  (1309, 1872),
  (1310, 1873),
  (1311, 1875),
  (1312, 1876),
  (1315, 1881),
  (1317, 1884),
  (1318, 1885),
  (1320, 1888),
  (1323, 1893),
  (1325, 1896),
  (1327, 1899),
  (1331, 1905),
  (1333, 1908),
  (1334, 1909),
  (1337, 1914),
  (1341, 1920),
  (1342, 1921),
  (1345, 1926),
  (1346, 1927),
  (1349, 1932),
  (1350, 1933),
  (1353, 1938),
  (1354, 1939),
  (1359, 1947),
  (1362, 1951),
  (1367, 1959),
  (1377, 1974),
  (1379, 1977),
  (1380, 1978),
  (1381, 1980),
  (1384, 1984),
  (1385, 1986),
  (1423, 2043),
  (1424, 2092),
  (1441, 2114);

-- --------------------------------------------------------

--
-- Table structure for table `voltages`
--

DROP TABLE IF EXISTS `voltages`;
CREATE TABLE IF NOT EXISTS `voltages` (
  `id` int(11) NOT NULL AUTO_INCREMENT,
  `level` varchar(30) NOT NULL,
  PRIMARY KEY (`id`),
  UNIQUE KEY `name_UNIQUE` (`level`)
) ENGINE=InnoDB AUTO_INCREMENT=4168 DEFAULT CHARSET=utf8;

--
-- Dumping data for table `voltages`
--

INSERT INTO `voltages` (`id`, `level`) VALUES
  (2, '1200'),
  (5, '132'),
  (3, '220'),
  (11, '220/132'),
  (10, '220/66'),
  (4, '400'),
  (9, '400/132'),
  (8, '400/220'),
  (6, '66'),
  (1, '765'),
  (7, '765/400');

--
-- Constraints for dumped tables
--

--
-- Constraints for table `bus_reactors`
--
ALTER TABLE `bus_reactors`
ADD CONSTRAINT `fk_bus_reactors_elements1` FOREIGN KEY (`elements_id`) REFERENCES `elements` (`id`) ON DELETE NO ACTION ON UPDATE NO ACTION;

--
-- Constraints for table `elements`
--
ALTER TABLE `elements`
ADD CONSTRAINT `fk_elements_element_types1` FOREIGN KEY (`element_types_id`) REFERENCES `element_types` (`id`) ON UPDATE CASCADE,
ADD CONSTRAINT `fk_elements_voltages1` FOREIGN KEY (`voltages_id`) REFERENCES `voltages` (`id`) ON UPDATE CASCADE;

--
-- Constraints for table `elements_has_owners`
--
ALTER TABLE `elements_has_owners`
ADD CONSTRAINT `fk_elements_has_owners_elements1` FOREIGN KEY (`elements_id`) REFERENCES `elements` (`id`) ON DELETE CASCADE ON UPDATE CASCADE,
ADD CONSTRAINT `fk_elements_has_owners_owners1` FOREIGN KEY (`owners_id`) REFERENCES `owners` (`id`) ON UPDATE CASCADE;

--
-- Constraints for table `elements_has_regions`
--
ALTER TABLE `elements_has_regions`
ADD CONSTRAINT `fk_elements_has_regions_elements1` FOREIGN KEY (`elements_id`) REFERENCES `elements` (`id`) ON DELETE CASCADE ON UPDATE CASCADE,
ADD CONSTRAINT `fk_elements_has_regions_regions1` FOREIGN KEY (`regions_id`) REFERENCES `regions` (`id`) ON UPDATE CASCADE;

--
-- Constraints for table `elements_has_states`
--
ALTER TABLE `elements_has_states`
ADD CONSTRAINT `fk_elements_has_states_elements1` FOREIGN KEY (`elements_id`) REFERENCES `elements` (`id`) ON DELETE CASCADE ON UPDATE CASCADE,
ADD CONSTRAINT `fk_elements_has_states_states1` FOREIGN KEY (`states_id`) REFERENCES `states` (`id`) ON UPDATE CASCADE;

--
-- Constraints for table `elements_has_substations`
--
ALTER TABLE `elements_has_substations`
ADD CONSTRAINT `fk_elements_has_elements_elements1` FOREIGN KEY (`elements_id`) REFERENCES `elements` (`id`) ON DELETE CASCADE ON UPDATE CASCADE,
ADD CONSTRAINT `fk_elements_has_substations_substations1` FOREIGN KEY (`substations_id`) REFERENCES `substations` (`id`) ON UPDATE CASCADE;

--
-- Constraints for table `lines`
--
ALTER TABLE `lines`
ADD CONSTRAINT `fk_lines_conductor_types1` FOREIGN KEY (`conductor_types_id`) REFERENCES `conductor_types` (`id`) ON UPDATE CASCADE,
ADD CONSTRAINT `fk_lines_elements1` FOREIGN KEY (`elements_id`) REFERENCES `elements` (`id`) ON DELETE CASCADE ON UPDATE CASCADE;

--
-- Constraints for table `line_reactors`
--
ALTER TABLE `line_reactors`
ADD CONSTRAINT `fk_line_reactors_elements1` FOREIGN KEY (`elements_id`) REFERENCES `elements` (`id`) ON DELETE CASCADE ON UPDATE CASCADE,
ADD CONSTRAINT `fk_line_reactors_lines1` FOREIGN KEY (`lines_id`) REFERENCES `lines` (`id`) ON DELETE CASCADE ON UPDATE CASCADE;

--
-- Constraints for table `owners`
--
ALTER TABLE `owners`
ADD CONSTRAINT `fk_owners_regions` FOREIGN KEY (`regions_id`) REFERENCES `regions` (`id`) ON UPDATE CASCADE;

--
-- Constraints for table `substations`
--
ALTER TABLE `substations`
ADD CONSTRAINT `fk_substations_elements1` FOREIGN KEY (`elements_id`) REFERENCES `elements` (`id`) ON DELETE CASCADE ON UPDATE CASCADE;

/*!40101 SET CHARACTER_SET_CLIENT=@OLD_CHARACTER_SET_CLIENT */;
/*!40101 SET CHARACTER_SET_RESULTS=@OLD_CHARACTER_SET_RESULTS */;
/*!40101 SET COLLATION_CONNECTION=@OLD_COLLATION_CONNECTION */;
