-- phpMyAdmin SQL Dump
-- version 4.5.2
-- http://www.phpmyadmin.net
--
-- Host: 127.0.0.1
-- Generation Time: Apr 23, 2017 at 09:52 AM
-- Server version: 5.7.9
-- PHP Version: 5.6.16

SET SQL_MODE = "NO_AUTO_VALUE_ON_ZERO";
SET time_zone = "+00:00";


/*!40101 SET @OLD_CHARACTER_SET_CLIENT=@@CHARACTER_SET_CLIENT */;
/*!40101 SET @OLD_CHARACTER_SET_RESULTS=@@CHARACTER_SET_RESULTS */;
/*!40101 SET @OLD_COLLATION_CONNECTION=@@COLLATION_CONNECTION */;
/*!40101 SET NAMES utf8mb4 */;

--
-- Database: `wrldc_grid_elements`
--

-- --------------------------------------------------------

--
-- Table structure for table `bus_reactors`
--

DROP TABLE IF EXISTS `bus_reactors`;
CREATE TABLE IF NOT EXISTS `bus_reactors` (
  `id` int(11) NOT NULL AUTO_INCREMENT,
  `mvar` int(11) NOT NULL DEFAULT '0',
  `elements_id` int(11) NOT NULL,
  PRIMARY KEY (`id`),
  UNIQUE KEY `elements_id` (`elements_id`) USING BTREE,
  KEY `fk_bus_reactors_elements1_idx` (`elements_id`)
) ENGINE=InnoDB AUTO_INCREMENT=5 DEFAULT CHARSET=utf8;

--
-- Dumping data for table `bus_reactors`
--

INSERT INTO `bus_reactors` (`id`, `mvar`, `elements_id`) VALUES
  (1, 125, 2119);

-- --------------------------------------------------------

--
-- Table structure for table `conductor_types`
--

DROP TABLE IF EXISTS `conductor_types`;
CREATE TABLE IF NOT EXISTS `conductor_types` (
  `id` int(11) NOT NULL AUTO_INCREMENT,
  `name` varchar(100) NOT NULL,
  PRIMARY KEY (`id`),
  UNIQUE KEY `name_UNIQUE` (`name`)
) ENGINE=InnoDB AUTO_INCREMENT=478 DEFAULT CHARSET=utf8;

--
-- Dumping data for table `conductor_types`
--

INSERT INTO `conductor_types` (`id`, `name`) VALUES
  (407, 'Hexa Zebra'),
  (473, 'Octa Bersimis'),
  (5, 'Quad AAAC Moose'),
  (2, 'Quad ACSR Moose'),
  (4, 'Quad Bersimis'),
  (474, 'Single Zebra'),
  (3, 'Triple ACSR Snowbird'),
  (1, 'Twin ACSR Moose'),
  (476, 'Twin Moose');

-- --------------------------------------------------------

--
-- Table structure for table `elements`
--

DROP TABLE IF EXISTS `elements`;
CREATE TABLE IF NOT EXISTS `elements` (
  `id` int(11) NOT NULL AUTO_INCREMENT,
  `name` varchar(100) DEFAULT NULL,
  `description` varchar(300) DEFAULT NULL,
  `sil` int(11) DEFAULT NULL,
  `stability_limit` int(11) DEFAULT NULL,
  `thermal_limit` int(11) DEFAULT NULL,
  `element_types_id` int(11) NOT NULL,
  `voltages_id` int(11) NOT NULL,
  `elem_num` int(11) NOT NULL DEFAULT '1',
  `created_at` timestamp NOT NULL DEFAULT CURRENT_TIMESTAMP,
  `updated_at` timestamp NOT NULL DEFAULT CURRENT_TIMESTAMP ON UPDATE CURRENT_TIMESTAMP,
  PRIMARY KEY (`id`),
  UNIQUE KEY `name_UNIQUE` (`name`,`element_types_id`,`voltages_id`,`elem_num`) USING BTREE,
  KEY `fk_elements_element_types1_idx` (`element_types_id`),
  KEY `fk_elements_voltages1_idx` (`voltages_id`)
) ENGINE=InnoDB AUTO_INCREMENT=2148 DEFAULT CHARSET=utf8;

--
-- Dumping data for table `elements`
--

INSERT INTO `elements` (`id`, `name`, `description`, `sil`, `stability_limit`, `thermal_limit`, `element_types_id`, `voltages_id`, `elem_num`, `created_at`, `updated_at`) VALUES
  (1, 'ACBIL', 'No Description', 0, 0, 0, 16, 4, 1, '2016-09-25 11:18:33', '2016-09-25 11:18:33'),
  (2, 'Akola', 'No Description', 0, 0, 0, 16, 4, 1, '2016-09-25 11:18:33', '2016-09-25 11:18:33'),
  (3, 'Akola(2)', 'No Description', 0, 0, 0, 16, 4, 1, '2016-09-25 11:18:33', '2016-09-25 11:18:33'),
  (4, 'Amreli', 'No Description', 0, 0, 0, 16, 4, 1, '2016-09-25 11:18:34', '2016-09-25 11:18:34'),
  (5, 'APL-Mundra', 'No Description', 0, 0, 0, 16, 4, 1, '2016-09-25 11:18:34', '2016-09-25 11:18:34'),
  (6, 'Asoj', 'No Description', 0, 0, 0, 16, 4, 1, '2016-09-25 11:18:34', '2016-09-25 11:18:34'),
  (7, 'Astha', 'No Description', 0, 0, 0, 16, 4, 1, '2016-09-25 11:18:35', '2016-09-25 11:18:35'),
  (8, 'Athena', 'No Description', 0, 0, 0, 16, 4, 1, '2016-09-25 11:18:35', '2016-09-25 11:18:35'),
  (9, 'Aurangabad-M(Waluj)', 'No Description', 0, 0, 0, 16, 4, 1, '2016-09-25 11:18:35', '2016-09-25 11:18:35'),
  (10, 'Aurangabad-PG', 'No Description', 0, 0, 0, 16, 4, 1, '2016-09-25 11:18:35', '2016-09-25 11:18:35'),
  (11, 'Bableshwar', 'No Description', 0, 0, 0, 16, 4, 1, '2016-09-25 11:18:36', '2016-09-25 11:18:36'),
  (12, 'Bachau', 'No Description', 0, 0, 0, 16, 4, 1, '2016-09-25 11:18:36', '2016-09-25 11:18:36'),
  (13, 'Balco', 'No Description', 0, 0, 0, 16, 4, 1, '2016-09-25 11:18:36', '2016-09-25 11:18:36'),
  (14, 'Bhadrawati', 'No Description', 0, 0, 0, 16, 4, 1, '2016-09-25 11:18:37', '2016-09-25 11:18:37'),
  (15, 'Bhatapara', 'No Description', 0, 0, 0, 16, 4, 1, '2016-09-25 11:18:37', '2016-09-25 11:18:37'),
  (16, 'Bhilai', 'No Description', 0, 0, 0, 16, 4, 1, '2016-09-25 11:18:37', '2016-09-25 11:18:37'),
  (17, 'Bhopal-BDTCL', 'No Description', 0, 0, 0, 16, 4, 1, '2016-09-25 11:18:37', '2016-09-25 11:18:37'),
  (18, 'Bhopal-MP', 'No Description', 0, 0, 0, 16, 4, 1, '2016-09-25 11:18:38', '2016-09-25 11:18:38'),
  (19, 'Bhusawal (Khadka)', 'No Description', 0, 0, 0, 16, 4, 1, '2016-09-25 11:18:38', '2016-09-25 11:18:38'),
  (20, 'Bilaspur ', 'No Description', 0, 0, 0, 16, 4, 1, '2016-09-25 11:18:38', '2016-09-25 11:18:38'),
  (21, 'Bina-MP', 'No Description', 0, 0, 0, 16, 4, 1, '2016-09-25 11:18:38', '2016-09-25 11:18:38'),
  (22, 'Bina-NHPTL', 'No Description', 0, 0, 0, 16, 4, 1, '2016-09-25 11:18:38', '2016-09-25 11:18:38'),
  (23, 'Bina-NTS', 'No Description', 0, 0, 0, 16, 4, 1, '2016-09-25 11:18:38', '2016-09-25 11:18:38'),
  (24, 'Bina-PG', 'No Description', 0, 0, 0, 16, 4, 1, '2016-09-25 11:18:38', '2016-09-25 11:18:38'),
  (25, 'Birsingpur', 'No Description', 0, 0, 0, 16, 4, 1, '2016-09-25 11:18:38', '2016-09-25 11:18:38'),
  (26, 'Boisar', 'No Description', 0, 0, 0, 16, 4, 1, '2016-09-25 11:18:38', '2016-09-25 11:18:38'),
  (27, 'CGPL', 'No Description', 0, 0, 0, 16, 4, 1, '2016-09-25 11:18:39', '2016-09-25 11:18:39'),
  (28, 'Chakan', 'No Description', 0, 0, 0, 16, 4, 1, '2016-09-25 11:18:39', '2016-09-25 11:18:39'),
  (29, 'Champa ', 'No Description', 0, 0, 0, 16, 4, 1, '2016-09-25 11:18:39', '2016-09-25 11:18:39'),
  (30, 'Chandrapur', 'No Description', 0, 0, 0, 16, 4, 1, '2016-09-25 11:18:39', '2016-09-25 11:18:39'),
  (31, 'Chandrapur-II', 'No Description', 0, 0, 0, 16, 4, 1, '2016-09-25 11:18:39', '2016-09-25 11:18:39'),
  (32, 'Chhegaon', 'No Description', 0, 0, 0, 16, 4, 1, '2016-09-25 11:18:39', '2016-09-25 11:18:39'),
  (33, 'Chorania', 'No Description', 0, 0, 0, 16, 4, 1, '2016-09-25 11:18:39', '2016-09-25 11:18:39'),
  (34, 'Damoh', 'No Description', 0, 0, 0, 16, 4, 1, '2016-09-25 11:18:39', '2016-09-25 11:18:39'),
  (35, 'DB-Power', 'No Description', 0, 0, 0, 16, 4, 1, '2016-09-25 11:18:39', '2016-09-25 11:18:39'),
  (36, 'Deepnagar', 'No Description', 0, 0, 0, 16, 4, 1, '2016-09-25 11:18:39', '2016-09-25 11:18:39'),
  (37, 'Dehgam', 'No Description', 0, 0, 0, 16, 4, 1, '2016-09-25 11:18:39', '2016-09-25 11:18:39'),
  (38, 'DGEN', 'No Description', 0, 0, 0, 16, 4, 1, '2016-09-25 11:18:39', '2016-09-25 11:18:39'),
  (39, 'Dhariwal', 'No Description', 0, 0, 0, 16, 4, 1, '2016-09-25 11:18:40', '2016-09-25 11:18:40'),
  (40, 'Dhariwal-MS', 'No Description', 0, 0, 0, 16, 4, 1, '2016-09-25 11:18:40', '2016-09-25 11:18:40'),
  (41, 'Dhule-BDTCL', 'No Description', 0, 0, 0, 16, 4, 1, '2016-09-25 11:18:40', '2016-09-25 11:18:40'),
  (42, 'Dhule-MS', 'No Description', 0, 0, 0, 16, 4, 1, '2016-09-25 11:18:40', '2016-09-25 11:18:40'),
  (43, 'EMCO', 'No Description', 0, 0, 0, 16, 4, 1, '2016-09-25 11:18:40', '2016-09-25 11:18:40'),
  (44, 'Essar_Mahan', 'No Description', 0, 0, 0, 16, 4, 1, '2016-09-25 11:18:40', '2016-09-25 11:18:40'),
  (45, 'Gandhar', 'No Description', 0, 0, 0, 16, 4, 1, '2016-09-25 11:18:40', '2016-09-25 11:18:40'),
  (46, 'GMR-CG', 'No Description', 0, 0, 0, 16, 4, 1, '2016-09-25 11:18:40', '2016-09-25 11:18:40'),
  (47, 'GPEC', 'No Description', 0, 0, 0, 16, 4, 1, '2016-09-25 11:18:40', '2016-09-25 11:18:40'),
  (48, 'Gwalior', 'No Description', 0, 0, 0, 16, 4, 1, '2016-09-25 11:18:40', '2016-09-25 11:18:40'),
  (49, 'Hadala', 'No Description', 0, 0, 0, 16, 4, 1, '2016-09-25 11:18:40', '2016-09-25 11:18:40'),
  (50, 'Hazira', 'No Description', 0, 0, 0, 16, 4, 1, '2016-09-25 11:18:41', '2016-09-25 11:18:41'),
  (51, 'IEPL', 'No Description', 0, 0, 0, 16, 4, 1, '2016-09-25 11:18:41', '2016-09-25 11:18:41'),
  (52, 'Indira Sagar', 'No Description', 0, 0, 0, 16, 4, 1, '2016-09-25 11:18:41', '2016-09-25 11:18:41'),
  (53, 'Indore-MP', 'No Description', 0, 0, 0, 16, 4, 1, '2016-09-25 11:18:41', '2016-09-25 11:18:41'),
  (54, 'Indore-PG', 'No Description', 0, 0, 0, 16, 4, 1, '2016-09-25 11:18:41', '2016-09-25 11:18:41'),
  (55, 'Itarsi', 'No Description', 0, 0, 0, 16, 4, 1, '2016-09-25 11:18:41', '2016-09-25 11:18:41'),
  (56, 'Jabalpur', 'No Description', 0, 0, 0, 16, 4, 1, '2016-09-25 11:18:41', '2016-09-25 11:18:41'),
  (57, 'Jabalpur (PS)', 'No Description', 0, 0, 0, 16, 4, 1, '2016-09-25 11:18:41', '2016-09-25 11:18:41'),
  (58, 'Jaigad', 'No Description', 0, 0, 0, 16, 4, 1, '2016-09-25 11:18:41', '2016-09-25 11:18:41'),
  (59, 'Jejuri', 'No Description', 0, 0, 0, 16, 4, 1, '2016-09-25 11:18:41', '2016-09-25 11:18:41'),
  (60, 'Jetpur', 'No Description', 0, 0, 0, 16, 4, 1, '2016-09-25 11:18:41', '2016-09-25 11:18:41'),
  (61, 'Jhabua Power', 'No Description', 0, 0, 0, 16, 4, 1, '2016-09-25 11:18:42', '2016-09-25 11:18:42'),
  (62, 'JP-Bina', 'No Description', 0, 0, 0, 16, 4, 1, '2016-09-25 11:18:42', '2016-09-25 11:18:42'),
  (63, 'JPL', 'No Description', 0, 0, 0, 16, 4, 1, '2016-09-25 11:18:42', '2016-09-25 11:18:42'),
  (64, 'JPL_extn(Tamnar)', 'No Description', 0, 0, 0, 16, 4, 1, '2016-09-25 11:18:42', '2016-09-25 11:18:42'),
  (65, 'JP-Nigrie', 'No Description', 0, 0, 0, 16, 4, 1, '2016-09-25 11:18:42', '2016-09-25 11:18:42'),
  (66, 'Julwania', 'No Description', 0, 0, 0, 16, 4, 1, '2016-09-25 11:18:42', '2016-09-25 11:18:42'),
  (67, 'Kala', 'No Description', 0, 0, 0, 16, 4, 1, '2016-09-25 11:18:42', '2016-09-25 11:18:42'),
  (68, 'Kalwa', 'No Description', 0, 0, 0, 16, 4, 1, '2016-09-25 11:18:42', '2016-09-25 11:18:42'),
  (69, 'Karad', 'No Description', 0, 0, 0, 16, 4, 1, '2016-09-25 11:18:42', '2016-09-25 11:18:42'),
  (70, 'Kasor', 'No Description', 0, 0, 0, 16, 4, 1, '2016-09-25 11:18:42', '2016-09-25 11:18:42'),
  (71, 'Katni', 'No Description', 0, 0, 0, 16, 4, 1, '2016-09-25 11:18:43', '2016-09-25 11:18:43'),
  (72, 'Khandwa', 'No Description', 0, 0, 0, 16, 4, 1, '2016-09-25 11:18:43', '2016-09-25 11:18:43'),
  (73, 'Khaparkheda', 'No Description', 0, 0, 0, 16, 4, 1, '2016-09-25 11:18:43', '2016-09-25 11:18:43'),
  (74, 'Kharghar', 'No Description', 0, 0, 0, 16, 4, 1, '2016-09-25 11:18:43', '2016-09-25 11:18:43'),
  (75, 'Kolhapur', 'No Description', 0, 0, 0, 16, 4, 1, '2016-09-25 11:18:43', '2016-09-25 11:18:43'),
  (76, 'Kolhapur-PG', 'No Description', 0, 0, 0, 16, 4, 1, '2016-09-25 11:18:43', '2016-09-25 11:18:43'),
  (77, 'Koradi', 'No Description', 0, 0, 0, 16, 4, 1, '2016-09-25 11:18:43', '2016-09-25 11:18:43'),
  (78, 'Koradi-II', 'No Description', 0, 0, 0, 16, 4, 1, '2016-09-25 11:18:43', '2016-09-25 11:18:43'),
  (79, 'Korba (W)', 'No Description', 0, 0, 0, 16, 4, 1, '2016-09-25 11:18:43', '2016-09-25 11:18:43'),
  (80, 'Korba (W)-Ext', 'No Description', 0, 0, 0, 16, 4, 1, '2016-09-25 11:18:43', '2016-09-25 11:18:43'),
  (81, 'Korba-NTPC', 'No Description', 0, 0, 0, 16, 4, 1, '2016-09-25 11:18:44', '2016-09-25 11:18:44'),
  (82, 'Kosamba', 'No Description', 0, 0, 0, 16, 4, 1, '2016-09-25 11:18:44', '2016-09-25 11:18:44'),
  (83, 'Koyna stage-IV', 'No Description', 0, 0, 0, 16, 4, 1, '2016-09-25 11:18:44', '2016-09-25 11:18:44'),
  (84, 'KSK Mahanadi', 'No Description', 0, 0, 0, 16, 4, 1, '2016-09-25 11:18:44', '2016-09-25 11:18:44'),
  (85, 'KWPCL', 'No Description', 0, 0, 0, 16, 4, 1, '2016-09-25 11:18:44', '2016-09-25 11:18:44'),
  (86, 'Lara', 'No Description', 0, 0, 0, 16, 4, 1, '2016-09-25 11:18:44', '2016-09-25 11:18:44'),
  (87, 'Lonikhand', 'No Description', 0, 0, 0, 16, 4, 1, '2016-09-25 11:18:44', '2016-09-25 11:18:44'),
  (88, 'Lonikhand-II', 'No Description', 0, 0, 0, 16, 4, 1, '2016-09-25 11:18:44', '2016-09-25 11:18:44'),
  (89, 'Magarawada', 'No Description', 0, 0, 0, 16, 4, 1, '2016-09-25 11:18:44', '2016-09-25 11:18:44'),
  (90, 'Malwa', 'No Description', 0, 0, 0, 16, 4, 1, '2016-09-25 11:18:45', '2016-09-25 11:18:45'),
  (91, 'Mansar', 'No Description', 0, 0, 0, 16, 4, 1, '2016-09-25 11:18:45', '2016-09-25 11:18:45'),
  (92, 'Mapusa', 'No Description', 0, 0, 0, 16, 4, 1, '2016-09-25 11:18:45', '2016-09-25 11:18:45'),
  (93, 'Marwa', 'No Description', 0, 0, 0, 16, 4, 1, '2016-09-25 11:18:45', '2016-09-25 11:18:45'),
  (94, 'MB Power', 'No Description', 0, 0, 0, 16, 4, 1, '2016-09-25 11:18:46', '2016-09-25 11:18:46'),
  (95, 'MCCPL', 'No Description', 0, 0, 0, 16, 4, 1, '2016-09-25 11:18:46', '2016-09-25 11:18:46'),
  (96, 'Mouda', 'No Description', 0, 0, 0, 16, 4, 1, '2016-09-25 11:18:46', '2016-09-25 11:18:46'),
  (97, 'Nagda', 'No Description', 0, 0, 0, 16, 4, 1, '2016-09-25 11:18:46', '2016-09-25 11:18:46'),
  (98, 'Nagothane', 'No Description', 0, 0, 0, 16, 4, 1, '2016-09-25 11:18:46', '2016-09-25 11:18:46'),
  (99, 'Nanded', 'No Description', 0, 0, 0, 16, 4, 1, '2016-09-25 11:18:46', '2016-09-25 11:18:46'),
  (100, 'Nandgaonpeth', 'No Description', 0, 0, 0, 16, 4, 1, '2016-09-25 11:18:46', '2016-09-25 11:18:46'),
  (101, 'Navsari', 'No Description', 0, 0, 0, 16, 4, 1, '2016-09-25 11:18:46', '2016-09-25 11:18:46'),
  (102, 'New koyna ', 'No Description', 0, 0, 0, 16, 4, 1, '2016-09-25 11:18:46', '2016-09-25 11:18:46'),
  (103, 'NSPCL', 'No Description', 0, 0, 0, 16, 4, 1, '2016-09-25 11:18:46', '2016-09-25 11:18:46'),
  (104, 'Padghe', 'No Description', 0, 0, 0, 16, 4, 1, '2016-09-25 11:18:46', '2016-09-25 11:18:46'),
  (105, 'Parli-M', 'No Description', 0, 0, 0, 16, 4, 1, '2016-09-25 11:18:47', '2016-09-25 11:18:47'),
  (106, 'Parli-PG', 'No Description', 0, 0, 0, 16, 4, 1, '2016-09-25 11:18:47', '2016-09-25 11:18:47'),
  (107, 'Pathadi', 'No Description', 0, 0, 0, 16, 4, 1, '2016-09-25 11:18:47', '2016-09-25 11:18:47'),
  (108, 'Pirana-PG', 'No Description', 0, 0, 0, 16, 4, 1, '2016-09-25 11:18:47', '2016-09-25 11:18:47'),
  (109, 'Pirana-T', 'No Description', 0, 0, 0, 16, 4, 1, '2016-09-25 11:18:47', '2016-09-25 11:18:47'),
  (110, 'Pithampur', 'No Description', 0, 0, 0, 16, 4, 1, '2016-09-25 11:18:47', '2016-09-25 11:18:47'),
  (111, 'Pune-PG', 'No Description', 0, 0, 0, 16, 4, 1, '2016-09-25 11:18:47', '2016-09-25 11:18:47'),
  (112, 'Pune-PG(Shikrapur)', 'No Description', 0, 0, 0, 16, 4, 1, '2016-09-25 11:18:47', '2016-09-25 11:18:47'),
  (113, 'Raigarh', 'No Description', 0, 0, 0, 16, 4, 1, '2016-09-25 11:18:47', '2016-09-25 11:18:47'),
  (114, 'Raigarh-PS(Kotra)', 'No Description', 0, 0, 0, 16, 4, 1, '2016-09-25 11:18:47', '2016-09-25 11:18:47'),
  (115, 'Raipur', 'No Description', 0, 0, 0, 16, 4, 1, '2016-09-25 11:18:48', '2016-09-25 11:18:48'),
  (116, 'Raipur-PS(Durg)', 'No Description', 0, 0, 0, 16, 4, 1, '2016-09-25 11:18:48', '2016-09-25 11:18:48'),
  (117, 'Raita', 'No Description', 0, 0, 0, 16, 4, 1, '2016-09-25 11:18:48', '2016-09-25 11:18:48'),
  (118, 'Rajgarh', 'No Description', 0, 0, 0, 16, 4, 1, '2016-09-25 11:18:48', '2016-09-25 11:18:48'),
  (119, 'Ranchodpura', 'No Description', 0, 0, 0, 16, 4, 1, '2016-09-25 11:18:48', '2016-09-25 11:18:48'),
  (120, 'RGPPL', 'No Description', 0, 0, 0, 16, 4, 1, '2016-09-25 11:18:48', '2016-09-25 11:18:48'),
  (121, 'RKM', 'No Description', 0, 0, 0, 16, 4, 1, '2016-09-25 11:18:48', '2016-09-25 11:18:48'),
  (122, 'Sami', 'No Description', 0, 0, 0, 16, 4, 1, '2016-09-25 11:18:48', '2016-09-25 11:18:48'),
  (123, 'Sasan', 'No Description', 0, 0, 0, 16, 4, 1, '2016-09-25 11:18:48', '2016-09-25 11:18:48'),
  (124, 'Satna', 'No Description', 0, 0, 0, 16, 4, 1, '2016-09-25 11:18:48', '2016-09-25 11:18:48'),
  (125, 'Satpura', 'No Description', 0, 0, 0, 16, 4, 1, '2016-09-25 11:18:49', '2016-09-25 11:18:49'),
  (126, 'Seoni', 'No Description', 0, 0, 0, 16, 4, 1, '2016-09-25 11:18:49', '2016-09-25 11:18:49'),
  (127, 'Sholapur-M', 'No Description', 0, 0, 0, 16, 4, 1, '2016-09-25 11:18:49', '2016-09-25 11:18:49'),
  (128, 'Shujalpur', 'No Description', 0, 0, 0, 16, 4, 1, '2016-09-25 11:18:49', '2016-09-25 11:18:49'),
  (129, 'Sipat', 'No Description', 0, 0, 0, 16, 4, 1, '2016-09-25 11:18:49', '2016-09-25 11:18:49'),
  (130, 'SKS', 'No Description', 0, 0, 0, 16, 4, 1, '2016-09-25 11:18:49', '2016-09-25 11:18:49'),
  (131, 'Soja', 'No Description', 0, 0, 0, 16, 4, 1, '2016-09-25 11:18:49', '2016-09-25 11:18:49'),
  (132, 'Solapur-NTPC', 'No Description', 0, 0, 0, 16, 4, 1, '2016-09-25 11:18:49', '2016-09-25 11:18:49'),
  (133, 'Solapur-PG', 'No Description', 0, 0, 0, 16, 4, 1, '2016-09-25 11:18:49', '2016-09-25 11:18:49'),
  (134, 'SSP', 'No Description', 0, 0, 0, 16, 4, 1, '2016-09-25 11:18:49', '2016-09-25 11:18:49'),
  (135, 'Sugen', 'No Description', 0, 0, 0, 16, 4, 1, '2016-09-25 11:18:50', '2016-09-25 11:18:50'),
  (136, 'Tamnar', 'No Description', 0, 0, 0, 16, 4, 1, '2016-09-25 11:18:50', '2016-09-25 11:18:50'),
  (137, 'Taptithanda', 'No Description', 0, 0, 0, 16, 4, 1, '2016-09-25 11:18:50', '2016-09-25 11:18:50'),
  (138, 'Tarapur-3&4', 'No Description', 0, 0, 0, 16, 4, 1, '2016-09-25 11:18:50', '2016-09-25 11:18:50'),
  (139, 'Tiroda', 'No Description', 0, 0, 0, 16, 4, 1, '2016-09-25 11:18:50', '2016-09-25 11:18:50'),
  (140, 'TRN', 'No Description', 0, 0, 0, 16, 4, 1, '2016-09-25 11:18:50', '2016-09-25 11:18:50'),
  (141, 'Ukai', 'No Description', 0, 0, 0, 16, 4, 1, '2016-09-25 11:18:50', '2016-09-25 11:18:50'),
  (142, 'Uno-Sugen', 'No Description', 0, 0, 0, 16, 4, 1, '2016-09-25 11:18:50', '2016-09-25 11:18:50'),
  (143, 'Vadinar', 'No Description', 0, 0, 0, 16, 4, 1, '2016-09-25 11:18:50', '2016-09-25 11:18:50'),
  (144, 'Vadodara-PS', 'No Description', 0, 0, 0, 16, 4, 1, '2016-09-25 11:18:50', '2016-09-25 11:18:50'),
  (145, 'Vandana', 'No Description', 0, 0, 0, 16, 4, 1, '2016-09-25 11:18:51', '2016-09-25 11:18:51'),
  (146, 'Vapi', 'No Description', 0, 0, 0, 16, 4, 1, '2016-09-25 11:18:51', '2016-09-25 11:18:51'),
  (147, 'Varsana', 'No Description', 0, 0, 0, 16, 4, 1, '2016-09-25 11:18:51', '2016-09-25 11:18:51'),
  (148, 'Vindhyachal', 'No Description', 0, 0, 0, 16, 4, 1, '2016-09-25 11:18:51', '2016-09-25 11:18:51'),
  (149, 'Vindhyachal-III', 'No Description', 0, 0, 0, 16, 4, 1, '2016-09-25 11:18:51', '2016-09-25 11:18:51'),
  (150, 'Vindhyachal-IV', 'No Description', 0, 0, 0, 16, 4, 1, '2016-09-25 11:18:51', '2016-09-25 11:18:51'),
  (151, 'Vindhyachal-PS', 'No Description', 0, 0, 0, 16, 4, 1, '2016-09-25 11:18:51', '2016-09-25 11:18:51'),
  (152, 'Vindhyachal-V', 'No Description', 0, 0, 0, 16, 4, 1, '2016-09-25 11:18:51', '2016-09-25 11:18:51'),
  (153, 'Wanakbori', 'No Description', 0, 0, 0, 16, 4, 1, '2016-09-25 11:18:51', '2016-09-25 11:18:51'),
  (154, 'Wardha', 'No Description', 0, 0, 0, 16, 4, 1, '2016-09-25 11:18:51', '2016-09-25 11:18:51'),
  (155, 'Warora', 'No Description', 0, 0, 0, 16, 4, 1, '2016-09-25 11:18:51', '2016-09-25 11:18:51'),
  (156, 'Zerda(Kansari)', 'No Description', 0, 0, 0, 16, 4, 1, '2016-09-25 11:18:51', '2016-09-25 11:18:51'),
  (157, 'Akola(2)', 'No Description', 0, 0, 0, 16, 1, 1, '2016-09-25 11:18:52', '2016-09-25 11:18:52'),
  (158, 'Aurangabad-PG', 'No Description', 0, 0, 0, 16, 1, 1, '2016-09-25 11:18:52', '2016-09-25 11:18:52'),
  (159, 'Bhopal-BDTCL', 'No Description', 0, 0, 0, 16, 1, 1, '2016-09-25 11:18:52', '2016-09-25 11:18:52'),
  (160, 'Bilaspur', 'No Description', 0, 0, 0, 16, 1, 1, '2016-09-25 11:18:52', '2016-09-25 11:18:52'),
  (161, 'Bina-NHPTL', 'No Description', 0, 0, 0, 16, 1, 1, '2016-09-25 11:18:52', '2016-09-25 11:18:52'),
  (162, 'Bina-PG', 'No Description', 0, 0, 0, 16, 1, 1, '2016-09-25 11:18:52', '2016-09-25 11:18:52'),
  (163, 'Champa ', 'No Description', 0, 0, 0, 16, 1, 1, '2016-09-25 11:18:52', '2016-09-25 11:18:52'),
  (164, 'Dharamjaygarh', 'No Description', 0, 0, 0, 16, 1, 1, '2016-09-25 11:18:52', '2016-09-25 11:18:52'),
  (165, 'Dhule-BDTCL', 'No Description', 0, 0, 0, 16, 1, 1, '2016-09-25 11:18:52', '2016-09-25 11:18:52'),
  (166, 'Ektuni (Aurangabad(3))', 'No Description', 0, 0, 0, 16, 1, 1, '2016-09-25 11:18:52', '2016-09-25 11:18:52'),
  (167, 'Gwalior', 'No Description', 0, 0, 0, 16, 1, 1, '2016-09-25 11:18:52', '2016-09-25 11:18:52'),
  (168, 'Indore-PG', 'No Description', 0, 0, 0, 16, 1, 1, '2016-09-25 11:18:53', '2016-09-25 11:18:53'),
  (169, 'Jabalpur-PS', 'No Description', 0, 0, 0, 16, 1, 1, '2016-09-25 11:18:53', '2016-09-25 11:18:53'),
  (170, 'Koradi(III)', 'No Description', 0, 0, 0, 16, 1, 1, '2016-09-25 11:18:53', '2016-09-25 11:18:53'),
  (171, 'Pune-PG(Shikrapur)', 'No Description', 0, 0, 0, 16, 1, 1, '2016-09-25 11:18:53', '2016-09-25 11:18:53'),
  (172, 'Raigarh-PS(Kotra)', 'No Description', 0, 0, 0, 16, 1, 1, '2016-09-25 11:18:53', '2016-09-25 11:18:53'),
  (173, 'Raipur-PS(Durg)', 'No Description', 0, 0, 0, 16, 1, 1, '2016-09-25 11:18:53', '2016-09-25 11:18:53'),
  (174, 'Sasan', 'No Description', 0, 0, 0, 16, 1, 1, '2016-09-25 11:18:53', '2016-09-25 11:18:53'),
  (175, 'Satna', 'No Description', 0, 0, 0, 16, 1, 1, '2016-09-25 11:18:53', '2016-09-25 11:18:53'),
  (176, 'Seoni', 'No Description', 0, 0, 0, 16, 1, 1, '2016-09-25 11:18:54', '2016-09-25 11:18:54'),
  (177, 'Sipat', 'No Description', 0, 0, 0, 16, 1, 1, '2016-09-25 11:18:54', '2016-09-25 11:18:54'),
  (178, 'Solapur', 'No Description', 0, 0, 0, 16, 1, 1, '2016-09-25 11:18:54', '2016-09-25 11:18:54'),
  (179, 'Tamnar', 'No Description', 0, 0, 0, 16, 1, 1, '2016-09-25 11:18:54', '2016-09-25 11:18:54'),
  (180, 'Tiroda', 'No Description', 0, 0, 0, 16, 1, 1, '2016-09-25 11:18:54', '2016-09-25 11:18:54'),
  (181, 'Vadodora-PS ', 'No Description', 0, 0, 0, 16, 1, 1, '2016-09-25 11:18:54', '2016-09-25 11:18:54'),
  (182, 'Vindhyachal-PS', 'No Description', 0, 0, 0, 16, 1, 1, '2016-09-25 11:18:54', '2016-09-25 11:18:54'),
  (183, 'Wardha', 'No Description', 0, 0, 0, 16, 1, 1, '2016-09-25 11:18:54', '2016-09-25 11:18:54'),
  (184, 'Bina-NTS', 'No Description', 0, 0, 0, 16, 2, 1, '2016-09-25 11:18:54', '2016-09-25 11:18:54'),
  (185, 'ACBIL - Bilaspur', 'No Descrripton', 517, 0, 0, 8, 4, 1, '2016-09-25 11:19:57', '2016-09-25 11:19:57'),
  (188, 'ACBIL - MCCPL', 'No Descrripton', 517, 0, 0, 8, 4, 1, '2016-09-25 11:19:58', '2016-09-25 11:19:58'),
  (191, 'Akola - Aurangabad-PG', 'No Descrripton', 517, 0, 0, 8, 4, 1, '2016-09-25 11:19:58', '2016-09-25 11:19:58'),
  (197, 'Akola - Nandgaonpeth', 'No Descrripton', 517, 0, 0, 8, 4, 1, '2016-09-25 11:19:59', '2016-09-25 11:19:59'),
  (200, 'Akola - Akola(2)', 'No Descrripton', 517, 0, 0, 8, 4, 1, '2016-09-25 11:19:59', '2016-09-25 11:19:59'),
  (206, 'Akola(2) - Nandgaonpeth', 'No Descrripton', 517, 0, 0, 8, 4, 1, '2016-09-25 11:20:00', '2016-09-25 11:20:00'),
  (212, 'Amreli - Hadala', 'No Descrripton', 517, 0, 0, 8, 4, 1, '2016-09-25 11:20:00', '2016-09-25 11:20:00'),
  (215, 'Amreli - Chorania', 'No Descrripton', 517, 0, 0, 8, 4, 1, '2016-09-25 11:20:00', '2016-09-25 11:20:00'),
  (218, 'Amreli - Jetpur', 'No Descrripton', 517, 0, 0, 8, 4, 1, '2016-09-25 11:20:01', '2016-09-25 11:20:01'),
  (224, 'APL-Mundra - Sami', 'No Descrripton', 517, 0, 0, 8, 4, 1, '2016-09-25 11:20:01', '2016-09-25 11:20:01'),
  (230, 'APL-Mundra - Hadala', 'No Descrripton', 517, 0, 0, 8, 4, 1, '2016-09-25 11:20:02', '2016-09-25 11:20:02'),
  (233, 'APL-Mundra - Varsana', 'No Descrripton', 517, 0, 0, 8, 4, 1, '2016-09-25 11:20:02', '2016-09-25 11:20:02'),
  (239, 'APL-Mundra - Zerda(Kansari)', 'No Descrripton', 517, 0, 0, 8, 4, 1, '2016-09-25 11:20:03', '2016-09-25 11:20:03'),
  (242, 'Asoj - Chorania', 'No Descrripton', 517, 0, 0, 8, 4, 1, '2016-09-25 11:20:03', '2016-09-25 11:20:03'),
  (248, 'Asoj - Kosamba', 'No Descrripton', 517, 0, 0, 8, 4, 1, '2016-09-25 11:20:03', '2016-09-25 11:20:03'),
  (251, 'Asoj - Wanakbori', 'No Descrripton', 517, 0, 0, 8, 4, 1, '2016-09-25 11:20:04', '2016-09-25 11:20:04'),
  (254, 'Athena - Raigarh-PS(Kotra)', 'No Descrripton', 680, 0, 0, 8, 4, 1, '2016-09-25 11:20:04', '2016-09-25 11:20:04'),
  (260, 'Aurangabad-M(Waluj) - Pune-PG(Shikrapur)', 'No Descrripton', 517, 0, 0, 8, 4, 1, '2016-09-25 11:20:04', '2016-09-25 11:20:04'),
  (266, 'Aurangabad-M(Waluj) - Aurangabad-PG', 'No Descrripton', 680, 0, 0, 8, 4, 1, '2016-09-25 11:20:05', '2016-09-25 11:20:05'),
  (272, 'Aurangabad-M(Waluj) - Taptithanda', 'No Descrripton', 517, 0, 0, 8, 4, 1, '2016-09-25 11:20:06', '2016-09-25 11:20:06'),
  (275, 'Aurangabad-M(Waluj) - Deepnagar', 'No Descrripton', 517, 0, 0, 8, 4, 1, '2016-09-25 11:20:06', '2016-09-25 11:20:06'),
  (278, 'Aurangabad-PG - Boisar', 'No Descrripton', 517, 0, 0, 8, 4, 1, '2016-09-25 11:20:06', '2016-09-25 11:20:06'),
  (284, 'Bableshwar - Padghe', 'No Descrripton', 517, 0, 0, 8, 4, 1, '2016-09-25 11:20:07', '2016-09-25 11:20:07'),
  (290, 'Aurangabad-M(Waluj) - Bableshwar', 'No Descrripton', 517, 0, 0, 8, 4, 1, '2016-09-25 11:20:08', '2016-09-25 11:20:08'),
  (293, 'Bableshwar - IB-Nasik', 'No Descrripton', 517, 0, 0, 8, 4, 1, '2016-09-25 11:20:08', '2016-09-25 11:20:08'),
  (295, 'IB-Nasik', 'No Description', 0, 0, 0, 16, 4, 1, '2016-09-25 11:20:08', '2016-09-25 11:20:08'),
  (299, 'Bachau - Ranchodpura', 'No Descrripton', 625, 0, 0, 8, 4, 1, '2016-09-25 11:20:08', '2016-09-25 11:20:08'),
  (305, 'Bachau - Varsana', 'No Descrripton', 517, 0, 0, 8, 4, 1, '2016-09-25 11:20:09', '2016-09-25 11:20:09'),
  (311, 'Bhadrawati - Bhilai', 'No Descrripton', 517, 0, 0, 8, 4, 1, '2016-09-25 11:20:09', '2016-09-25 11:20:09'),
  (314, 'Bhadrawati - Raipur', 'No Descrripton', 517, 0, 0, 8, 4, 1, '2016-09-25 11:20:10', '2016-09-25 11:20:10'),
  (323, 'Bhadrawati - EMCO', 'No Descrripton', 517, 0, 0, 8, 4, 1, '2016-09-25 11:20:11', '2016-09-25 11:20:11'),
  (329, 'Bhadrawati - Parli-PG', 'No Descrripton', 517, 0, 0, 8, 4, 1, '2016-09-25 11:20:11', '2016-09-25 11:20:11'),
  (332, 'Bhadrawati - Dhariwal', 'No Descrripton', 517, 0, 0, 8, 4, 1, '2016-09-25 11:20:12', '2016-09-25 11:20:12'),
  (335, 'Bhadrawati HVDC - Ramagundam', 'No Descrripton', 517, 0, 0, 8, 4, 1, '2016-09-25 11:20:12', '2016-09-25 11:20:12'),
  (336, 'Bhadrawati HVDC', 'No Description', 0, 0, 0, 16, 4, 1, '2016-09-25 11:20:12', '2016-09-25 11:20:12'),
  (337, 'Ramagundam', 'No Description', 0, 0, 0, 16, 4, 1, '2016-09-25 11:20:12', '2016-09-25 11:20:12'),
  (341, 'Bhilai - Raipur', 'No Descrripton', 517, 0, 0, 8, 4, 1, '2016-09-25 11:20:13', '2016-09-25 11:20:13'),
  (344, 'Bhilai - Seoni', 'No Descrripton', 517, 0, 0, 8, 4, 1, '2016-09-25 11:20:13', '2016-09-25 11:20:13'),
  (347, 'Bhatapara - Bhilai', 'No Descrripton', 517, 0, 0, 8, 4, 1, '2016-09-25 11:20:13', '2016-09-25 11:20:13'),
  (350, 'Bhilai - Raita', 'No Descrripton', 517, 0, 0, 8, 4, 1, '2016-09-25 11:20:14', '2016-09-25 11:20:14'),
  (359, 'Bhopal-BDTCL - Bhopal-MP', 'No Descrripton', 517, 0, 0, 8, 4, 1, '2016-09-25 11:20:14', '2016-09-25 11:20:14'),
  (365, 'Bhopal-MP - Bina-MP', 'No Descrripton', 517, 0, 0, 8, 4, 1, '2016-09-25 11:20:15', '2016-09-25 11:20:15'),
  (371, 'Bhopal-MP - Itarsi', 'No Descrripton', 517, 0, 0, 8, 4, 1, '2016-09-25 11:20:15', '2016-09-25 11:20:15'),
  (377, 'Bhopal-MP - Damoh', 'No Descrripton', 517, 0, 0, 8, 4, 1, '2016-09-25 11:20:16', '2016-09-25 11:20:16'),
  (383, 'Bableshwar - Bhusawal (Khadka)', 'No Descrripton', 517, 0, 0, 8, 4, 1, '2016-09-25 11:20:17', '2016-09-25 11:20:17'),
  (386, 'Aurangabad-M(Waluj) - Bhusawal (Khadka)', 'No Descrripton', 517, 0, 0, 8, 4, 1, '2016-09-25 11:20:17', '2016-09-25 11:20:17'),
  (389, 'Akola - Bhusawal (Khadka)', 'No Descrripton', 517, 0, 0, 8, 4, 1, '2016-09-25 11:20:17', '2016-09-25 11:20:17'),
  (392, 'Bhusawal (Khadka) - Deepnagar', 'No Descrripton', 517, 0, 0, 8, 4, 1, '2016-09-25 11:20:17', '2016-09-25 11:20:17'),
  (398, 'Bina-MP - JP-Bina', 'No Descrripton', 0, 0, 0, 8, 4, 1, '2016-09-25 11:20:18', '2016-09-25 11:21:39'),
  (401, 'Bina-MP - Bina-PG', 'No Descrripton', 517, 0, 0, 8, 4, 1, '2016-09-25 11:20:18', '2016-09-25 11:20:18'),
  (413, 'Bina-PG - Shujalpur', 'No Descrripton', 517, 0, 0, 8, 4, 1, '2016-09-25 11:20:19', '2016-09-25 11:20:19'),
  (419, 'Bina-PG - JP-Bina', 'No Descrripton', 517, 0, 0, 8, 4, 1, '2016-09-25 11:20:20', '2016-09-25 11:20:20'),
  (422, 'Bina-NTS - Bina-PG', 'No Descrripton', 517, 0, 0, 8, 4, 1, '2016-09-25 11:20:20', '2016-09-25 11:20:20'),
  (425, 'Bina-PG - NHPTL', 'No Descrripton', 517, 0, 0, 8, 4, 1, '2016-09-25 11:20:20', '2016-09-25 11:20:20'),
  (427, 'NHPTL', 'No Description', 0, 0, 0, 16, 4, 1, '2016-09-25 11:20:20', '2016-09-25 11:20:20'),
  (428, 'Birsingpur - Katni', 'No Descrripton', 0, 0, 0, 8, 4, 1, '2016-09-25 11:20:21', '2016-09-25 11:21:39'),
  (434, 'Birsingpur - Vandana', 'No Descrripton', 517, 0, 0, 8, 4, 1, '2016-09-25 11:20:21', '2016-09-25 11:20:21'),
  (437, 'CGPL - Chorania', 'No Descrripton', 625, 0, 0, 8, 4, 1, '2016-09-25 11:20:21', '2016-09-25 11:20:21'),
  (440, 'CGPL - Mansar', 'No Descrripton', 625, 0, 0, 8, 4, 1, '2016-09-25 11:20:22', '2016-09-25 11:20:22'),
  (443, 'CGPL - Jetpur', 'No Descrripton', 625, 0, 0, 8, 4, 1, '2016-09-25 11:20:22', '2016-09-25 11:20:22'),
  (449, 'Bachau - CGPL', 'No Descrripton', 625, 0, 0, 8, 4, 1, '2016-09-25 11:20:23', '2016-09-25 11:20:23'),
  (455, 'Chakan - Pune-PG', 'No Descrripton', 517, 0, 0, 8, 4, 1, '2016-09-25 11:20:23', '2016-09-25 11:20:23'),
  (458, 'Bhadrawati - Chandrapur', 'No Descrripton', 517, 0, 0, 8, 4, 1, '2016-09-25 11:20:24', '2016-09-25 11:20:24'),
  (470, 'Chandrapur - Khaparkheda', 'No Descrripton', 517, 0, 0, 8, 4, 1, '2016-09-25 11:20:25', '2016-09-25 11:20:25'),
  (473, 'Chandrapur - Chandrapur-II', 'No Descrripton', 517, 0, 0, 8, 4, 1, '2016-09-25 11:20:25', '2016-09-25 11:20:25'),
  (479, 'Chandrapur - Parli-M', 'No Descrripton', 517, 0, 0, 8, 4, 1, '2016-09-25 11:20:25', '2016-09-25 11:20:25'),
  (482, 'Chandrapur-II - Dhariwal', 'No Descrripton', 517, 0, 0, 8, 4, 1, '2016-09-25 11:20:26', '2016-09-25 11:20:26'),
  (488, 'Chandrapur-II - Nanded', 'No Descrripton', 0, 0, 0, 8, 4, 1, '2016-09-25 11:20:26', '2016-09-25 11:20:26'),
  (491, 'Chhegaon - Julwania', 'No Descrripton', 0, 0, 0, 8, 4, 1, '2016-09-25 11:20:26', '2016-09-25 11:21:40'),
  (494, 'Chorania - Kosamba', 'No Descrripton', 517, 0, 0, 8, 4, 1, '2016-09-25 11:20:27', '2016-09-25 11:20:27'),
  (500, 'Birsingpur - Damoh', 'No Descrripton', 517, 0, 0, 8, 4, 1, '2016-09-25 11:20:27', '2016-09-25 11:20:27'),
  (506, 'Damoh - Katni', 'No Descrripton', 0, 0, 0, 8, 4, 1, '2016-09-25 11:20:28', '2016-09-25 11:21:40'),
  (509, 'DB-Power - Raigarh-PS(Kotra)', 'No Descrripton', 517, 0, 0, 8, 4, 1, '2016-09-25 11:20:28', '2016-09-25 11:20:28'),
  (515, 'Dehgam - Gandhar', 'No Descrripton', 517, 0, 0, 8, 4, 1, '2016-09-25 11:20:29', '2016-09-25 11:20:29'),
  (521, 'Dehgam - Pirana-PG', 'No Descrripton', 517, 0, 0, 8, 4, 1, '2016-09-25 11:20:30', '2016-09-25 11:20:30'),
  (527, 'Dehgam - Sami', 'No Descrripton', 517, 0, 0, 8, 4, 1, '2016-09-25 11:20:30', '2016-09-25 11:20:30'),
  (533, 'Dehgam - Ranchodpura', 'No Descrripton', 517, 0, 0, 8, 4, 1, '2016-09-25 11:20:31', '2016-09-25 11:20:31'),
  (539, 'Dehgam - Wanakbori', 'No Descrripton', 517, 0, 0, 8, 4, 1, '2016-09-25 11:20:32', '2016-09-25 11:20:32'),
  (542, 'Balco - Dharamjaygarh', 'No Descrripton', 517, 0, 0, 8, 4, 1, '2016-09-25 11:20:32', '2016-09-25 11:20:32'),
  (544, 'Dharamjaygarh', 'No Description', 0, 0, 0, 16, 4, 1, '2016-09-25 11:20:32', '2016-09-25 11:20:32'),
  (548, 'Dhariwal - Parli-PG', 'No Descrripton', 517, 0, 0, 8, 4, 1, '2016-09-25 11:20:33', '2016-09-25 11:20:33'),
  (551, 'Dhule-BDTCL - Dhule-MS', 'No Descrripton', 517, 0, 0, 8, 4, 1, '2016-09-25 11:20:33', '2016-09-25 11:20:33'),
  (557, 'Bableshwar - Dhule-MS', 'No Descrripton', 517, 0, 0, 8, 4, 1, '2016-09-25 11:20:34', '2016-09-25 11:20:34'),
  (563, 'Bableshwar - Ektuni (Aurangabad(3))', 'No Descrripton', 680, 0, 0, 8, 4, 1, '2016-09-25 11:20:34', '2016-09-25 11:20:34'),
  (565, 'Ektuni (Aurangabad(3))', 'No Description', 0, 0, 0, 16, 4, 1, '2016-09-25 11:20:34', '2016-09-25 11:20:34'),
  (569, 'Gandhar - Navsari', 'No Descrripton', 517, 0, 0, 8, 4, 1, '2016-09-25 11:20:35', '2016-09-25 11:20:35'),
  (572, 'Gandhar - Kosamba', 'No Descrripton', 517, 0, 0, 8, 4, 1, '2016-09-25 11:20:35', '2016-09-25 11:20:35'),
  (575, 'Gandhar - Hazira', 'No Descrripton', 517, 0, 0, 8, 4, 1, '2016-09-25 11:20:36', '2016-09-25 11:20:36'),
  (581, 'GPEC - Gandhar', 'No Descrripton', 517, 0, 0, 8, 4, 1, '2016-09-25 11:20:36', '2016-09-25 11:20:36'),
  (584, 'Gandhar - Sugen', 'No Descrripton', 517, 0, 0, 8, 4, 1, '2016-09-25 11:20:37', '2016-09-25 11:20:37'),
  (587, 'GPEC - Kasor', 'No Descrripton', 517, 0, 0, 8, 4, 1, '2016-09-25 11:20:37', '2016-09-25 11:20:37'),
  (590, 'Hadala - Varsana', 'No Descrripton', 517, 0, 0, 8, 4, 1, '2016-09-25 11:20:37', '2016-09-25 11:20:37'),
  (593, 'Hadala - Vadinar', 'No Descrripton', 517, 0, 0, 8, 4, 1, '2016-09-25 11:20:38', '2016-09-25 11:20:38'),
  (599, 'Chorania - Hadala', 'No Descrripton', 517, 0, 0, 8, 4, 1, '2016-09-25 11:20:38', '2016-09-25 11:20:38'),
  (602, 'IEPL - Warora', 'No Descrripton', 517, 0, 0, 8, 4, 1, '2016-09-25 11:20:38', '2016-09-25 11:20:38'),
  (605, 'IEPL - Koradi-II', 'No Descrripton', 517, 0, 0, 8, 4, 1, '2016-09-25 11:20:39', '2016-09-25 11:20:39'),
  (608, 'Indira Sagar - Indore-MP', 'No Descrripton', 0, 0, 0, 8, 4, 1, '2016-09-25 11:20:39', '2016-09-25 11:21:40'),
  (614, 'Indira Sagar - Nagda', 'No Descrripton', 0, 0, 0, 8, 4, 1, '2016-09-25 11:20:40', '2016-09-25 11:21:40'),
  (617, 'Indore-MP - Indore-PG', 'No Descrripton', 517, 0, 0, 8, 4, 1, '2016-09-25 11:20:40', '2016-09-25 11:20:40'),
  (623, 'Indore-MP - Nagda', 'No Descrripton', 0, 0, 0, 8, 4, 1, '2016-09-25 11:20:41', '2016-09-25 11:21:40'),
  (626, 'Asoj - Indore-MP', 'No Descrripton', 517, 0, 0, 8, 4, 1, '2016-09-25 11:20:42', '2016-09-25 11:20:42'),
  (632, 'Indore-PG - Pithampur', 'No Descrripton', 517, 0, 0, 8, 4, 1, '2016-09-25 11:20:42', '2016-09-25 11:20:42'),
  (638, 'Indore-MP - Itarsi', 'No Descrripton', 517, 0, 0, 8, 4, 1, '2016-09-25 11:20:43', '2016-09-25 11:20:43'),
  (644, 'Itarsi - Khandwa', 'No Descrripton', 517, 0, 0, 8, 4, 1, '2016-09-25 11:20:44', '2016-09-25 11:20:44'),
  (650, 'Itarsi - Jabalpur', 'No Descrripton', 517, 0, 0, 8, 4, 1, '2016-09-25 11:20:45', '2016-09-25 11:20:45'),
  (662, 'Jabalpur - Sasan', 'No Descrripton', 517, 0, 0, 8, 4, 1, '2016-09-25 11:20:46', '2016-09-25 11:20:46'),
  (665, 'Jabalpur - Jabalpur (PS)', 'No Descrripton', 680, 0, 0, 8, 4, 1, '2016-09-25 11:20:47', '2016-09-25 11:20:47'),
  (671, 'Jabalpur (PS) - MB Power', 'No Descrripton', 625, 0, 0, 8, 4, 1, '2016-09-25 11:20:47', '2016-09-25 11:20:47'),
  (677, 'Jabalpur (PS) - Jhabua Power', 'No Descrripton', 517, 0, 0, 8, 4, 1, '2016-09-25 11:20:48', '2016-09-25 11:20:48'),
  (683, 'Jaigad - New koyna', 'No Descrripton', 517, 0, 0, 8, 4, 1, '2016-09-25 11:20:48', '2016-09-25 11:20:48'),
  (689, 'Jejuri - Koyna stage-IV', 'No Descrripton', 517, 0, 0, 8, 4, 1, '2016-09-25 11:20:49', '2016-09-25 11:20:49'),
  (692, 'JPL - Raipur', 'No Descrripton', 517, 0, 0, 8, 4, 1, '2016-09-25 11:20:49', '2016-09-25 11:20:49'),
  (698, 'JPL - JPL_extn(Tamnar)', 'No Descrripton', 517, 0, 0, 8, 4, 1, '2016-09-25 11:20:50', '2016-09-25 11:20:50'),
  (701, 'JPL_extn(Tamnar) - Tamnar-PS', 'No Descrripton', 517, 0, 0, 8, 4, 1, '2016-09-25 11:20:50', '2016-09-25 11:20:50'),
  (703, 'Tamnar-PS', 'No Description', 0, 0, 0, 16, 4, 1, '2016-09-25 11:20:50', '2016-09-25 11:20:50'),
  (713, 'Kala - Vapi', 'No Descrripton', 517, 0, 0, 8, 4, 1, '2016-09-25 11:20:51', '2016-09-25 11:20:51'),
  (719, 'Kalwa - Padghe', 'No Descrripton', 517, 0, 0, 8, 4, 1, '2016-09-25 11:20:52', '2016-09-25 11:20:52'),
  (725, 'Kalwa - Kharghar', 'No Descrripton', 517, 0, 0, 8, 4, 1, '2016-09-25 11:20:53', '2016-09-25 11:20:53'),
  (728, 'Kalwa - Pune-PG', 'No Descrripton', 517, 0, 0, 8, 4, 1, '2016-09-25 11:20:53', '2016-09-25 11:20:53'),
  (731, 'Karad - Kolhapur', 'No Descrripton', 517, 0, 0, 8, 4, 1, '2016-09-25 11:20:53', '2016-09-25 11:20:53'),
  (737, 'Jaigad - Karad', 'No Descrripton', 517, 0, 0, 8, 4, 1, '2016-09-25 11:20:54', '2016-09-25 11:20:54'),
  (743, 'Karad - New Koyna', 'No Descrripton', 517, 0, 0, 8, 4, 1, '2016-09-25 11:20:54', '2016-09-25 11:20:54'),
  (749, 'Karad - Solapur-PG', 'No Descrripton', 517, 0, 0, 8, 4, 1, '2016-09-25 11:20:55', '2016-09-25 11:20:55'),
  (752, 'Karad - Lonikhand', 'No Descrripton', 517, 0, 0, 8, 4, 1, '2016-09-25 11:20:55', '2016-09-25 11:20:55'),
  (755, 'Chorania - Kasor', 'No Descrripton', 517, 0, 0, 8, 4, 1, '2016-09-25 11:20:55', '2016-09-25 11:20:55'),
  (758, 'Dhule-MS - Khandwa', 'No Descrripton', 517, 0, 0, 8, 4, 1, '2016-09-25 11:20:55', '2016-09-25 11:20:55'),
  (764, 'Khandwa - Rajgarh', 'No Descrripton', 517, 0, 0, 8, 4, 1, '2016-09-25 11:20:55', '2016-09-25 11:20:55'),
  (770, 'Kharghar - Padghe', 'No Descrripton', 517, 0, 0, 8, 4, 1, '2016-09-25 11:20:56', '2016-09-25 11:20:56'),
  (773, 'Kolhapur - Kolhapur-PG', 'No Descrripton', 517, 0, 0, 8, 4, 1, '2016-09-25 11:20:56', '2016-09-25 11:20:56'),
  (779, 'Kolhapur - Solapur-PG', 'No Descrripton', 517, 0, 0, 8, 4, 1, '2016-09-25 11:20:56', '2016-09-25 11:20:56'),
  (785, 'Kolhapur-PG - Mapusa', 'No Descrripton', 517, 0, 0, 8, 4, 1, '2016-09-25 11:20:56', '2016-09-25 11:20:56'),
  (791, 'Bhusawal (Khadka) - Koradi', 'No Descrripton', 517, 0, 0, 8, 4, 1, '2016-09-25 11:20:56', '2016-09-25 11:20:56'),
  (794, 'Koradi - Satpura', 'No Descrripton', 517, 0, 0, 8, 4, 1, '2016-09-25 11:20:56', '2016-09-25 11:20:56'),
  (797, 'Bhilai - Koradi', 'No Descrripton', 517, 0, 0, 8, 4, 1, '2016-09-25 11:20:57', '2016-09-25 11:20:57'),
  (800, 'Khaparkheda - Koradi', 'No Descrripton', 517, 0, 0, 8, 4, 1, '2016-09-25 11:20:57', '2016-09-25 11:20:57'),
  (806, 'Korba (W) - Korba-NTPC', 'No Descrripton', 517, 0, 0, 8, 4, 1, '2016-09-25 11:20:57', '2016-09-25 11:20:57'),
  (809, 'Korba (W) - Raita', 'No Descrripton', 517, 0, 0, 8, 4, 1, '2016-09-25 11:20:57', '2016-09-25 11:20:57'),
  (812, 'Korba (W) - Korba (W)-Ext', 'No Descrripton', 517, 0, 0, 8, 4, 1, '2016-09-25 11:20:57', '2016-09-25 11:20:57'),
  (815, 'Bhilai - Korba (W)-Ext', 'No Descrripton', 517, 0, 0, 8, 4, 1, '2016-09-25 11:20:57', '2016-09-25 11:20:57'),
  (818, 'Korba (W)-Ext - Marwa', 'No Descrripton', 517, 0, 0, 8, 4, 1, '2016-09-25 11:20:57', '2016-09-25 11:20:57'),
  (821, 'Bhilai - Korba-NTPC', 'No Descrripton', 517, 0, 0, 8, 4, 1, '2016-09-25 11:20:57', '2016-09-25 11:20:57'),
  (827, 'Korba-NTPC - Raipur', 'No Descrripton', 517, 0, 0, 8, 4, 1, '2016-09-25 11:20:58', '2016-09-25 11:20:58'),
  (833, 'Korba-NTPC - Sipat', 'No Descrripton', 517, 0, 0, 8, 4, 1, '2016-09-25 11:20:58', '2016-09-25 11:20:58'),
  (836, 'Essar_Mahan - Korba-NTPC', 'No Descrripton', 517, 0, 0, 8, 4, 1, '2016-09-25 11:20:58', '2016-09-25 11:20:58'),
  (839, 'Korba-NTPC - Vindhyachal', 'No Descrripton', 517, 0, 0, 8, 4, 1, '2016-09-25 11:20:58', '2016-09-25 11:20:58'),
  (842, 'Bhatapara - Korba-NTPC', 'No Descrripton', 517, 0, 0, 8, 4, 1, '2016-09-25 11:20:58', '2016-09-25 11:20:58'),
  (845, 'Birsingpur - Korba-NTPC', 'No Descrripton', 517, 0, 0, 8, 4, 1, '2016-09-25 11:20:58', '2016-09-25 11:20:58'),
  (848, 'Korba-NTPC - Vandana', 'No Descrripton', 517, 0, 0, 8, 4, 1, '2016-09-25 11:20:59', '2016-09-25 11:20:59'),
  (851, 'Koyna stage-IV - Lonikhand', 'No Descrripton', 517, 0, 0, 8, 4, 1, '2016-09-25 11:20:59', '2016-09-25 11:20:59'),
  (854, 'Koyna stage-IV - New Koyna', 'No Descrripton', 517, 0, 0, 8, 4, 1, '2016-09-25 11:20:59', '2016-09-25 11:20:59'),
  (860, 'KSK Mahanadi - Raipur', 'No Descrripton', 517, 0, 0, 8, 4, 1, '2016-09-25 11:20:59', '2016-09-25 11:20:59'),
  (866, 'KSK Mahanadi - RKM', 'No Descrripton', 517, 0, 0, 8, 4, 1, '2016-09-25 11:20:59', '2016-09-25 11:20:59'),
  (869, 'KWPCL - Raigarh-PS(Kotra)', 'No Descrripton', 517, 0, 0, 8, 4, 1, '2016-09-25 11:20:59', '2016-09-25 11:20:59'),
  (875, 'Lara - Raigarh-PS(Kotra)', 'No Descrripton', 517, 0, 0, 8, 4, 1, '2016-09-25 11:20:59', '2016-09-25 11:20:59'),
  (881, 'Jejuri - Lonikhand', 'No Descrripton', 517, 0, 0, 8, 4, 1, '2016-09-25 11:21:00', '2016-09-25 11:21:00'),
  (884, 'Chakan - Lonikhand', 'No Descrripton', 517, 0, 0, 8, 4, 1, '2016-09-25 11:21:00', '2016-09-25 11:21:00'),
  (887, 'Lonikhand - Pune-PG', 'No Descrripton', 517, 0, 0, 8, 4, 1, '2016-09-25 11:21:00', '2016-09-25 11:21:00'),
  (890, 'Lonikhand - Lonikhand-II', 'No Descrripton', 517, 0, 0, 8, 4, 1, '2016-09-25 11:21:00', '2016-09-25 11:21:00'),
  (896, 'Kala - Magarawada', 'No Descrripton', 517, 0, 0, 8, 4, 1, '2016-09-25 11:21:00', '2016-09-25 11:21:00'),
  (902, 'Magarawada - Navsari', 'No Descrripton', 517, 0, 0, 8, 4, 1, '2016-09-25 11:21:00', '2016-09-25 11:21:00'),
  (908, 'Chhegaon - Malwa', 'No Descrripton', 0, 0, 0, 8, 4, 1, '2016-09-25 11:21:01', '2016-09-25 11:21:41'),
  (911, 'Malwa - Pithampur', 'No Descrripton', 0, 0, 0, 8, 4, 1, '2016-09-25 11:21:01', '2016-09-25 11:21:41'),
  (917, 'Julwania - Malwa', 'No Descrripton', 517, 0, 0, 8, 4, 1, '2016-09-25 11:21:01', '2016-09-25 11:21:01'),
  (920, 'Chorania - Mansar', 'No Descrripton', 625, 0, 0, 8, 4, 1, '2016-09-25 11:21:01', '2016-09-25 11:21:01'),
  (923, 'Bilaspur - MCCPL', 'No Descrripton', 517, 0, 0, 8, 4, 1, '2016-09-25 11:21:01', '2016-09-25 11:21:01'),
  (926, 'Dehgam - Nagda', 'No Descrripton', 517, 0, 0, 8, 4, 1, '2016-09-25 11:21:01', '2016-09-25 11:21:01'),
  (932, 'Nagda - Shujalpur', 'No Descrripton', 517, 0, 0, 8, 4, 1, '2016-09-25 11:21:01', '2016-09-25 11:21:01'),
  (938, 'Koradi - Nandgaonpeth', 'No Descrripton', 517, 0, 0, 8, 4, 1, '2016-09-25 11:21:02', '2016-09-25 11:21:02'),
  (941, 'DGEN - Navsari', 'No Descrripton', 517, 0, 0, 8, 4, 1, '2016-09-25 11:21:02', '2016-09-25 11:21:02'),
  (947, 'NSPCL - Raipur', 'No Descrripton', 517, 0, 0, 8, 4, 1, '2016-09-25 11:21:02', '2016-09-25 11:21:02'),
  (953, 'Boisar - Padghe', 'No Descrripton', 517, 0, 0, 8, 4, 1, '2016-09-25 11:21:02', '2016-09-25 11:21:02'),
  (956, 'Nagothane - Padghe', 'No Descrripton', 517, 0, 0, 8, 4, 1, '2016-09-25 11:21:02', '2016-09-25 11:21:02'),
  (962, 'Padghe - Pune-PG', 'No Descrripton', 517, 0, 0, 8, 4, 1, '2016-09-25 11:21:02', '2016-09-25 11:21:02'),
  (965, 'Lonikhand-II - Parli-M', 'No Descrripton', 517, 0, 0, 8, 4, 1, '2016-09-25 11:21:03', '2016-09-25 11:21:03'),
  (971, 'Parli-M - Sholapur-M', 'No Descrripton', 517, 0, 0, 8, 4, 1, '2016-09-25 11:21:03', '2016-09-25 11:21:03'),
  (974, 'Chandrapur-II - Parli-M', 'No Descrripton', 517, 0, 0, 8, 4, 1, '2016-09-25 11:21:03', '2016-09-25 11:21:03'),
  (977, 'Nanded - Parli-M', 'No Descrripton', 517, 0, 0, 8, 4, 1, '2016-09-25 11:21:03', '2016-09-25 11:21:03'),
  (980, 'Parli-M - Parli-PG', 'No Descrripton', 517, 0, 0, 8, 4, 1, '2016-09-25 11:21:03', '2016-09-25 11:21:03'),
  (986, 'Parli-PG - Pune-PG(Shikrapur)', 'No Descrripton', 517, 0, 0, 8, 4, 1, '2016-09-25 11:21:03', '2016-09-25 11:21:03'),
  (992, 'Parli-PG - Solapur-PG', 'No Descrripton', 517, 0, 0, 8, 4, 1, '2016-09-25 11:21:04', '2016-09-25 11:21:04'),
  (998, 'Bilaspur - Pathadi', 'No Descrripton', 517, 0, 0, 8, 4, 1, '2016-09-25 11:21:04', '2016-09-25 11:21:04'),
  (1004, 'Pirana-PG - Pirana-T', 'No Descrripton', 517, 0, 0, 8, 4, 1, '2016-09-25 11:21:04', '2016-09-25 11:21:04'),
  (1010, 'Pune-PG - Pune-PG(Shikrapur)', 'No Descrripton', 517, 0, 0, 8, 4, 1, '2016-09-25 11:21:04', '2016-09-25 11:21:04'),
  (1022, 'India Bharath - Raigarh', 'No Descrripton', 517, 0, 0, 8, 4, 1, '2016-09-25 11:21:05', '2016-09-25 11:21:05'),
  (1023, 'India Bharath', 'No Description', 0, 0, 0, 16, 4, 1, '2016-09-25 11:21:05', '2016-09-25 11:21:05'),
  (1025, 'Jharsuguda - Raigarh', 'No Descrripton', 517, 0, 0, 8, 4, 1, '2016-09-25 11:21:05', '2016-09-25 11:21:05'),
  (1026, 'Jharsuguda', 'No Description', 0, 0, 0, 16, 4, 1, '2016-09-25 11:21:05', '2016-09-25 11:21:05'),
  (1028, 'Raigarh - Rourkela', 'No Descrripton', 517, 0, 0, 8, 4, 1, '2016-09-25 11:21:05', '2016-09-25 11:21:05'),
  (1030, 'Rourkela', 'No Description', 0, 0, 0, 16, 4, 1, '2016-09-25 11:21:05', '2016-09-25 11:21:05'),
  (1031, 'Raigarh - Sterlite', 'No Descrripton', 517, 0, 0, 8, 4, 1, '2016-09-25 11:21:05', '2016-09-25 11:21:05'),
  (1033, 'Sterlite', 'No Description', 0, 0, 0, 16, 4, 1, '2016-09-25 11:21:05', '2016-09-25 11:21:05'),
  (1034, 'Raigarh - Raipur', 'No Descrripton', 517, 0, 0, 8, 4, 1, '2016-09-25 11:21:05', '2016-09-25 11:21:05'),
  (1040, 'Raigarh - Raigarh-PS(Kotra)', 'No Descrripton', 517, 0, 0, 8, 4, 1, '2016-09-25 11:21:05', '2016-09-25 11:21:05'),
  (1046, 'KSK Mahanadi - Raigarh', 'No Descrripton', 517, 0, 0, 8, 4, 1, '2016-09-25 11:21:06', '2016-09-25 11:21:06'),
  (1049, 'Raipur - Wardha', 'No Descrripton', 680, 0, 0, 8, 4, 1, '2016-09-25 11:21:06', '2016-09-25 11:21:06'),
  (1055, 'Raipur - Raipur-PS(Durg)', 'No Descrripton', 517, 0, 0, 8, 4, 1, '2016-09-25 11:21:06', '2016-09-25 11:21:06'),
  (1061, 'GMR-CG - Raipur-PS(Durg)', 'No Descrripton', 517, 0, 0, 8, 4, 1, '2016-09-25 11:21:06', '2016-09-25 11:21:06'),
  (1067, 'Marwa - Raita', 'No Descrripton', 517, 0, 0, 8, 4, 1, '2016-09-25 11:21:06', '2016-09-25 11:21:06'),
  (1073, 'Nagda - Rajgarh', 'No Descrripton', 517, 0, 0, 8, 4, 1, '2016-09-25 11:21:06', '2016-09-25 11:21:06'),
  (1079, 'Kasor - Rajgarh', 'No Descrripton', 517, 0, 0, 8, 4, 1, '2016-09-25 11:21:07', '2016-09-25 11:21:07'),
  (1085, 'Ranchodpura - Zerda(Kansari)', 'No Descrripton', 517, 0, 0, 8, 4, 1, '2016-09-25 11:21:07', '2016-09-25 11:21:07'),
  (1091, 'Chorania - Ranchodpura', 'No Descrripton', 517, 0, 0, 8, 4, 1, '2016-09-25 11:21:07', '2016-09-25 11:21:07'),
  (1097, 'New Koyna - RGPPL', 'No Descrripton', 517, 0, 0, 8, 4, 1, '2016-09-25 11:21:07', '2016-09-25 11:21:07'),
  (1103, 'Nagothane - RGPPL', 'No Descrripton', 517, 0, 0, 8, 4, 1, '2016-09-25 11:21:07', '2016-09-25 11:21:07'),
  (1109, 'RKM - Raigarh', 'No Descrripton', 517, 0, 0, 8, 4, 1, '2016-09-25 11:21:08', '2016-09-25 11:21:08'),
  (1112, 'Bina-PG - Satna', 'No Descrripton', 517, 0, 0, 8, 4, 1, '2016-09-25 11:21:08', '2016-09-25 11:21:08'),
  (1118, 'Bina-NTS - Satna', 'No Descrripton', 517, 0, 0, 8, 4, 1, '2016-09-25 11:21:08', '2016-09-25 11:21:08'),
  (1124, 'JP-Nigrie - Satna', 'No Descrripton', 517, 0, 0, 8, 4, 1, '2016-09-25 11:21:08', '2016-09-25 11:21:08'),
  (1130, 'Indira sagar - Satpura', 'No Descrripton', 517, 0, 0, 8, 4, 1, '2016-09-25 11:21:08', '2016-09-25 11:21:08'),
  (1133, 'Itarsi - Satpura', 'No Descrripton', 517, 0, 0, 8, 4, 1, '2016-09-25 11:21:08', '2016-09-25 11:21:08'),
  (1136, 'Astha - Satpura', 'No Descrripton', 0, 0, 0, 8, 4, 1, '2016-09-25 11:21:08', '2016-09-25 11:21:41'),
  (1142, 'Satpura - Seoni', 'No Descrripton', 517, 0, 0, 8, 4, 1, '2016-09-25 11:21:09', '2016-09-25 11:21:09'),
  (1145, 'Khandwa - Seoni', 'No Descrripton', 643, 0, 0, 8, 4, 1, '2016-09-25 11:21:09', '2016-09-25 11:21:09'),
  (1151, 'Sholapur-M - Solapur-PG', 'No Descrripton', 517, 0, 0, 8, 4, 1, '2016-09-25 11:21:09', '2016-09-25 11:21:09'),
  (1154, 'RAPP - Shujalpur', 'No Descrripton', 517, 0, 0, 8, 4, 1, '2016-09-25 11:21:09', '2016-09-25 11:21:09'),
  (1155, 'RAPP', 'No Description', 0, 0, 0, 16, 4, 1, '2016-09-25 11:21:09', '2016-09-25 11:21:09'),
  (1160, 'Raipur - Sipat', 'No Descrripton', 517, 0, 0, 8, 4, 1, '2016-09-25 11:21:09', '2016-09-25 11:21:09'),
  (1169, 'Ranchi - Sipat', 'No Descrripton', 517, 0, 0, 8, 4, 1, '2016-09-25 11:21:09', '2016-09-25 11:21:09'),
  (1170, 'Ranchi', 'No Description', 0, 0, 0, 16, 4, 1, '2016-09-25 11:21:09', '2016-09-25 11:21:09'),
  (1175, 'Raigarh-PS(Kotra) - SKS', 'No Descrripton', 517, 0, 0, 8, 4, 1, '2016-09-25 11:21:10', '2016-09-25 11:21:10'),
  (1181, 'Soja - Wanakbori', 'No Descrripton', 517, 0, 0, 8, 4, 1, '2016-09-25 11:21:10', '2016-09-25 11:21:10'),
  (1184, 'Dehgam - Soja', 'No Descrripton', 517, 0, 0, 8, 4, 1, '2016-09-25 11:21:10', '2016-09-25 11:21:10'),
  (1187, 'Soja - Zerda(Kansari)', 'No Descrripton', 517, 0, 0, 8, 4, 1, '2016-09-25 11:21:10', '2016-09-25 11:21:10'),
  (1190, 'Solapur-NTPC - Solapur-PG', 'No Descrripton', 517, 0, 0, 8, 4, 1, '2016-09-25 11:21:10', '2016-09-25 11:21:10'),
  (1196, 'Dhule-MS - SSP', 'No Descrripton', 517, 0, 0, 8, 4, 1, '2016-09-25 11:21:10', '2016-09-25 11:21:10'),
  (1202, 'Asoj - SSP', 'No Descrripton', 517, 0, 0, 8, 4, 1, '2016-09-25 11:21:11', '2016-09-25 11:21:11'),
  (1205, 'Rajgarh - SSP', 'No Descrripton', 0, 0, 0, 8, 4, 1, '2016-09-25 11:21:11', '2016-09-25 11:21:41'),
  (1211, 'Kasor - SSP', 'No Descrripton', 517, 0, 0, 8, 4, 1, '2016-09-25 11:21:11', '2016-09-25 11:21:11'),
  (1214, 'Sugen - Uno-Sugen', 'No Descrripton', 517, 0, 0, 8, 4, 1, '2016-09-25 11:21:11', '2016-09-25 11:21:11'),
  (1217, 'Pirana-T - Sugen', 'No Descrripton', 517, 0, 0, 8, 4, 1, '2016-09-25 11:21:11', '2016-09-25 11:21:11'),
  (1220, 'Deepnagar - Taptithanda', 'No Descrripton', 517, 0, 0, 8, 4, 1, '2016-09-25 11:21:11', '2016-09-25 11:21:11'),
  (1223, 'Ektuni (Aurangabad(3)) - Taptithanda', 'No Descrripton', 517, 0, 0, 8, 4, 1, '2016-09-25 11:21:11', '2016-09-25 11:21:11'),
  (1226, 'Padghe - Tarapur-3&4', 'No Descrripton', 517, 0, 0, 8, 4, 1, '2016-09-25 11:21:11', '2016-09-25 11:21:11'),
  (1232, 'Boisar - Tarapur-3&4', 'No Descrripton', 517, 0, 0, 8, 4, 1, '2016-09-25 11:21:11', '2016-09-25 11:21:11'),
  (1238, 'Tiroda - Warora', 'No Descrripton', 517, 0, 0, 8, 4, 1, '2016-09-25 11:21:12', '2016-09-25 11:21:12'),
  (1244, 'TRN - Tamnar-PS', 'No Descrripton', 517, 0, 0, 8, 4, 1, '2016-09-25 11:21:12', '2016-09-25 11:21:12'),
  (1250, 'Kosamba - Ukai', 'No Descrripton', 517, 0, 0, 8, 4, 1, '2016-09-25 11:21:12', '2016-09-25 11:21:12'),
  (1256, 'Navsari - Ukai', 'No Descrripton', 517, 0, 0, 8, 4, 1, '2016-09-25 11:21:12', '2016-09-25 11:21:12'),
  (1259, 'Pirana-T - Uno-Sugen', 'No Descrripton', 517, 0, 0, 8, 4, 1, '2016-09-25 11:21:12', '2016-09-25 11:21:12'),
  (1262, 'Bachau - Vadinar', 'No Descrripton', 517, 0, 0, 8, 4, 1, '2016-09-25 11:21:12', '2016-09-25 11:21:12'),
  (1268, 'Pirana-PG - Vadodara-PS', 'No Descrripton', 680, 0, 0, 8, 4, 1, '2016-09-25 11:21:13', '2016-09-25 11:21:13'),
  (1274, 'Asoj - Vadodara-PS', 'No Descrripton', 680, 0, 0, 8, 4, 1, '2016-09-25 11:21:13', '2016-09-25 11:21:13'),
  (1280, 'Boisar - Vapi', 'No Descrripton', 517, 0, 0, 8, 4, 1, '2016-09-25 11:21:13', '2016-09-25 11:21:13'),
  (1283, 'Sugen - Vapi', 'No Descrripton', 517, 0, 0, 8, 4, 1, '2016-09-25 11:21:13', '2016-09-25 11:21:13'),
  (1286, 'Jabalpur - Vindhyachal', 'No Descrripton', 517, 0, 0, 8, 4, 1, '2016-09-25 11:21:13', '2016-09-25 11:21:13'),
  (1295, 'Satna - Vindhyachal', 'No Descrripton', 517, 0, 0, 8, 4, 1, '2016-09-25 11:21:13', '2016-09-25 11:21:13'),
  (1307, 'Sasan - Vindhyachal', 'No Descrripton', 517, 0, 0, 8, 4, 1, '2016-09-25 11:21:14', '2016-09-25 11:21:14'),
  (1310, 'Essar_Mahan - Vindhyachal', 'No Descrripton', 517, 0, 0, 8, 4, 1, '2016-09-25 11:21:14', '2016-09-25 11:21:14'),
  (1313, 'Vindhyachal-III - Vindhyachal-V', 'No Descrripton', 680, 0, 0, 8, 4, 1, '2016-09-25 11:21:14', '2016-09-25 11:21:14'),
  (1319, 'Vindhyachal-IV - Vindhyachal-V', 'No Descrripton', 680, 0, 0, 8, 4, 1, '2016-09-25 11:21:14', '2016-09-25 11:21:14'),
  (1325, 'Vindhyachal-IV - Vindhyachal-PS', 'No Descrripton', 517, 0, 0, 8, 4, 1, '2016-09-25 11:21:14', '2016-09-25 11:21:14'),
  (1331, 'Sasan - Vindhyachal-PS', 'No Descrripton', 517, 0, 0, 8, 4, 1, '2016-09-25 11:21:15', '2016-09-25 11:21:15'),
  (1337, 'Rihand - Vindhyachal-PS', 'No Descrripton', 691, 0, 0, 8, 4, 1, '2016-09-25 11:21:15', '2016-09-25 11:21:15'),
  (1338, 'Rihand', 'No Description', 0, 0, 0, 16, 4, 1, '2016-09-25 11:21:15', '2016-09-25 11:21:15'),
  (1343, 'Parli-PG - Wardha', 'No Descrripton', 680, 0, 0, 8, 4, 1, '2016-09-25 11:21:15', '2016-09-25 11:21:15'),
  (1349, 'Akola - Wardha', 'No Descrripton', 517, 0, 0, 8, 4, 1, '2016-09-25 11:21:15', '2016-09-25 11:21:15'),
  (1355, 'Mouda - Wardha', 'No Descrripton', 680, 0, 0, 8, 4, 1, '2016-09-25 11:21:15', '2016-09-25 11:21:15'),
  (1361, 'Wardha - Warora', 'No Descrripton', 517, 0, 0, 8, 4, 1, '2016-09-25 11:21:16', '2016-09-25 11:21:16'),
  (1364, 'Koradi-II - Wardha', 'No Descrripton', 680, 0, 0, 8, 4, 1, '2016-09-25 11:21:16', '2016-09-25 11:21:16'),
  (1367, 'Chandrapur-II - Warora', 'No Descrripton', 517, 0, 0, 8, 4, 1, '2016-09-25 11:21:16', '2016-09-25 11:21:16'),
  (1373, 'Bhinmal - Zerda(Kansari)', 'No Descrripton', 517, 0, 0, 8, 4, 1, '2016-09-25 11:21:16', '2016-09-25 11:21:16'),
  (1374, 'Bhinmal', 'No Description', 0, 0, 0, 16, 4, 1, '2016-09-25 11:21:16', '2016-09-25 11:21:16'),
  (1376, 'Kankroli - Zerda(Kansari)', 'No Descrripton', 517, 0, 0, 8, 4, 1, '2016-09-25 11:21:16', '2016-09-25 11:21:16'),
  (1377, 'Kankroli', 'No Description', 0, 0, 0, 16, 4, 1, '2016-09-25 11:21:16', '2016-09-25 11:21:16'),
  (1379, 'Varsana - Zerda(Kansari)', 'No Descrripton', 517, 0, 0, 8, 4, 1, '2016-09-25 11:21:17', '2016-09-25 11:21:17'),
  (1382, 'Akola(2) - Ektuni (Aurangabad(3))', 'No Descrripton', 2194, 0, 0, 8, 1, 1, '2016-09-25 11:21:17', '2016-09-25 11:21:17'),
  (1388, 'Aurangabad-PG - Wardha', 'No Descrripton', 2470, 0, 0, 8, 1, 1, '2016-09-25 11:21:17', '2016-09-25 11:21:17'),
  (1400, 'Aurangabad-PG - Solapur-PG', 'No Descrripton', 2470, 0, 0, 8, 1, 1, '2016-09-25 11:21:17', '2016-09-25 11:21:17'),
  (1402, 'Solapur-PG', 'No Description', 0, 0, 0, 16, 1, 1, '2016-09-25 11:21:17', '2016-09-25 11:21:17'),
  (1406, 'Bhopal-BDTCL - Indore-PG', 'No Descrripton', 2194, 0, 0, 8, 1, 1, '2016-09-25 11:21:17', '2016-09-25 11:21:17'),
  (1409, 'Bilaspur - Seoni', 'No Descrripton', 2194, 0, 0, 8, 1, 1, '2016-09-25 11:21:17', '2016-09-25 11:21:17'),
  (1415, 'Bilaspur - Dharamjaygarh', 'No Descrripton', 2194, 0, 0, 8, 1, 1, '2016-09-25 11:21:18', '2016-09-25 11:21:18'),
  (1418, 'Bina-PG - Gwalior', 'No Descrripton', 2194, 0, 0, 8, 1, 1, '2016-09-25 11:21:18', '2016-09-25 11:21:18'),
  (1421, 'Bina-PG - Jabalpur-PS', 'No Descrripton', 2194, 0, 0, 8, 1, 1, '2016-09-25 11:21:18', '2016-09-25 11:21:18'),
  (1430, 'Bina-PG - Indore-PG', 'No Descrripton', 2194, 0, 0, 8, 1, 1, '2016-09-25 11:21:18', '2016-09-25 11:21:18'),
  (1439, 'Bina-NHPTL - Bina-PG', 'No Descrripton', 2194, 0, 0, 8, 1, 1, '2016-09-25 11:21:19', '2016-09-25 11:21:19'),
  (1442, 'Dharamjaygarh - Ranchi', 'No Descrripton', 2194, 0, 0, 8, 1, 1, '2016-09-25 11:21:19', '2016-09-25 11:21:19'),
  (1444, 'Ranchi', 'No Description', 0, 0, 0, 16, 1, 1, '2016-09-25 11:21:19', '2016-09-25 11:21:19'),
  (1448, 'Dharamjaygarh - Raipur-PS(Durg)', 'No Descrripton', 2194, 0, 0, 8, 1, 1, '2016-09-25 11:21:19', '2016-09-25 11:21:19'),
  (1451, 'Dharamjaygarh - Jharsuguda', 'No Descrripton', 2470, 0, 0, 8, 1, 1, '2016-09-25 11:21:19', '2016-09-25 11:21:19');
INSERT INTO `elements` (`id`, `name`, `description`, `sil`, `stability_limit`, `thermal_limit`, `element_types_id`, `voltages_id`, `elem_num`, `created_at`, `updated_at`) VALUES
  (1453, 'Jharsuguda', 'No Description', 0, 0, 0, 16, 1, 1, '2016-09-25 11:21:19', '2016-09-25 11:21:19'),
  (1457, 'Dharamjaygarh - Jabalpur-PS', 'No Descrripton', 2470, 0, 0, 8, 1, 1, '2016-09-25 11:21:19', '2016-09-25 11:21:19'),
  (1469, 'Aurangabad-PG - Dhule-BDTCL', 'No Descrripton', 2194, 0, 0, 8, 1, 1, '2016-09-25 11:21:19', '2016-09-25 11:21:19'),
  (1472, 'Agra - Gwalior', 'No Descrripton', 2194, 0, 0, 8, 1, 1, '2016-09-25 11:21:20', '2016-09-25 11:21:20'),
  (1473, 'Agra', 'No Description', 0, 0, 0, 16, 1, 1, '2016-09-25 11:21:20', '2016-09-25 11:21:20'),
  (1478, 'Gwalior - Jaipur', 'No Descrripton', 2194, 0, 0, 8, 1, 1, '2016-09-25 11:21:20', '2016-09-25 11:21:20'),
  (1480, 'Jaipur', 'No Description', 0, 0, 0, 16, 1, 1, '2016-09-25 11:21:20', '2016-09-25 11:21:20'),
  (1484, 'Bhopal-BDTCL - Jabalpur-PS', 'No Descrripton', 2194, 0, 0, 8, 1, 1, '2016-09-25 11:21:20', '2016-09-25 11:21:20'),
  (1487, 'Kholpaur-PG* - Kudgi*', 'No Descrripton', 2470, 0, 0, 8, 1, 1, '2016-09-25 11:21:20', '2016-09-25 11:21:20'),
  (1488, 'Kholpaur-PG*', 'No Description', 0, 0, 0, 16, 1, 1, '2016-09-25 11:21:20', '2016-09-25 11:21:20'),
  (1489, 'Kudgi*', 'No Description', 0, 0, 0, 16, 1, 1, '2016-09-25 11:21:20', '2016-09-25 11:21:20'),
  (1493, 'Akola(2) - Koradi(III)', 'No Descrripton', 2194, 0, 0, 8, 1, 1, '2016-09-25 11:21:20', '2016-09-25 11:21:20'),
  (1499, 'Pune-PG(Shikrapur) - Solapur-PG', 'No Descrripton', 2194, 0, 0, 8, 1, 1, '2016-09-25 11:21:21', '2016-09-25 11:21:21'),
  (1502, 'Raigarh-PS(Kotra) - Raipur-PS(Durg)', 'No Descrripton', 2470, 0, 0, 8, 1, 1, '2016-09-25 11:21:21', '2016-09-25 11:21:21'),
  (1508, 'Raigarh-PS(Kotra) - Tamnar', 'No Descrripton', 2470, 0, 0, 8, 1, 1, '2016-09-25 11:21:21', '2016-09-25 11:21:21'),
  (1514, 'Champa - Raigarh-PS(Kotra)', 'No Descrripton', 2194, 0, 0, 8, 1, 1, '2016-09-25 11:21:21', '2016-09-25 11:21:21'),
  (1517, 'Champa - Raipur-PS(Durg)', 'No Descrripton', 2194, 0, 0, 8, 1, 1, '2016-09-25 11:21:21', '2016-09-25 11:21:21'),
  (1520, 'Sasan - Satna', 'No Descrripton', 2194, 0, 0, 8, 1, 1, '2016-09-25 11:21:21', '2016-09-25 11:21:21'),
  (1526, 'Sasan - Vindhyachal-PS', 'No Descrripton', 2194, 0, 0, 8, 1, 1, '2016-09-25 11:21:21', '2016-09-25 11:21:21'),
  (1529, 'Gwalior - Satna', 'No Descrripton', 2194, 0, 0, 8, 1, 1, '2016-09-25 11:21:22', '2016-09-25 11:21:22'),
  (1535, 'Bina-PG - Satna', 'No Descrripton', 2194, 0, 0, 8, 1, 1, '2016-09-25 11:21:22', '2016-09-25 11:21:22'),
  (1541, 'Satna - Vindhyachal-PS', 'No Descrripton', 2194, 0, 0, 8, 1, 1, '2016-09-25 11:21:22', '2016-09-25 11:21:22'),
  (1547, 'Bina-PG - Seoni', 'No Descrripton', 2194, 0, 0, 8, 1, 1, '2016-09-25 11:21:22', '2016-09-25 11:21:22'),
  (1550, 'Seoni - Wardha', 'No Descrripton', 2194, 0, 0, 8, 1, 1, '2016-09-25 11:21:22', '2016-09-25 11:21:22'),
  (1556, 'Bilaspur - Sipat', 'No Descrripton', 2194, 0, 0, 8, 1, 1, '2016-09-25 11:21:22', '2016-09-25 11:21:22'),
  (1562, 'Raichur - Solapur', 'No Descrripton', 2194, 0, 0, 8, 1, 1, '2016-09-25 11:21:23', '2016-09-25 11:21:23'),
  (1563, 'Raichur', 'No Description', 0, 0, 0, 16, 1, 1, '2016-09-25 11:21:23', '2016-09-25 11:21:23'),
  (1568, 'Koradi(III) - Tiroda', 'No Descrripton', 2194, 0, 0, 8, 1, 1, '2016-09-25 11:21:23', '2016-09-25 11:21:23'),
  (1574, 'Indore-PG - Vadodora-PS', 'No Descrripton', 2194, 0, 0, 8, 1, 1, '2016-09-25 11:21:23', '2016-09-25 11:21:23'),
  (1577, 'Dhule-BDTCL - Vadodora-PS', 'No Descrripton', 2194, 0, 0, 8, 1, 1, '2016-09-25 11:21:23', '2016-09-25 11:21:23'),
  (1580, 'Raipur-PS(Durg) - Wardha', 'No Descrripton', 2470, 0, 0, 8, 1, 1, '2016-09-25 11:21:23', '2016-09-25 11:21:23'),
  (1586, 'Bina-NTS - Bina-NTS', 'No Descrripton', 0, 0, 0, 8, 2, 1, '2016-09-25 11:21:23', '2016-09-25 11:21:23'),
  (1589, 'Anuppur - Kotmikala', 'No Descrripton', 0, 0, 0, 8, 3, 1, '2016-09-25 11:21:23', '2016-09-25 11:21:23'),
  (1590, 'Anuppur', 'No Description', 0, 0, 0, 16, 3, 1, '2016-09-25 11:21:23', '2016-09-25 11:21:23'),
  (1591, 'Kotmikala', 'No Description', 0, 0, 0, 16, 3, 1, '2016-09-25 11:21:23', '2016-09-25 11:21:23'),
  (1595, 'Auraiya - Malanpur', 'No Descrripton', 0, 0, 0, 8, 3, 1, '2016-09-25 11:21:24', '2016-09-25 11:21:24'),
  (1596, 'Auraiya', 'No Description', 0, 0, 0, 16, 3, 1, '2016-09-25 11:21:24', '2016-09-25 11:21:24'),
  (1597, 'Malanpur', 'No Description', 0, 0, 0, 16, 3, 1, '2016-09-25 11:21:24', '2016-09-25 11:21:24'),
  (1598, 'Auraiya - Mehgaon', 'No Descrripton', 0, 0, 0, 8, 3, 1, '2016-09-25 11:21:24', '2016-09-25 11:21:24'),
  (1600, 'Mehgaon', 'No Description', 0, 0, 0, 16, 3, 1, '2016-09-25 11:21:24', '2016-09-25 11:21:24'),
  (1601, 'Aurangabad-PG - Chitegoan', 'No Descrripton', 0, 0, 0, 8, 3, 1, '2016-09-25 11:21:24', '2016-09-25 11:21:24'),
  (1602, 'Aurangabad-PG', 'No Description', 0, 0, 0, 16, 3, 1, '2016-09-25 11:21:24', '2016-09-25 11:21:24'),
  (1603, 'Chitegoan', 'No Description', 0, 0, 0, 16, 3, 1, '2016-09-25 11:21:24', '2016-09-25 11:21:24'),
  (1607, 'Aurangabad-PG - Shendra', 'No Descrripton', 0, 0, 0, 8, 3, 1, '2016-09-25 11:21:24', '2016-09-25 11:21:24'),
  (1609, 'Shendra', 'No Description', 0, 0, 0, 16, 3, 1, '2016-09-25 11:21:24', '2016-09-25 11:21:24'),
  (1613, 'Badod - Sakatpur', 'No Descrripton', 0, 0, 0, 8, 3, 1, '2016-09-25 11:21:24', '2016-09-25 11:21:24'),
  (1614, 'Badod', 'No Description', 0, 0, 0, 16, 3, 1, '2016-09-25 11:21:24', '2016-09-25 11:21:24'),
  (1615, 'Sakatpur', 'No Description', 0, 0, 0, 16, 3, 1, '2016-09-25 11:21:24', '2016-09-25 11:21:24'),
  (1616, 'Badod - Nepniya', 'No Descrripton', 0, 0, 0, 8, 3, 1, '2016-09-25 11:21:24', '2016-09-25 11:21:24'),
  (1618, 'Nepniya', 'No Description', 0, 0, 0, 16, 3, 1, '2016-09-25 11:21:24', '2016-09-25 11:21:24'),
  (1619, 'Bhanpura - Modak', 'No Descrripton', 0, 0, 0, 8, 3, 1, '2016-09-25 11:21:25', '2016-09-25 11:21:25'),
  (1620, 'Bhanpura', 'No Description', 0, 0, 0, 16, 3, 1, '2016-09-25 11:21:25', '2016-09-25 11:21:25'),
  (1621, 'Modak', 'No Description', 0, 0, 0, 16, 3, 1, '2016-09-25 11:21:25', '2016-09-25 11:21:25'),
  (1622, 'Bhatapara-CG - Bhatapara-PG', 'No Descrripton', 0, 0, 0, 8, 3, 1, '2016-09-25 11:21:25', '2016-09-25 11:21:25'),
  (1623, 'Bhatapara-CG', 'No Description', 0, 0, 0, 16, 3, 1, '2016-09-25 11:21:25', '2016-09-25 11:21:25'),
  (1624, 'Bhatapara-PG', 'No Description', 0, 0, 0, 16, 3, 1, '2016-09-25 11:21:25', '2016-09-25 11:21:25'),
  (1625, 'Bhatapara-PG - Suhela', 'No Descrripton', 0, 0, 0, 8, 3, 1, '2016-09-25 11:21:25', '2016-09-25 11:21:25'),
  (1627, 'Suhela', 'No Description', 0, 0, 0, 16, 3, 1, '2016-09-25 11:21:25', '2016-09-25 11:21:25'),
  (1634, 'Bhilad - Vapi-PG', 'No Descrripton', 0, 0, 0, 8, 3, 1, '2016-09-25 11:21:25', '2016-09-25 11:21:25'),
  (1635, 'Bhilad', 'No Description', 0, 0, 0, 16, 3, 1, '2016-09-25 11:21:25', '2016-09-25 11:21:25'),
  (1636, 'Vapi-PG', 'No Description', 0, 0, 0, 16, 3, 1, '2016-09-25 11:21:25', '2016-09-25 11:21:25'),
  (1643, 'Bina-MP - Bina-PG', 'No Descrripton', 0, 0, 0, 8, 3, 1, '2016-09-25 11:21:25', '2016-09-25 11:21:25'),
  (1644, 'Bina-MP', 'No Description', 0, 0, 0, 16, 3, 1, '2016-09-25 11:21:25', '2016-09-25 11:21:25'),
  (1645, 'Bina-PG', 'No Description', 0, 0, 0, 16, 3, 1, '2016-09-25 11:21:25', '2016-09-25 11:21:25'),
  (1646, 'Bina-MP - Shivpuri', 'No Descrripton', 0, 0, 0, 8, 3, 1, '2016-09-25 11:21:26', '2016-09-25 11:21:26'),
  (1648, 'Shivpuri', 'No Description', 0, 0, 0, 16, 3, 1, '2016-09-25 11:21:26', '2016-09-25 11:21:26'),
  (1649, 'Bina-MP - Mahalgaon', 'No Descrripton', 0, 0, 0, 8, 3, 1, '2016-09-25 11:21:26', '2016-09-25 11:21:26'),
  (1651, 'Mahalgaon', 'No Description', 0, 0, 0, 16, 3, 1, '2016-09-25 11:21:26', '2016-09-25 11:21:26'),
  (1655, 'Boisar-PG - Vasai', 'No Descrripton', 0, 0, 0, 8, 3, 1, '2016-09-25 11:21:26', '2016-09-25 11:21:26'),
  (1656, 'Boisar-PG', 'No Description', 0, 0, 0, 16, 3, 1, '2016-09-25 11:21:26', '2016-09-25 11:21:26'),
  (1657, 'Vasai', 'No Description', 0, 0, 0, 16, 3, 1, '2016-09-25 11:21:26', '2016-09-25 11:21:26'),
  (1658, 'Boisar-M - Boisar-PG', 'No Descrripton', 0, 0, 0, 8, 3, 1, '2016-09-25 11:21:26', '2016-09-25 11:21:26'),
  (1659, 'Boisar-M', 'No Description', 0, 0, 0, 16, 3, 1, '2016-09-25 11:21:26', '2016-09-25 11:21:26'),
  (1664, 'Damoh-MP - Damoh-PG', 'No Descrripton', 0, 0, 0, 8, 3, 1, '2016-09-25 11:21:26', '2016-09-25 11:21:26'),
  (1665, 'Damoh-MP', 'No Description', 0, 0, 0, 16, 3, 1, '2016-09-25 11:21:26', '2016-09-25 11:21:26'),
  (1666, 'Damoh-PG', 'No Description', 0, 0, 0, 16, 3, 1, '2016-09-25 11:21:26', '2016-09-25 11:21:26'),
  (1670, 'Damoh-PG - Sagar', 'No Descrripton', 0, 0, 0, 8, 3, 1, '2016-09-25 11:21:26', '2016-09-25 11:21:26'),
  (1672, 'Sagar', 'No Description', 0, 0, 0, 16, 3, 1, '2016-09-25 11:21:26', '2016-09-25 11:21:26'),
  (1673, 'Damoh-PG - Tikamgad', 'No Descrripton', 0, 0, 0, 8, 3, 1, '2016-09-25 11:21:26', '2016-09-25 11:21:26'),
  (1675, 'Tikamgad', 'No Description', 0, 0, 0, 16, 3, 1, '2016-09-25 11:21:26', '2016-09-25 11:21:26'),
  (1676, 'Dehgam - Ranasan', 'No Descrripton', 0, 0, 0, 8, 3, 1, '2016-09-25 11:21:26', '2016-09-25 11:21:26'),
  (1677, 'Dehgam', 'No Description', 0, 0, 0, 16, 3, 1, '2016-09-25 11:21:26', '2016-09-25 11:21:26'),
  (1678, 'Ranasan', 'No Description', 0, 0, 0, 16, 3, 1, '2016-09-25 11:21:26', '2016-09-25 11:21:26'),
  (1682, 'Dehgam - Khanpur', 'No Descrripton', 0, 0, 0, 8, 3, 1, '2016-09-25 11:21:27', '2016-09-25 11:21:27'),
  (1684, 'Khanpur', 'No Description', 0, 0, 0, 16, 3, 1, '2016-09-25 11:21:27', '2016-09-25 11:21:27'),
  (1688, 'Gandhar - Haldarwa', 'No Descrripton', 0, 0, 0, 8, 3, 1, '2016-09-25 11:21:27', '2016-09-25 11:21:27'),
  (1689, 'Gandhar', 'No Description', 0, 0, 0, 16, 3, 1, '2016-09-25 11:21:27', '2016-09-25 11:21:27'),
  (1690, 'Haldarwa', 'No Description', 0, 0, 0, 16, 3, 1, '2016-09-25 11:21:27', '2016-09-25 11:21:27'),
  (1694, 'Gwalior - Malanpur', 'No Descrripton', 0, 0, 0, 8, 3, 1, '2016-09-25 11:21:27', '2016-09-25 11:21:27'),
  (1695, 'Gwalior', 'No Description', 0, 0, 0, 16, 3, 1, '2016-09-25 11:21:27', '2016-09-25 11:21:27'),
  (1700, 'Gwalior - Mahalgaon', 'No Descrripton', 0, 0, 0, 8, 3, 1, '2016-09-25 11:21:27', '2016-09-25 11:21:27'),
  (1706, 'Gwalior - Gwalior-II', 'No Descrripton', 0, 0, 0, 8, 3, 1, '2016-09-25 11:21:27', '2016-09-25 11:21:27'),
  (1708, 'Gwalior-II', 'No Description', 0, 0, 0, 16, 3, 1, '2016-09-25 11:21:27', '2016-09-25 11:21:27'),
  (1712, 'Halkarni - Tillari', 'No Descrripton', 0, 0, 0, 8, 3, 1, '2016-09-25 11:21:28', '2016-09-25 11:21:28'),
  (1713, 'Halkarni', 'No Description', 0, 0, 0, 16, 3, 1, '2016-09-25 11:21:28', '2016-09-25 11:21:28'),
  (1714, 'Tillari', 'No Description', 0, 0, 0, 16, 3, 1, '2016-09-25 11:21:28', '2016-09-25 11:21:28'),
  (1715, 'Bhimasar - Halvad', 'No Descrripton', 0, 0, 0, 8, 3, 1, '2016-09-25 11:21:28', '2016-09-25 11:21:28'),
  (1716, 'Bhimasar', 'No Description', 0, 0, 0, 16, 3, 1, '2016-09-25 11:21:28', '2016-09-25 11:21:28'),
  (1717, 'Halvad', 'No Description', 0, 0, 0, 16, 3, 1, '2016-09-25 11:21:28', '2016-09-25 11:21:28'),
  (1721, 'Hoshangabad - Itarsi-PG', 'No Descrripton', 0, 0, 0, 8, 3, 1, '2016-09-25 11:21:28', '2016-09-25 11:21:28'),
  (1722, 'Hoshangabad', 'No Description', 0, 0, 0, 16, 3, 1, '2016-09-25 11:21:28', '2016-09-25 11:21:28'),
  (1723, 'Itarsi-PG', 'No Description', 0, 0, 0, 16, 3, 1, '2016-09-25 11:21:28', '2016-09-25 11:21:28'),
  (1724, 'Itarsi - Itarsi-PG', 'No Descrripton', 0, 0, 0, 8, 3, 1, '2016-09-25 11:21:28', '2016-09-25 11:21:28'),
  (1725, 'Itarsi', 'No Description', 0, 0, 0, 16, 3, 1, '2016-09-25 11:21:28', '2016-09-25 11:21:28'),
  (1727, 'Jabalpur - Jabalpur-PG', 'No Descrripton', 0, 0, 0, 8, 3, 1, '2016-09-25 11:21:28', '2016-09-25 11:21:28'),
  (1728, 'Jabalpur', 'No Description', 0, 0, 0, 16, 3, 1, '2016-09-25 11:21:28', '2016-09-25 11:21:28'),
  (1729, 'Jabalpur-PG', 'No Description', 0, 0, 0, 16, 3, 1, '2016-09-25 11:21:28', '2016-09-25 11:21:28'),
  (1733, 'Haldarwa - Kakrapar', 'No Descrripton', 0, 0, 0, 8, 3, 1, '2016-09-25 11:21:28', '2016-09-25 11:21:28'),
  (1735, 'Kakrapar', 'No Description', 0, 0, 0, 16, 3, 1, '2016-09-25 11:21:28', '2016-09-25 11:21:28'),
  (1739, 'Kakrapar - Vav', 'No Descrripton', 0, 0, 0, 8, 3, 1, '2016-09-25 11:21:29', '2016-09-25 11:21:29'),
  (1741, 'Vav', 'No Description', 0, 0, 0, 16, 3, 1, '2016-09-25 11:21:29', '2016-09-25 11:21:29'),
  (1745, 'Kakrapar - Vapi-PG', 'No Descrripton', 0, 0, 0, 8, 3, 1, '2016-09-25 11:21:29', '2016-09-25 11:21:29'),
  (1751, 'Kala - Kharadpada-PG', 'No Descrripton', 0, 0, 0, 8, 3, 1, '2016-09-25 11:21:29', '2016-09-25 11:21:29'),
  (1752, 'Kala', 'No Description', 0, 0, 0, 16, 3, 1, '2016-09-25 11:21:29', '2016-09-25 11:21:29'),
  (1753, 'Kharadpada-PG', 'No Description', 0, 0, 0, 16, 3, 1, '2016-09-25 11:21:29', '2016-09-25 11:21:29'),
  (1757, 'Kala - Khadoli', 'No Descrripton', 0, 0, 0, 8, 3, 1, '2016-09-25 11:21:29', '2016-09-25 11:21:29'),
  (1759, 'Khadoli', 'No Description', 0, 0, 0, 16, 3, 1, '2016-09-25 11:21:29', '2016-09-25 11:21:29'),
  (1763, 'Katni - Satna-PG', 'No Descrripton', 0, 0, 0, 8, 3, 1, '2016-09-25 11:21:29', '2016-09-25 11:21:29'),
  (1764, 'Katni', 'No Description', 0, 0, 0, 16, 3, 1, '2016-09-25 11:21:29', '2016-09-25 11:21:29'),
  (1765, 'Satna-PG', 'No Description', 0, 0, 0, 16, 3, 1, '2016-09-25 11:21:29', '2016-09-25 11:21:29'),
  (1766, 'Haldarwa - Kawas', 'No Descrripton', 0, 0, 0, 8, 3, 1, '2016-09-25 11:21:29', '2016-09-25 11:21:29'),
  (1768, 'Kawas', 'No Description', 0, 0, 0, 16, 3, 1, '2016-09-25 11:21:29', '2016-09-25 11:21:29'),
  (1772, 'Kawas - Navsari-PG', 'No Descrripton', 0, 0, 0, 8, 3, 1, '2016-09-25 11:21:30', '2016-09-25 11:21:30'),
  (1774, 'Navsari-PG', 'No Description', 0, 0, 0, 16, 3, 1, '2016-09-25 11:21:30', '2016-09-25 11:21:30'),
  (1778, 'Kawas - Vav', 'No Descrripton', 0, 0, 0, 8, 3, 1, '2016-09-25 11:21:30', '2016-09-25 11:21:30'),
  (1784, 'Ichchapur - Kawas', 'No Descrripton', 0, 0, 0, 8, 3, 1, '2016-09-25 11:21:30', '2016-09-25 11:21:30'),
  (1785, 'Ichchapur', 'No Description', 0, 0, 0, 16, 3, 1, '2016-09-25 11:21:30', '2016-09-25 11:21:30'),
  (1790, 'Khandwa - Omkareswar', 'No Descrripton', 0, 0, 0, 8, 3, 1, '2016-09-25 11:21:30', '2016-09-25 11:21:30'),
  (1791, 'Khandwa', 'No Description', 0, 0, 0, 16, 3, 1, '2016-09-25 11:21:30', '2016-09-25 11:21:30'),
  (1792, 'Omkareswar', 'No Description', 0, 0, 0, 16, 3, 1, '2016-09-25 11:21:30', '2016-09-25 11:21:30'),
  (1793, 'Kharadpada-DNH - Kharadpada-PG', 'No Descrripton', 0, 0, 0, 8, 3, 1, '2016-09-25 11:21:30', '2016-09-25 11:21:30'),
  (1794, 'Kharadpada-DNH', 'No Description', 0, 0, 0, 16, 3, 1, '2016-09-25 11:21:30', '2016-09-25 11:21:30'),
  (1799, 'Kolhapur - Mumbewadi', 'No Descrripton', 0, 0, 0, 8, 3, 1, '2016-09-25 11:21:31', '2016-09-25 11:21:31'),
  (1800, 'Kolhapur', 'No Description', 0, 0, 0, 16, 3, 1, '2016-09-25 11:21:31', '2016-09-25 11:21:31'),
  (1801, 'Mumbewadi', 'No Description', 0, 0, 0, 16, 3, 1, '2016-09-25 11:21:31', '2016-09-25 11:21:31'),
  (1802, 'Chikkodi - Kolhapur(Mudshingi)', 'No Descrripton', 0, 0, 0, 8, 3, 1, '2016-09-25 11:21:31', '2016-09-25 11:21:31'),
  (1803, 'Chikkodi', 'No Description', 0, 0, 0, 16, 3, 1, '2016-09-25 11:21:31', '2016-09-25 11:21:31'),
  (1804, 'Kolhapur(Mudshingi)', 'No Description', 0, 0, 0, 16, 3, 1, '2016-09-25 11:21:31', '2016-09-25 11:21:31'),
  (1805, 'Kolhapur(Mudshingi) - Kolhapur(Talandage)', 'No Descrripton', 0, 0, 0, 8, 3, 1, '2016-09-25 11:21:31', '2016-09-25 11:21:31'),
  (1807, 'Kolhapur(Talandage)', 'No Description', 0, 0, 0, 16, 3, 1, '2016-09-25 11:21:31', '2016-09-25 11:21:31'),
  (1811, 'Chikkodi - Kolhapur(Talandage)', 'No Descrripton', 0, 0, 0, 8, 3, 1, '2016-09-25 11:21:31', '2016-09-25 11:21:31'),
  (1814, 'Amona - Konalkatta', 'No Descrripton', 0, 0, 0, 8, 3, 1, '2016-09-25 11:21:31', '2016-09-25 11:21:31'),
  (1815, 'Amona', 'No Description', 0, 0, 0, 16, 3, 1, '2016-09-25 11:21:31', '2016-09-25 11:21:31'),
  (1816, 'Konalkatta', 'No Description', 0, 0, 0, 16, 3, 1, '2016-09-25 11:21:31', '2016-09-25 11:21:31'),
  (1817, 'Budhipadar - Korba East', 'No Descrripton', 0, 0, 0, 8, 3, 1, '2016-09-25 11:21:31', '2016-09-25 11:21:31'),
  (1818, 'Budhipadar', 'No Description', 0, 0, 0, 16, 3, 1, '2016-09-25 11:21:31', '2016-09-25 11:21:31'),
  (1819, 'Korba East', 'No Description', 0, 0, 0, 16, 3, 1, '2016-09-25 11:21:31', '2016-09-25 11:21:31'),
  (1823, 'Korba East - Raigarh', 'No Descrripton', 0, 0, 0, 8, 3, 1, '2016-09-25 11:21:31', '2016-09-25 11:21:31'),
  (1825, 'Raigarh', 'No Description', 0, 0, 0, 16, 3, 1, '2016-09-25 11:21:32', '2016-09-25 11:21:32'),
  (1826, 'Magarwada-DD - Magarwada-PG', 'No Descrripton', 0, 0, 0, 8, 3, 1, '2016-09-25 11:21:32', '2016-09-25 11:21:32'),
  (1827, 'Magarwada-DD', 'No Description', 0, 0, 0, 16, 3, 1, '2016-09-25 11:21:32', '2016-09-25 11:21:32'),
  (1828, 'Magarwada-PG', 'No Description', 0, 0, 0, 16, 3, 1, '2016-09-25 11:21:32', '2016-09-25 11:21:32'),
  (1832, 'Amona - Mapusa', 'No Descrripton', 0, 0, 0, 8, 3, 1, '2016-09-25 11:21:32', '2016-09-25 11:21:32'),
  (1834, 'Mapusa', 'No Description', 0, 0, 0, 16, 3, 1, '2016-09-25 11:21:32', '2016-09-25 11:21:32'),
  (1835, 'Mapusa - Ponda', 'No Descrripton', 0, 0, 0, 8, 3, 1, '2016-09-25 11:21:32', '2016-09-25 11:21:32'),
  (1837, 'Ponda', 'No Description', 0, 0, 0, 16, 3, 1, '2016-09-25 11:21:32', '2016-09-25 11:21:32'),
  (1838, 'Mapusa - Tivim', 'No Descrripton', 0, 0, 0, 8, 3, 1, '2016-09-25 11:21:32', '2016-09-25 11:21:32'),
  (1840, 'Tivim', 'No Description', 0, 0, 0, 16, 3, 1, '2016-09-25 11:21:32', '2016-09-25 11:21:32'),
  (1844, 'Malanpur - Mehgaon', 'No Descrripton', 0, 0, 0, 8, 3, 1, '2016-09-25 11:21:32', '2016-09-25 11:21:32'),
  (1847, 'Hadala - Morbi', 'No Descrripton', 0, 0, 0, 8, 3, 1, '2016-09-25 11:21:32', '2016-09-25 11:21:32'),
  (1848, 'Hadala', 'No Description', 0, 0, 0, 16, 3, 1, '2016-09-25 11:21:32', '2016-09-25 11:21:32'),
  (1849, 'Morbi', 'No Description', 0, 0, 0, 16, 3, 1, '2016-09-25 11:21:32', '2016-09-25 11:21:32'),
  (1850, 'Halvad - Morbi', 'No Descrripton', 0, 0, 0, 8, 3, 1, '2016-09-25 11:21:32', '2016-09-25 11:21:32'),
  (1853, 'Halkarni - Mumewadi', 'No Descrripton', 0, 0, 0, 8, 3, 1, '2016-09-25 11:21:33', '2016-09-25 11:21:33'),
  (1855, 'Mumewadi', 'No Description', 0, 0, 0, 16, 3, 1, '2016-09-25 11:21:33', '2016-09-25 11:21:33'),
  (1856, 'Nasik - Navsari', 'No Descrripton', 0, 0, 0, 8, 3, 1, '2016-09-25 11:21:33', '2016-09-25 11:21:33'),
  (1857, 'Nasik', 'No Description', 0, 0, 0, 16, 3, 1, '2016-09-25 11:21:33', '2016-09-25 11:21:33'),
  (1858, 'Navsari', 'No Description', 0, 0, 0, 16, 3, 1, '2016-09-25 11:21:33', '2016-09-25 11:21:33'),
  (1862, 'Navsari - Navsari-PG', 'No Descrripton', 0, 0, 0, 8, 3, 1, '2016-09-25 11:21:33', '2016-09-25 11:21:33'),
  (1868, 'Bhanpura - Nepniya', 'No Descrripton', 0, 0, 0, 8, 3, 1, '2016-09-25 11:21:33', '2016-09-25 11:21:33'),
  (1871, 'Kalmeshwar - Pandurna', 'No Descrripton', 0, 0, 0, 8, 3, 1, '2016-09-25 11:21:33', '2016-09-25 11:21:33'),
  (1872, 'Kalmeshwar', 'No Description', 0, 0, 0, 16, 3, 1, '2016-09-25 11:21:33', '2016-09-25 11:21:33'),
  (1873, 'Pandurna', 'No Description', 0, 0, 0, 16, 3, 1, '2016-09-25 11:21:33', '2016-09-25 11:21:33'),
  (1874, 'Pithampura - Rajgarh-PG', 'No Descrripton', 0, 0, 0, 8, 3, 1, '2016-09-25 11:21:33', '2016-09-25 11:21:33'),
  (1875, 'Pithampura', 'No Description', 0, 0, 0, 16, 3, 1, '2016-09-25 11:21:33', '2016-09-25 11:21:33'),
  (1876, 'Rajgarh-PG', 'No Description', 0, 0, 0, 16, 3, 1, '2016-09-25 11:21:33', '2016-09-25 11:21:33'),
  (1880, 'Ambewadi - Ponda', 'No Descrripton', 0, 0, 0, 8, 3, 1, '2016-09-25 11:21:34', '2016-09-25 11:21:34'),
  (1881, 'Ambewadi', 'No Description', 0, 0, 0, 16, 3, 1, '2016-09-25 11:21:34', '2016-09-25 11:21:34'),
  (1883, 'Bhudhipadar - Raigarh-CG', 'No Descrripton', 0, 0, 0, 8, 3, 1, '2016-09-25 11:21:34', '2016-09-25 11:21:34'),
  (1884, 'Bhudhipadar', 'No Description', 0, 0, 0, 16, 3, 1, '2016-09-25 11:21:34', '2016-09-25 11:21:34'),
  (1885, 'Raigarh-CG', 'No Description', 0, 0, 0, 16, 3, 1, '2016-09-25 11:21:34', '2016-09-25 11:21:34'),
  (1886, 'Raigarh-CG - Raigarh-PG', 'No Descrripton', 0, 0, 0, 8, 3, 1, '2016-09-25 11:21:34', '2016-09-25 11:21:34'),
  (1888, 'Raigarh-PG', 'No Description', 0, 0, 0, 16, 3, 1, '2016-09-25 11:21:34', '2016-09-25 11:21:34'),
  (1892, 'Rajgarh-MP - Rajgarh-PG', 'No Descrripton', 0, 0, 0, 8, 3, 1, '2016-09-25 11:21:34', '2016-09-25 11:21:34'),
  (1893, 'Rajgarh-MP', 'No Description', 0, 0, 0, 16, 3, 1, '2016-09-25 11:21:34', '2016-09-25 11:21:34'),
  (1895, 'Dhar - Rajgarh-PG', 'No Descrripton', 0, 0, 0, 8, 3, 1, '2016-09-25 11:21:34', '2016-09-25 11:21:34'),
  (1896, 'Dhar', 'No Description', 0, 0, 0, 16, 3, 1, '2016-09-25 11:21:34', '2016-09-25 11:21:34'),
  (1898, 'Satna-MP - Satna-PG', 'No Descrripton', 0, 0, 0, 8, 3, 1, '2016-09-25 11:21:34', '2016-09-25 11:21:34'),
  (1899, 'Satna-MP', 'No Description', 0, 0, 0, 16, 3, 1, '2016-09-25 11:21:34', '2016-09-25 11:21:34'),
  (1904, 'Maihar - Satna-PG', 'No Descrripton', 0, 0, 0, 8, 3, 1, '2016-09-25 11:21:35', '2016-09-25 11:21:35'),
  (1905, 'Maihar', 'No Description', 0, 0, 0, 16, 3, 1, '2016-09-25 11:21:35', '2016-09-25 11:21:35'),
  (1907, 'Seoni-MP - Seoni-PG', 'No Descrripton', 0, 0, 0, 8, 3, 1, '2016-09-25 11:21:35', '2016-09-25 11:21:35'),
  (1908, 'Seoni-MP', 'No Description', 0, 0, 0, 16, 3, 1, '2016-09-25 11:21:35', '2016-09-25 11:21:35'),
  (1909, 'Seoni-PG', 'No Description', 0, 0, 0, 16, 3, 1, '2016-09-25 11:21:35', '2016-09-25 11:21:35'),
  (1913, 'Chindwara - Seoni-PG', 'No Descrripton', 0, 0, 0, 8, 3, 1, '2016-09-25 11:21:35', '2016-09-25 11:21:35'),
  (1914, 'Chindwara', 'No Description', 0, 0, 0, 16, 3, 1, '2016-09-25 11:21:35', '2016-09-25 11:21:35'),
  (1919, 'Kumbari - Sholapur-PG', 'No Descrripton', 0, 0, 0, 8, 3, 1, '2016-09-25 11:21:35', '2016-09-25 11:21:35'),
  (1920, 'Kumbari', 'No Description', 0, 0, 0, 16, 3, 1, '2016-09-25 11:21:35', '2016-09-25 11:21:35'),
  (1921, 'Sholapur-PG', 'No Description', 0, 0, 0, 16, 3, 1, '2016-09-25 11:21:35', '2016-09-25 11:21:35'),
  (1925, 'Shujalpur - Shujalpur-MP', 'No Descrripton', 0, 0, 0, 8, 3, 1, '2016-09-25 11:21:35', '2016-09-25 11:21:35'),
  (1926, 'Shujalpur', 'No Description', 0, 0, 0, 16, 3, 1, '2016-09-25 11:21:35', '2016-09-25 11:21:35'),
  (1927, 'Shujalpur-MP', 'No Description', 0, 0, 0, 16, 3, 1, '2016-09-25 11:21:35', '2016-09-25 11:21:35'),
  (1931, 'Pune-PG - Talegaon', 'No Descrripton', 0, 0, 0, 8, 3, 1, '2016-09-25 11:21:35', '2016-09-25 11:21:35'),
  (1932, 'Pune-PG', 'No Description', 0, 0, 0, 16, 3, 1, '2016-09-25 11:21:35', '2016-09-25 11:21:35'),
  (1933, 'Talegaon', 'No Description', 0, 0, 0, 16, 3, 1, '2016-09-25 11:21:35', '2016-09-25 11:21:35'),
  (1937, 'Tarapur-1&2 - Vapi', 'No Descrripton', 0, 0, 0, 8, 3, 1, '2016-09-25 11:21:36', '2016-09-25 11:21:36'),
  (1938, 'Tarapur-1&2', 'No Description', 0, 0, 0, 16, 3, 1, '2016-09-25 11:21:36', '2016-09-25 11:21:36'),
  (1939, 'Vapi', 'No Description', 0, 0, 0, 16, 3, 1, '2016-09-25 11:21:36', '2016-09-25 11:21:36'),
  (1940, 'Bhilad - Tarapur-1&2', 'No Descrripton', 0, 0, 0, 8, 3, 1, '2016-09-25 11:21:36', '2016-09-25 11:21:36'),
  (1943, 'Boisar-M - Tarapur-1&2', 'No Descrripton', 0, 0, 0, 8, 3, 1, '2016-09-25 11:21:36', '2016-09-25 11:21:36'),
  (1946, 'Borivali - Tarapur-1&2', 'No Descrripton', 0, 0, 0, 8, 3, 1, '2016-09-25 11:21:36', '2016-09-25 11:21:36'),
  (1947, 'Borivali', 'No Description', 0, 0, 0, 16, 3, 1, '2016-09-25 11:21:36', '2016-09-25 11:21:36'),
  (1949, 'Boisar-PG - Tarapur-3&4', 'No Descrripton', 0, 0, 0, 8, 3, 1, '2016-09-25 11:21:36', '2016-09-25 11:21:36'),
  (1951, 'Tarapur-3&4', 'No Description', 0, 0, 0, 16, 3, 1, '2016-09-25 11:21:36', '2016-09-25 11:21:36'),
  (1952, 'Tarapur-1&2 - Tarapur-3&4', 'No Descrripton', 0, 0, 0, 8, 3, 1, '2016-09-25 11:21:36', '2016-09-25 11:21:36'),
  (1955, 'Amona - Tillari', 'No Descrripton', 0, 0, 0, 8, 3, 1, '2016-09-25 11:21:37', '2016-09-25 11:21:37'),
  (1958, 'Magarwada - Vapi-PG', 'No Descrripton', 0, 0, 0, 8, 3, 1, '2016-09-25 11:21:37', '2016-09-25 11:21:37'),
  (1959, 'Magarwada', 'No Description', 0, 0, 0, 16, 3, 1, '2016-09-25 11:21:37', '2016-09-25 11:21:37'),
  (1964, 'Kharadpada-DNH - Vapi-PG', 'No Descrripton', 0, 0, 0, 8, 3, 1, '2016-09-25 11:21:37', '2016-09-25 11:21:37'),
  (1970, 'Khadoli - Vapi-PG', 'No Descrripton', 0, 0, 0, 8, 3, 1, '2016-09-25 11:21:38', '2016-09-25 11:21:38'),
  (1973, 'Sayali - Vapi-PG', 'No Descrripton', 0, 0, 0, 8, 3, 1, '2016-09-25 11:21:38', '2016-09-25 11:21:38'),
  (1974, 'Sayali', 'No Description', 0, 0, 0, 16, 3, 1, '2016-09-25 11:21:38', '2016-09-25 11:21:38'),
  (1976, 'Wardha-M - Wardha-PG', 'No Descrripton', 0, 0, 0, 8, 3, 1, '2016-09-25 11:21:38', '2016-09-25 11:21:38'),
  (1977, 'Wardha-M', 'No Description', 0, 0, 0, 16, 3, 1, '2016-09-25 11:21:38', '2016-09-25 11:21:38'),
  (1978, 'Wardha-PG', 'No Description', 0, 0, 0, 16, 3, 1, '2016-09-25 11:21:38', '2016-09-25 11:21:38'),
  (1979, 'Badnera - Wardha-PG', 'No Descrripton', 0, 0, 0, 8, 3, 1, '2016-09-25 11:21:38', '2016-09-25 11:21:38'),
  (1980, 'Badnera', 'No Description', 0, 0, 0, 16, 3, 1, '2016-09-25 11:21:38', '2016-09-25 11:21:38'),
  (1982, 'Ambewadi - Xeldem', 'No Descrripton', 0, 0, 0, 8, 3, 1, '2016-09-25 11:21:38', '2016-09-25 11:21:38'),
  (1984, 'Xeldem', 'No Description', 0, 0, 0, 16, 3, 1, '2016-09-25 11:21:38', '2016-09-25 11:21:38'),
  (1985, 'Bhopal - Bina-MP', 'No Descrripton', 0, 0, 0, 8, 4, 1, '2016-09-25 11:21:38', '2016-09-25 11:21:38'),
  (1986, 'Bhopal', 'No Description', 0, 0, 0, 16, 4, 1, '2016-09-25 11:21:38', '2016-09-25 11:21:38'),
  (1991, 'Bhopal - Itarsi', 'No Descrripton', 0, 0, 0, 8, 4, 1, '2016-09-25 11:21:39', '2016-09-25 11:21:39'),
  (2024, 'Indore-MP - Pithampur', 'No Descrripton', 0, 0, 0, 8, 4, 1, '2016-09-25 11:21:40', '2016-09-25 11:21:40'),
  (2042, 'Indira-sagar - Satpura', 'No Descrripton', 0, 0, 0, 8, 4, 1, '2016-09-25 11:21:41', '2016-09-25 11:21:41'),
  (2043, 'Indira-sagar', 'No Description', 0, 0, 0, 16, 4, 1, '2016-09-25 11:21:41', '2016-09-25 11:21:41'),
  (2069, 'Badod - Modak', 'No Descrripton', 0, 0, 0, 8, 3, 1, '2016-09-25 11:21:42', '2016-09-25 11:21:42'),
  (2074, 'sudhir', 'sudhir_desc', 9999, 9999, 9999, 7, 4, 1, '2017-04-20 09:14:46', '2017-04-20 09:14:46'),
  (2092, 'sudhir', 'sudhir_desc', -1, -1, -1, 16, 4, 1, '2017-04-20 10:36:12', '2017-04-20 10:36:12'),
  (2100, 'null', 'sudhir_desc', 9999, 9999, 9999, 7, 4, 1, '2017-04-20 10:53:54', '2017-04-20 10:53:54'),
  (2114, 'sudhir1', 'sudhir_desc', -1, -1, -1, 16, 4, 1, '2017-04-21 13:53:24', '2017-04-21 13:53:24'),
  (2119, 'sudhir', 'sudhir_desc', 100, 200, 500, 9, 4, 1, '2017-04-23 07:42:47', '2017-04-23 07:42:47'),
  (2124, 'sudhir', 'sudhir_desc', 111, 222, 555, 8, 4, 1, '2017-04-23 08:28:12', '2017-04-23 08:28:12');

-- --------------------------------------------------------

--
-- Table structure for table `elements_has_owners`
--

DROP TABLE IF EXISTS `elements_has_owners`;
CREATE TABLE IF NOT EXISTS `elements_has_owners` (
  `elements_id` int(11) NOT NULL,
  `owners_id` int(11) NOT NULL COMMENT 'check if this table is required can be kept in elements table itself',
  PRIMARY KEY (`elements_id`,`owners_id`),
  KEY `fk_elements_has_owners_owners1_idx` (`owners_id`),
  KEY `fk_elements_has_owners_elements1_idx` (`elements_id`)
) ENGINE=InnoDB DEFAULT CHARSET=utf8;

--
-- Dumping data for table `elements_has_owners`
--

INSERT INTO `elements_has_owners` (`elements_id`, `owners_id`) VALUES
  (8, 1),
  (254, 1),
  (2074, 1),
  (2092, 1),
  (2100, 1),
  (2114, 1),
  (2119, 1),
  (2124, 1),
  (542, 2),
  (2074, 2),
  (2092, 2),
  (2100, 2),
  (2114, 2),
  (2119, 2),
  (2124, 2),
  (155, 3),
  (224, 3),
  (527, 3),
  (5, 5),
  (122, 5),
  (17, 7),
  (159, 7),
  (165, 7),
  (359, 7),
  (551, 7),
  (1406, 7),
  (1469, 7),
  (1484, 7),
  (27, 8),
  (350, 10),
  (809, 10),
  (812, 10),
  (815, 10),
  (818, 10),
  (1067, 10),
  (1622, 10),
  (1625, 10),
  (1886, 10),
  (509, 11),
  (1826, 12),
  (38, 13),
  (39, 15),
  (40, 15),
  (1751, 16),
  (1757, 16),
  (1793, 16),
  (575, 19),
  (1169, 20),
  (1442, 20),
  (1022, 21),
  (1025, 21),
  (1028, 21),
  (1031, 21),
  (44, 22),
  (4, 23),
  (6, 23),
  (33, 23),
  (49, 23),
  (60, 23),
  (70, 23),
  (82, 23),
  (91, 23),
  (119, 23),
  (131, 23),
  (147, 23),
  (156, 23),
  (212, 23),
  (215, 23),
  (218, 23),
  (230, 23),
  (233, 23),
  (239, 23),
  (242, 23),
  (248, 23),
  (251, 23),
  (494, 23),
  (533, 23),
  (581, 23),
  (590, 23),
  (593, 23),
  (599, 23),
  (626, 23),
  (755, 23),
  (1181, 23),
  (1187, 23),
  (1202, 23),
  (1211, 23),
  (1250, 23),
  (1256, 23),
  (1379, 23),
  (1634, 23),
  (1676, 23),
  (1682, 23),
  (1688, 23),
  (1715, 23),
  (1733, 23),
  (1739, 23),
  (1778, 23),
  (1784, 23),
  (1847, 23),
  (1850, 23),
  (1862, 23),
  (43, 24),
  (46, 24),
  (1061, 24),
  (323, 26),
  (587, 27),
  (1124, 32),
  (677, 34),
  (63, 35),
  (692, 35),
  (698, 35),
  (701, 35),
  (58, 36),
  (65, 37),
  (1421, 38),
  (1457, 38),
  (869, 40),
  (998, 41),
  (94, 43),
  (139, 46),
  (157, 46),
  (170, 46),
  (180, 46),
  (1382, 46),
  (1493, 46),
  (1568, 46),
  (200, 47),
  (206, 47),
  (1238, 47),
  (1367, 47),
  (7, 48),
  (18, 48),
  (21, 48),
  (25, 48),
  (32, 48),
  (66, 48),
  (97, 48),
  (110, 48),
  (125, 48),
  (365, 48),
  (371, 48),
  (398, 48),
  (428, 48),
  (491, 48),
  (506, 48),
  (608, 48),
  (614, 48),
  (623, 48),
  (632, 48),
  (908, 48),
  (911, 48),
  (917, 48),
  (1130, 48),
  (1136, 48),
  (1205, 48),
  (1589, 48),
  (1595, 48),
  (1598, 48),
  (1613, 48),
  (1616, 48),
  (1619, 48),
  (1643, 48),
  (1646, 48),
  (1649, 48),
  (1664, 48),
  (1670, 48),
  (1673, 48),
  (1694, 48),
  (1700, 48),
  (1706, 48),
  (1721, 48),
  (1724, 48),
  (1727, 48),
  (1763, 48),
  (1790, 48),
  (1844, 48),
  (1868, 48),
  (1871, 48),
  (1874, 48),
  (1892, 48),
  (1895, 48),
  (1898, 48),
  (1904, 48),
  (1907, 48),
  (1913, 48),
  (1925, 48),
  (1985, 48),
  (1991, 48),
  (2024, 48),
  (2042, 48),
  (2069, 48),
  (11, 49),
  (19, 49),
  (42, 49),
  (69, 49),
  (74, 49),
  (75, 49),
  (77, 49),
  (87, 49),
  (98, 49),
  (99, 49),
  (104, 49),
  (105, 49),
  (166, 49),
  (191, 49),
  (197, 49),
  (272, 49),
  (275, 49),
  (284, 49),
  (290, 49),
  (293, 49),
  (383, 49),
  (386, 49),
  (389, 49),
  (392, 49),
  (470, 49),
  (473, 49),
  (479, 49),
  (482, 49),
  (488, 49),
  (557, 49),
  (563, 49),
  (683, 49),
  (689, 49),
  (719, 49),
  (725, 49),
  (728, 49),
  (731, 49),
  (737, 49),
  (743, 49),
  (749, 49),
  (752, 49),
  (770, 49),
  (791, 49),
  (800, 49),
  (851, 49),
  (854, 49),
  (881, 49),
  (884, 49),
  (887, 49),
  (890, 49),
  (938, 49),
  (956, 49),
  (962, 49),
  (965, 49),
  (971, 49),
  (974, 49),
  (977, 49),
  (1097, 49),
  (1103, 49),
  (1151, 49),
  (1196, 49),
  (1220, 49),
  (1223, 49),
  (1601, 49),
  (1607, 49),
  (1655, 49),
  (1658, 49),
  (1712, 49),
  (1799, 49),
  (1802, 49),
  (1805, 49),
  (1811, 49),
  (1814, 49),
  (1853, 49),
  (1856, 49),
  (1871, 49),
  (1931, 49),
  (1955, 49),
  (1976, 49),
  (1979, 49),
  (22, 50),
  (161, 50),
  (184, 50),
  (1745, 51),
  (1337, 52),
  (1373, 52),
  (1376, 52),
  (1472, 52),
  (1478, 52),
  (947, 53),
  (45, 54),
  (86, 54),
  (96, 54),
  (148, 54),
  (150, 54),
  (152, 54),
  (177, 54),
  (1313, 54),
  (1319, 54),
  (1817, 55),
  (10, 56),
  (12, 56),
  (14, 56),
  (15, 56),
  (23, 56),
  (24, 56),
  (29, 56),
  (34, 56),
  (37, 56),
  (48, 56),
  (54, 56),
  (55, 56),
  (56, 56),
  (57, 56),
  (67, 56),
  (72, 56),
  (76, 56),
  (89, 56),
  (92, 56),
  (101, 56),
  (106, 56),
  (108, 56),
  (111, 56),
  (113, 56),
  (114, 56),
  (115, 56),
  (118, 56),
  (124, 56),
  (126, 56),
  (128, 56),
  (133, 56),
  (151, 56),
  (154, 56),
  (158, 56),
  (160, 56),
  (162, 56),
  (163, 56),
  (164, 56),
  (167, 56),
  (168, 56),
  (169, 56),
  (171, 56),
  (172, 56),
  (173, 56),
  (175, 56),
  (176, 56),
  (178, 56),
  (179, 56),
  (181, 56),
  (182, 56),
  (183, 56),
  (1586, 56),
  (100, 58),
  (121, 61),
  (1154, 64),
  (130, 66),
  (174, 67),
  (1562, 68),
  (335, 69),
  (1562, 69),
  (142, 72),
  (941, 72),
  (1004, 72),
  (1214, 72),
  (1217, 72),
  (1259, 72),
  (1079, 77),
  (1085, 77),
  (1091, 77),
  (260, 78),
  (749, 78),
  (779, 78),
  (986, 78),
  (992, 78),
  (1010, 78),
  (185, 79),
  (188, 79),
  (266, 79),
  (278, 79),
  (311, 79),
  (314, 79),
  (329, 79),
  (332, 79),
  (341, 79),
  (344, 79),
  (347, 79),
  (455, 79),
  (458, 79),
  (548, 79),
  (602, 79),
  (605, 79),
  (773, 79),
  (785, 79),
  (794, 79),
  (797, 79),
  (806, 79),
  (821, 79),
  (827, 79),
  (833, 79),
  (836, 79),
  (839, 79),
  (842, 79),
  (860, 79),
  (866, 79),
  (875, 79),
  (923, 79),
  (980, 79),
  (986, 79),
  (992, 79),
  (1010, 79),
  (1022, 79),
  (1025, 79),
  (1028, 79),
  (1031, 79),
  (1034, 79),
  (1040, 79),
  (1046, 79),
  (1049, 79),
  (1055, 79),
  (1109, 79),
  (1142, 79),
  (1145, 79),
  (1160, 79),
  (1169, 79),
  (1175, 79),
  (1190, 79),
  (1226, 79),
  (1244, 79),
  (1343, 79),
  (1349, 79),
  (1355, 79),
  (1361, 79),
  (1364, 79),
  (1388, 79),
  (1400, 79),
  (1409, 79),
  (1415, 79),
  (1442, 79),
  (1448, 79),
  (1457, 79),
  (1487, 79),
  (1499, 79),
  (1502, 79),
  (1508, 79),
  (1514, 79),
  (1517, 79),
  (1547, 79),
  (1550, 79),
  (1556, 79),
  (1580, 79),
  (1823, 79),
  (1832, 79),
  (1835, 79),
  (1838, 79),
  (1883, 79),
  (1919, 79),
  (1937, 79),
  (1940, 79),
  (1943, 79),
  (1946, 79),
  (1949, 79),
  (1952, 79),
  (299, 80),
  (305, 80),
  (377, 80),
  (401, 80),
  (413, 80),
  (419, 80),
  (422, 80),
  (425, 80),
  (434, 80),
  (437, 80),
  (440, 80),
  (443, 80),
  (449, 80),
  (500, 80),
  (515, 80),
  (521, 80),
  (539, 80),
  (569, 80),
  (572, 80),
  (584, 80),
  (617, 80),
  (638, 80),
  (644, 80),
  (650, 80),
  (662, 80),
  (665, 80),
  (671, 80),
  (713, 80),
  (758, 80),
  (764, 80),
  (845, 80),
  (848, 80),
  (896, 80),
  (902, 80),
  (920, 80),
  (926, 80),
  (932, 80),
  (953, 80),
  (1073, 80),
  (1112, 80),
  (1118, 80),
  (1133, 80),
  (1184, 80),
  (1232, 80),
  (1262, 80),
  (1268, 80),
  (1274, 80),
  (1280, 80),
  (1283, 80),
  (1286, 80),
  (1295, 80),
  (1307, 80),
  (1310, 80),
  (1325, 80),
  (1331, 80),
  (1337, 80),
  (1373, 80),
  (1376, 80),
  (1418, 80),
  (1421, 80),
  (1430, 80),
  (1439, 80),
  (1451, 80),
  (1472, 80),
  (1478, 80),
  (1520, 80),
  (1526, 80),
  (1529, 80),
  (1535, 80),
  (1541, 80),
  (1574, 80),
  (1577, 80),
  (1766, 80),
  (1772, 80),
  (1862, 80),
  (1958, 80),
  (1964, 80),
  (1970, 80),
  (1973, 80),
  (1, 81),
  (2, 81),
  (3, 81),
  (9, 81),
  (13, 81),
  (16, 81),
  (20, 81),
  (26, 81),
  (28, 81),
  (30, 81),
  (31, 81),
  (35, 81),
  (36, 81),
  (41, 81),
  (47, 81),
  (50, 81),
  (51, 81),
  (52, 81),
  (53, 81),
  (59, 81),
  (61, 81),
  (62, 81),
  (64, 81),
  (68, 81),
  (71, 81),
  (73, 81),
  (78, 81),
  (79, 81),
  (80, 81),
  (81, 81),
  (83, 81),
  (84, 81),
  (85, 81),
  (88, 81),
  (90, 81),
  (93, 81),
  (95, 81),
  (102, 81),
  (103, 81),
  (107, 81),
  (109, 81),
  (112, 81),
  (116, 81),
  (117, 81),
  (120, 81),
  (123, 81),
  (127, 81),
  (129, 81),
  (132, 81),
  (134, 81),
  (135, 81),
  (136, 81),
  (137, 81),
  (138, 81),
  (140, 81),
  (141, 81),
  (143, 81),
  (144, 81),
  (145, 81),
  (146, 81),
  (149, 81),
  (153, 81),
  (1802, 827),
  (1811, 827),
  (1880, 827),
  (1982, 827),
  (1880, 856),
  (1982, 856);

-- --------------------------------------------------------

--
-- Table structure for table `elements_has_regions`
--

DROP TABLE IF EXISTS `elements_has_regions`;
CREATE TABLE IF NOT EXISTS `elements_has_regions` (
  `elements_id` int(11) NOT NULL,
  `regions_id` int(11) NOT NULL,
  PRIMARY KEY (`elements_id`,`regions_id`),
  KEY `fk_elements_has_regions_regions1_idx` (`regions_id`),
  KEY `fk_elements_has_regions_elements1_idx` (`elements_id`)
) ENGINE=InnoDB DEFAULT CHARSET=utf8;

--
-- Dumping data for table `elements_has_regions`
--

INSERT INTO `elements_has_regions` (`elements_id`, `regions_id`) VALUES
  (2074, 1),
  (2092, 1),
  (2100, 1),
  (2114, 1),
  (2119, 1),
  (2124, 1),
  (2074, 3),
  (2092, 3),
  (2100, 3),
  (2114, 3),
  (2119, 3),
  (2124, 3);

-- --------------------------------------------------------

--
-- Table structure for table `elements_has_states`
--

DROP TABLE IF EXISTS `elements_has_states`;
CREATE TABLE IF NOT EXISTS `elements_has_states` (
  `elements_id` int(11) NOT NULL,
  `states_id` int(11) NOT NULL,
  PRIMARY KEY (`elements_id`,`states_id`),
  KEY `fk_elements_has_states_states1_idx` (`states_id`),
  KEY `fk_elements_has_states_elements1_idx` (`elements_id`)
) ENGINE=InnoDB DEFAULT CHARSET=utf8;

--
-- Dumping data for table `elements_has_states`
--

INSERT INTO `elements_has_states` (`elements_id`, `states_id`) VALUES
  (2074, 1),
  (2092, 1),
  (2100, 1),
  (2114, 1),
  (2119, 1),
  (2124, 1),
  (2074, 5),
  (2092, 5),
  (2100, 5),
  (2114, 5),
  (2119, 5),
  (2124, 5);

-- --------------------------------------------------------

--
-- Table structure for table `elements_has_substations`
--

DROP TABLE IF EXISTS `elements_has_substations`;
CREATE TABLE IF NOT EXISTS `elements_has_substations` (
  `elements_id` int(11) NOT NULL,
  `substations_id` int(11) NOT NULL,
  PRIMARY KEY (`elements_id`,`substations_id`),
  KEY `fk_elements_has_elements_elements1_idx` (`elements_id`),
  KEY `fk_elements_has_substations_substations1_idx` (`substations_id`)
) ENGINE=InnoDB DEFAULT CHARSET=utf8;

--
-- Dumping data for table `elements_has_substations`
--

INSERT INTO `elements_has_substations` (`elements_id`, `substations_id`) VALUES
  (2, 2),
  (185, 1),
  (185, 20),
  (188, 1),
  (188, 95),
  (191, 2),
  (191, 10),
  (197, 2),
  (197, 100),
  (200, 2),
  (200, 3),
  (206, 3),
  (206, 100),
  (212, 4),
  (212, 49),
  (215, 4),
  (215, 33),
  (218, 4),
  (218, 60),
  (224, 5),
  (224, 122),
  (230, 5),
  (230, 49),
  (233, 5),
  (233, 147),
  (239, 5),
  (239, 156),
  (242, 6),
  (242, 33),
  (248, 6),
  (248, 82),
  (251, 6),
  (251, 153),
  (254, 8),
  (254, 114),
  (260, 9),
  (260, 112),
  (266, 9),
  (266, 10),
  (272, 9),
  (272, 137),
  (275, 9),
  (275, 36),
  (278, 10),
  (278, 26),
  (284, 11),
  (284, 104),
  (290, 9),
  (290, 11),
  (293, 11),
  (293, 258),
  (299, 12),
  (299, 119),
  (305, 12),
  (305, 147),
  (311, 14),
  (311, 16),
  (314, 14),
  (314, 115),
  (323, 14),
  (323, 43),
  (329, 14),
  (329, 106),
  (332, 14),
  (332, 39),
  (335, 285),
  (335, 286),
  (341, 16),
  (341, 115),
  (344, 16),
  (344, 126),
  (347, 15),
  (347, 16),
  (350, 16),
  (350, 117),
  (359, 17),
  (359, 18),
  (365, 18),
  (365, 21),
  (371, 18),
  (371, 55),
  (377, 18),
  (377, 34),
  (383, 11),
  (383, 19),
  (386, 9),
  (386, 19),
  (389, 2),
  (389, 19),
  (392, 19),
  (392, 36),
  (398, 21),
  (398, 62),
  (401, 21),
  (401, 24),
  (413, 24),
  (413, 128),
  (419, 24),
  (419, 62),
  (422, 23),
  (422, 24),
  (425, 24),
  (425, 346),
  (428, 25),
  (428, 71),
  (434, 25),
  (434, 145),
  (437, 27),
  (437, 33),
  (440, 27),
  (440, 91),
  (443, 27),
  (443, 60),
  (449, 12),
  (449, 27),
  (455, 28),
  (455, 111),
  (458, 14),
  (458, 30),
  (470, 30),
  (470, 73),
  (473, 30),
  (473, 31),
  (479, 30),
  (479, 105),
  (482, 31),
  (482, 39),
  (488, 31),
  (488, 99),
  (491, 32),
  (491, 66),
  (494, 33),
  (494, 82),
  (500, 25),
  (500, 34),
  (506, 34),
  (506, 71),
  (509, 35),
  (509, 114),
  (515, 37),
  (515, 45),
  (521, 37),
  (521, 108),
  (527, 37),
  (527, 122),
  (533, 37),
  (533, 119),
  (539, 37),
  (539, 153),
  (542, 13),
  (542, 424),
  (548, 39),
  (548, 106),
  (551, 41),
  (551, 42),
  (557, 11),
  (557, 42),
  (563, 11),
  (563, 438),
  (569, 45),
  (569, 101),
  (572, 45),
  (572, 82),
  (575, 45),
  (575, 50),
  (581, 45),
  (581, 47),
  (584, 45),
  (584, 135),
  (587, 47),
  (587, 70),
  (590, 49),
  (590, 147),
  (593, 49),
  (593, 143),
  (599, 33),
  (599, 49),
  (602, 51),
  (602, 155),
  (605, 51),
  (605, 78),
  (608, 52),
  (608, 53),
  (614, 52),
  (614, 97),
  (617, 53),
  (617, 54),
  (623, 53),
  (623, 97),
  (626, 6),
  (626, 53),
  (632, 54),
  (632, 110),
  (638, 53),
  (638, 55),
  (644, 55),
  (644, 72),
  (650, 55),
  (650, 56),
  (662, 56),
  (662, 123),
  (665, 56),
  (665, 57),
  (671, 57),
  (671, 94),
  (677, 57),
  (677, 61),
  (683, 58),
  (683, 102),
  (689, 59),
  (689, 83),
  (692, 63),
  (692, 115),
  (698, 63),
  (698, 64),
  (701, 64),
  (701, 530),
  (713, 67),
  (713, 146),
  (719, 68),
  (719, 104),
  (725, 68),
  (725, 74),
  (728, 68),
  (728, 111),
  (731, 69),
  (731, 75),
  (737, 58),
  (737, 69),
  (743, 69),
  (743, 102),
  (749, 69),
  (749, 133),
  (752, 69),
  (752, 87),
  (755, 33),
  (755, 70),
  (758, 42),
  (758, 72),
  (764, 72),
  (764, 118),
  (770, 74),
  (770, 104),
  (773, 75),
  (773, 76),
  (779, 75),
  (779, 133),
  (785, 76),
  (785, 92),
  (791, 19),
  (791, 77),
  (794, 77),
  (794, 125),
  (797, 16),
  (797, 77),
  (800, 73),
  (800, 77),
  (806, 79),
  (806, 81),
  (809, 79),
  (809, 117),
  (812, 79),
  (812, 80),
  (815, 16),
  (815, 80),
  (818, 80),
  (818, 93),
  (821, 16),
  (821, 81),
  (827, 81),
  (827, 115),
  (833, 81),
  (833, 129),
  (836, 44),
  (836, 81),
  (839, 81),
  (839, 148),
  (842, 15),
  (842, 81),
  (845, 25),
  (845, 81),
  (848, 81),
  (848, 145),
  (851, 83),
  (851, 87),
  (854, 83),
  (854, 102),
  (860, 84),
  (860, 115),
  (866, 84),
  (866, 121),
  (869, 85),
  (869, 114),
  (875, 86),
  (875, 114),
  (881, 59),
  (881, 87),
  (884, 28),
  (884, 87),
  (887, 87),
  (887, 111),
  (890, 87),
  (890, 88),
  (896, 67),
  (896, 89),
  (902, 89),
  (902, 101),
  (908, 32),
  (908, 90),
  (911, 90),
  (911, 110),
  (917, 66),
  (917, 90),
  (920, 33),
  (920, 91),
  (923, 20),
  (923, 95),
  (926, 37),
  (926, 97),
  (932, 97),
  (932, 128),
  (938, 77),
  (938, 100),
  (941, 38),
  (941, 101),
  (947, 103),
  (947, 115),
  (953, 26),
  (953, 104),
  (956, 98),
  (956, 104),
  (962, 104),
  (962, 111),
  (965, 88),
  (965, 105),
  (971, 105),
  (971, 127),
  (974, 31),
  (974, 105),
  (977, 99),
  (977, 105),
  (980, 105),
  (980, 106),
  (986, 106),
  (986, 112),
  (992, 106),
  (992, 133),
  (998, 20),
  (998, 107),
  (1004, 108),
  (1004, 109),
  (1010, 111),
  (1010, 112),
  (1022, 113),
  (1022, 743),
  (1025, 113),
  (1025, 745),
  (1028, 113),
  (1028, 748),
  (1031, 113),
  (1031, 750),
  (1034, 113),
  (1034, 115),
  (1040, 113),
  (1040, 114),
  (1046, 84),
  (1046, 113),
  (1049, 115),
  (1049, 154),
  (1055, 115),
  (1055, 116),
  (1061, 46),
  (1061, 116),
  (1067, 93),
  (1067, 117),
  (1073, 97),
  (1073, 118),
  (1079, 70),
  (1079, 118),
  (1085, 119),
  (1085, 156),
  (1091, 33),
  (1091, 119),
  (1097, 102),
  (1097, 120),
  (1103, 98),
  (1103, 120),
  (1109, 113),
  (1109, 121),
  (1112, 24),
  (1112, 124),
  (1118, 23),
  (1118, 124),
  (1124, 65),
  (1124, 124),
  (1130, 52),
  (1130, 125),
  (1133, 55),
  (1133, 125),
  (1136, 7),
  (1136, 125),
  (1142, 125),
  (1142, 126),
  (1145, 72),
  (1145, 126),
  (1151, 127),
  (1151, 133),
  (1154, 128),
  (1154, 831),
  (1160, 115),
  (1160, 129),
  (1169, 129),
  (1169, 841),
  (1175, 114),
  (1175, 130),
  (1181, 131),
  (1181, 153),
  (1184, 37),
  (1184, 131),
  (1187, 131),
  (1187, 156),
  (1190, 132),
  (1190, 133),
  (1196, 42),
  (1196, 134),
  (1202, 6),
  (1202, 134),
  (1205, 118),
  (1205, 134),
  (1211, 70),
  (1211, 134),
  (1214, 135),
  (1214, 142),
  (1217, 109),
  (1217, 135),
  (1220, 36),
  (1220, 137),
  (1223, 137),
  (1223, 438),
  (1226, 104),
  (1226, 138),
  (1232, 26),
  (1232, 138),
  (1238, 139),
  (1238, 155),
  (1244, 140),
  (1244, 530),
  (1250, 82),
  (1250, 141),
  (1256, 101),
  (1256, 141),
  (1259, 109),
  (1259, 142),
  (1262, 12),
  (1262, 143),
  (1268, 108),
  (1268, 144),
  (1274, 6),
  (1274, 144),
  (1280, 26),
  (1280, 146),
  (1283, 135),
  (1283, 146),
  (1286, 56),
  (1286, 148),
  (1295, 124),
  (1295, 148),
  (1307, 123),
  (1307, 148),
  (1310, 44),
  (1310, 148),
  (1313, 149),
  (1313, 152),
  (1319, 150),
  (1319, 152),
  (1325, 150),
  (1325, 151),
  (1331, 123),
  (1331, 151),
  (1337, 151),
  (1337, 953),
  (1343, 106),
  (1343, 154),
  (1349, 2),
  (1349, 154),
  (1355, 96),
  (1355, 154),
  (1361, 154),
  (1361, 155),
  (1364, 78),
  (1364, 154),
  (1367, 31),
  (1367, 155),
  (1373, 156),
  (1373, 977),
  (1376, 156),
  (1376, 979),
  (1379, 147),
  (1379, 156),
  (1382, 157),
  (1382, 166),
  (1388, 158),
  (1388, 183),
  (1400, 158),
  (1400, 996),
  (1406, 159),
  (1406, 168),
  (1409, 160),
  (1409, 176),
  (1415, 160),
  (1415, 164),
  (1418, 162),
  (1418, 167),
  (1421, 162),
  (1421, 169),
  (1430, 162),
  (1430, 168),
  (1439, 161),
  (1439, 162),
  (1442, 164),
  (1442, 1024),
  (1448, 164),
  (1448, 173),
  (1451, 164),
  (1451, 1030),
  (1457, 164),
  (1457, 169),
  (1469, 158),
  (1469, 165),
  (1472, 167),
  (1472, 1043),
  (1478, 167),
  (1478, 1048),
  (1484, 159),
  (1484, 169),
  (1487, 1053),
  (1487, 1054),
  (1493, 157),
  (1493, 170),
  (1499, 171),
  (1499, 996),
  (1502, 172),
  (1502, 173),
  (1508, 172),
  (1508, 179),
  (1514, 163),
  (1514, 172),
  (1517, 163),
  (1517, 173),
  (1520, 174),
  (1520, 175),
  (1526, 174),
  (1526, 182),
  (1529, 167),
  (1529, 175),
  (1535, 162),
  (1535, 175),
  (1541, 175),
  (1541, 182),
  (1547, 162),
  (1547, 176),
  (1550, 176),
  (1550, 183),
  (1556, 160),
  (1556, 177),
  (1562, 178),
  (1562, 1103),
  (1568, 170),
  (1568, 180),
  (1574, 168),
  (1574, 181),
  (1577, 165),
  (1577, 181),
  (1580, 173),
  (1580, 183),
  (1586, 184),
  (1589, 1121),
  (1589, 1122),
  (1595, 1125),
  (1595, 1126),
  (1598, 1125),
  (1598, 1128),
  (1601, 1129),
  (1601, 1130),
  (1607, 1129),
  (1607, 1134),
  (1613, 1137),
  (1613, 1138),
  (1616, 1137),
  (1616, 1140),
  (1619, 1141),
  (1619, 1142),
  (1622, 1143),
  (1622, 1144),
  (1625, 1144),
  (1625, 1146),
  (1634, 1151),
  (1634, 1152),
  (1643, 1157),
  (1643, 1158),
  (1646, 1157),
  (1646, 1160),
  (1649, 1157),
  (1649, 1162),
  (1655, 1165),
  (1655, 1166),
  (1658, 1165),
  (1658, 1167),
  (1664, 1171),
  (1664, 1172),
  (1670, 1172),
  (1670, 1176),
  (1673, 1172),
  (1673, 1178),
  (1676, 1179),
  (1676, 1180),
  (1682, 1179),
  (1682, 1184),
  (1688, 1187),
  (1688, 1188),
  (1694, 1126),
  (1694, 1191),
  (1700, 1162),
  (1700, 1191),
  (1706, 1191),
  (1706, 1200),
  (1712, 1203),
  (1712, 1204),
  (1715, 1205),
  (1715, 1206),
  (1721, 1209),
  (1721, 1210),
  (1724, 1210),
  (1724, 1211),
  (1727, 1213),
  (1727, 1214),
  (1733, 1188),
  (1733, 1218),
  (1739, 1218),
  (1739, 1222),
  (1745, 1152),
  (1745, 1218),
  (1751, 1229),
  (1751, 1230),
  (1757, 1229),
  (1757, 1234),
  (1763, 1237),
  (1763, 1238),
  (1766, 1188),
  (1766, 1240),
  (1772, 1240),
  (1772, 1244),
  (1778, 1222),
  (1778, 1240),
  (1784, 1240),
  (1784, 1251),
  (1790, 1255),
  (1790, 1256),
  (1793, 1230),
  (1793, 1257),
  (1799, 1261),
  (1799, 1262),
  (1802, 1263),
  (1802, 1264),
  (1805, 1264),
  (1805, 1266),
  (1811, 1263),
  (1811, 1266),
  (1814, 1271),
  (1814, 1272),
  (1817, 1273),
  (1817, 1274),
  (1823, 1274),
  (1823, 1278),
  (1826, 1279),
  (1826, 1280),
  (1832, 1271),
  (1832, 1284),
  (1835, 1284),
  (1835, 1286),
  (1838, 1284),
  (1838, 1288),
  (1844, 1126),
  (1844, 1128),
  (1847, 1293),
  (1847, 1294),
  (1850, 1206),
  (1850, 1294),
  (1853, 1203),
  (1853, 1298),
  (1856, 1299),
  (1856, 1300),
  (1862, 1244),
  (1862, 1300),
  (1868, 1140),
  (1868, 1141),
  (1871, 1309),
  (1871, 1310),
  (1874, 1311),
  (1874, 1312),
  (1880, 1286),
  (1880, 1315),
  (1883, 1317),
  (1883, 1318),
  (1886, 1318),
  (1886, 1320),
  (1892, 1312),
  (1892, 1323),
  (1895, 1312),
  (1895, 1325),
  (1898, 1238),
  (1898, 1327),
  (1904, 1238),
  (1904, 1331),
  (1907, 1333),
  (1907, 1334),
  (1913, 1334),
  (1913, 1337),
  (1919, 1341),
  (1919, 1342),
  (1925, 1345),
  (1925, 1346),
  (1931, 1349),
  (1931, 1350),
  (1937, 1353),
  (1937, 1354),
  (1940, 1151),
  (1940, 1353),
  (1943, 1167),
  (1943, 1353),
  (1946, 1353),
  (1946, 1359),
  (1949, 1165),
  (1949, 1362),
  (1952, 1353),
  (1952, 1362),
  (1955, 1204),
  (1955, 1271),
  (1958, 1152),
  (1958, 1367),
  (1964, 1152),
  (1964, 1257),
  (1970, 1152),
  (1970, 1234),
  (1973, 1152),
  (1973, 1377),
  (1976, 1379),
  (1976, 1380),
  (1979, 1380),
  (1979, 1381),
  (1982, 1315),
  (1982, 1384),
  (1985, 21),
  (1985, 1385),
  (1991, 55),
  (1991, 1385),
  (2024, 53),
  (2024, 110),
  (2042, 125),
  (2042, 1423),
  (2069, 1137),
  (2069, 1142),
  (2074, 1424),
  (2074, 1441),
  (2092, 1424),
  (2114, 1441),
  (2119, 1424),
  (2124, 2),
  (2124, 1424);

-- --------------------------------------------------------

--
-- Table structure for table `element_types`
--

DROP TABLE IF EXISTS `element_types`;
CREATE TABLE IF NOT EXISTS `element_types` (
  `id` int(11) NOT NULL AUTO_INCREMENT,
  `type` varchar(100) NOT NULL,
  PRIMARY KEY (`id`),
  UNIQUE KEY `name_UNIQUE` (`type`)
) ENGINE=InnoDB AUTO_INCREMENT=102 DEFAULT CHARSET=utf8;

--
-- Dumping data for table `element_types`
--

INSERT INTO `element_types` (`id`, `type`) VALUES
  (14, 'Bay'),
  (2, 'Bus'),
  (3, 'Bus Capacitor'),
  (12, 'Bus Coupler'),
  (9, 'Bus Reactor'),
  (4, 'FACTS'),
  (1, 'FSC'),
  (5, 'Generator'),
  (6, 'HVDC Station'),
  (7, 'ICT'),
  (8, 'Line'),
  (11, 'Line Reactor'),
  (15, 'Station Transformer'),
  (16, 'Substation'),
  (13, 'SVC'),
  (10, 'TCSC');

-- --------------------------------------------------------

--
-- Table structure for table `lines`
--

DROP TABLE IF EXISTS `lines`;
CREATE TABLE IF NOT EXISTS `lines` (
  `id` int(11) NOT NULL AUTO_INCREMENT COMMENT 'element id and line number are unique',
  `elements_id` int(11) NOT NULL,
  `conductor_types_id` int(11) NOT NULL,
  `line_length` int(11) DEFAULT NULL,
  `noloadmvar` varchar(10) NOT NULL DEFAULT '0',
  PRIMARY KEY (`id`),
  UNIQUE KEY `elem_id_UNIQUE` (`elements_id`) USING BTREE,
  KEY `fk_lines_conductor_types1_idx` (`conductor_types_id`),
  KEY `fk_lines_elements1_idx` (`elements_id`)
) ENGINE=InnoDB AUTO_INCREMENT=656 DEFAULT CHARSET=utf8;

--
-- Dumping data for table `lines`
--

INSERT INTO `lines` (`id`, `elements_id`, `conductor_types_id`, `line_length`, `noloadmvar`) VALUES
  (1, 185, 1, 56, '31'),
  (2, 188, 1, 16, '8'),
  (3, 191, 1, 178, '98'),
  (5, 197, 1, 117, '64'),
  (6, 200, 1, 30, '16'),
  (8, 206, 1, 104, '57'),
  (10, 212, 1, 165, '91'),
  (11, 215, 1, 164, '91'),
  (12, 218, 1, 96, '53'),
  (14, 224, 1, 282, '156'),
  (16, 230, 1, 233, '129'),
  (17, 233, 1, 84, '46'),
  (19, 239, 1, 332, '184'),
  (20, 242, 1, 177, '98'),
  (22, 248, 1, 122, '67'),
  (23, 251, 1, 76, '42'),
  (24, 254, 2, 25, '18'),
  (26, 260, 1, 315, '174'),
  (28, 266, 2, 54, '39'),
  (30, 272, 1, 135, '74'),
  (32, 278, 1, 327, '181'),
  (34, 284, 1, 174, '96'),
  (36, 290, 1, 131, '72'),
  (37, 293, 1, 72, '39'),
  (39, 299, 3, 282, '189'),
  (41, 305, 1, 10, '5'),
  (43, 311, 1, 322, '178'),
  (44, 314, 1, 333, '184'),
  (47, 323, 1, 28, '15'),
  (49, 329, 1, 388, '215'),
  (50, 332, 1, 15, '8'),
  (51, 335, 1, 178, '98'),
  (53, 341, 1, 13, '7'),
  (54, 344, 1, 230, '127'),
  (55, 347, 1, 93, '51'),
  (56, 350, 1, 56, '31'),
  (59, 359, 1, 9, '4'),
  (61, 365, 1, 289, '160'),
  (63, 371, 1, 98, '54'),
  (65, 377, 1, 214, '118'),
  (67, 383, 1, 220, '122'),
  (68, 386, 1, 238, '132'),
  (69, 389, 1, 182, '101'),
  (70, 392, 1, 15, '8'),
  (72, 398, 1, 20, '0'),
  (73, 401, 1, 3, '1'),
  (77, 413, 1, 200, '111'),
  (79, 419, 1, 20, '11'),
  (80, 422, 1, 1, '0'),
  (81, 425, 1, 0, '0'),
  (82, 428, 1, 118, '0'),
  (84, 434, 1, 215, '119'),
  (85, 437, 3, 314, '211'),
  (86, 440, 3, 224, '150'),
  (87, 443, 3, 334, '224'),
  (89, 449, 3, 100, '67'),
  (91, 455, 1, 18, '9'),
  (92, 458, 1, 20, '11'),
  (96, 470, 1, 156, '86'),
  (97, 473, 1, 1, '0'),
  (100, 482, 1, 8, '4'),
  (102, 488, 1, 257, '0'),
  (103, 491, 1, 114, '0'),
  (104, 494, 1, 230, '127'),
  (106, 500, 1, 227, '125'),
  (108, 506, 1, 118, '0'),
  (109, 509, 1, 18, '9'),
  (111, 515, 1, 157, '87'),
  (113, 521, 1, 56, '31'),
  (115, 527, 1, 152, '84'),
  (117, 533, 1, 62, '34'),
  (119, 539, 1, 68, '37'),
  (120, 542, 1, 23, '12'),
  (122, 548, 1, 390, '216'),
  (123, 551, 1, 18, '9'),
  (125, 557, 1, 170, '94'),
  (127, 563, 2, 127, '92'),
  (129, 569, 1, 106, '58'),
  (130, 572, 1, 93, '51'),
  (131, 575, 1, 97, '53'),
  (133, 581, 1, 13, '7'),
  (134, 584, 1, 64, '35'),
  (135, 587, 1, 98, '54'),
  (136, 590, 1, 159, '88'),
  (137, 593, 1, 113, '62'),
  (139, 599, 1, 166, '92'),
  (140, 602, 1, 150, '83'),
  (142, 608, 2, 79, '0'),
  (144, 614, 1, 103, '0'),
  (145, 617, 1, 50, '27'),
  (147, 623, 1, 108, '0'),
  (148, 626, 1, 289, '160'),
  (150, 632, 1, 150, '83'),
  (152, 638, 1, 207, '114'),
  (154, 644, 1, 197, '109'),
  (156, 650, 1, 232, '128'),
  (160, 662, 1, 340, '188'),
  (161, 665, 2, 16, '11'),
  (163, 671, 3, 246, '165'),
  (165, 677, 1, 65, '36'),
  (167, 683, 1, 55, '30'),
  (169, 689, 1, 172, '95'),
  (170, 692, 1, 258, '143'),
  (172, 698, 1, 2, '1'),
  (173, 701, 1, 10, '5'),
  (177, 713, 1, 49, '27'),
  (179, 719, 1, 72, '39'),
  (181, 725, 1, 28, '15'),
  (182, 728, 1, 104, '57'),
  (183, 731, 1, 105, '58'),
  (185, 737, 1, 111, '61'),
  (187, 743, 1, 72, '39'),
  (189, 749, 1, 299, '165'),
  (190, 752, 1, 161, '89'),
  (191, 755, 1, 103, '57'),
  (192, 758, 1, 262, '145'),
  (194, 764, 1, 221, '122'),
  (196, 770, 1, 85, '47'),
  (197, 773, 1, 39, '21'),
  (199, 779, 1, 220, '122'),
  (201, 785, 1, 156, '86'),
  (204, 794, 1, 149, '82'),
  (205, 797, 1, 272, '150'),
  (206, 800, 1, 10, '5'),
  (208, 806, 1, 14, '7'),
  (209, 809, 1, 144, '79'),
  (210, 812, 1, 1, '0'),
  (211, 815, 1, 220, '122'),
  (212, 818, 1, 60, '33'),
  (213, 821, 1, 197, '109'),
  (215, 827, 1, 212, '117'),
  (217, 833, 1, 100, '55'),
  (218, 836, 1, 218, '120'),
  (220, 842, 1, 124, '68'),
  (222, 848, 1, 18, '9'),
  (223, 851, 1, 183, '101'),
  (224, 854, 1, 14, '7'),
  (226, 860, 1, 147, '81'),
  (228, 866, 1, 104, '57'),
  (229, 869, 1, 19, '10'),
  (231, 875, 1, 18, '9'),
  (233, 881, 1, 48, '26'),
  (234, 884, 1, 37, '20'),
  (235, 887, 1, 40, '22'),
  (236, 890, 1, 1, '0'),
  (238, 896, 1, 53, '29'),
  (240, 902, 1, 126, '69'),
  (242, 908, 1, 53, '0'),
  (243, 911, 1, 136, '0'),
  (245, 917, 1, 170, '94'),
  (246, 920, 3, 94, '63'),
  (247, 923, 1, 45, '24'),
  (248, 926, 1, 331, '183'),
  (250, 932, 1, 202, '112'),
  (252, 938, 1, 140, '77'),
  (253, 941, 1, 105, '58'),
  (255, 947, 1, 14, '7'),
  (257, 953, 1, 101, '56'),
  (258, 956, 1, 116, '64'),
  (260, 962, 1, 96, '53'),
  (261, 965, 1, 284, '157'),
  (263, 971, 1, 182, '101'),
  (264, 974, 1, 357, '198'),
  (265, 977, 1, 163, '90'),
  (266, 980, 1, 5, '2'),
  (268, 986, 1, 272, '150'),
  (270, 992, 1, 65, '36'),
  (272, 998, 1, 31, '17'),
  (274, 1004, 1, 6, '3'),
  (276, 1010, 1, 64, '35'),
  (280, 1022, 1, 110, '61'),
  (282, 1028, 1, 130, '72'),
  (284, 1034, 1, 217, '120'),
  (286, 1040, 1, 7, '3'),
  (288, 1046, 1, 119, '66'),
  (289, 1049, 2, 371, '271'),
  (291, 1055, 1, 22, '12'),
  (293, 1061, 1, 65, '36'),
  (295, 1067, 1, 141, '78'),
  (297, 1073, 1, 104, '57'),
  (299, 1079, 1, 243, '134'),
  (301, 1085, 1, 140, '77'),
  (303, 1091, 1, 103, '57'),
  (305, 1097, 1, 60, '33'),
  (307, 1103, 1, 136, '75'),
  (309, 1109, 1, 6, '3'),
  (310, 1112, 1, 276, '153'),
  (314, 1124, 1, 161, '89'),
  (316, 1130, 1, 189, '104'),
  (317, 1133, 1, 79, '43'),
  (318, 1136, 1, 240, '0'),
  (320, 1142, 1, 156, '86'),
  (321, 1145, 5, 352, '243'),
  (323, 1151, 1, 178, '98'),
  (324, 1154, 1, 201, '111'),
  (326, 1160, 1, 149, '82'),
  (329, 1169, 1, 405, '224'),
  (331, 1175, 1, 28, '15'),
  (333, 1181, 1, 95, '52'),
  (334, 1184, 1, 41, '22'),
  (335, 1187, 1, 135, '74'),
  (336, 1190, 1, 11, '6'),
  (338, 1196, 1, 236, '130'),
  (340, 1202, 1, 83, '46'),
  (341, 1205, 1, 178, '0'),
  (343, 1211, 1, 146, '81'),
  (344, 1214, 1, 3, '1'),
  (345, 1217, 1, 212, '117'),
  (346, 1220, 1, 203, '112'),
  (347, 1223, 1, 5, '2'),
  (348, 1226, 1, 91, '50'),
  (350, 1232, 1, 21, '11'),
  (352, 1238, 1, 219, '121'),
  (354, 1244, 1, 15, '8'),
  (356, 1250, 1, 81, '44'),
  (358, 1256, 1, 83, '46'),
  (359, 1259, 1, 209, '115'),
  (360, 1262, 1, 226, '125'),
  (362, 1268, 2, 131, '95'),
  (364, 1274, 2, 14, '10'),
  (366, 1280, 1, 91, '50'),
  (367, 1283, 1, 118, '65'),
  (368, 1286, 1, 360, '199'),
  (371, 1295, 1, 267, '148'),
  (376, 1310, 1, 41, '22'),
  (377, 1313, 2, 4, '2'),
  (379, 1319, 2, 4, '2'),
  (381, 1325, 1, 31, '17'),
  (383, 1331, 1, 8, '4'),
  (385, 1337, 4, 35, '26'),
  (387, 1343, 2, 337, '246'),
  (389, 1349, 1, 162, '89'),
  (391, 1355, 2, 124, '90'),
  (393, 1361, 1, 76, '42'),
  (394, 1364, 2, 67, '49'),
  (395, 1367, 1, 45, '24'),
  (397, 1373, 1, 143, '79'),
  (398, 1376, 1, 234, '129'),
  (399, 1379, 1, 258, '143'),
  (401, 1382, 4, 219, '514'),
  (402, 1388, 407, 348, '925'),
  (406, 1400, 407, 279, '742'),
  (408, 1406, 4, 176, '413'),
  (409, 1409, 4, 333, '782'),
  (411, 1415, 4, 89, '209'),
  (412, 1418, 4, 235, '552'),
  (416, 1430, 4, 310, '728'),
  (417, 1421, 4, 230, '540'),
  (419, 1439, 4, 0, '0'),
  (420, 1442, 4, 301, '707'),
  (423, 1451, 407, 303, '805'),
  (425, 1457, 407, 424, '1127'),
  (429, 1469, 4, 192, '451'),
  (430, 1472, 4, 129, '303'),
  (432, 1478, 4, 304, '714'),
  (434, 1484, 4, 260, '611'),
  (435, 1487, 407, 191, '508'),
  (437, 1493, 4, 222, '521'),
  (439, 1499, 4, 270, '634'),
  (440, 1502, 407, 235, '625'),
  (442, 1508, 407, 48, '127'),
  (444, 1514, 4, 96, '225'),
  (445, 1517, 4, 153, '359'),
  (446, 1520, 4, 246, '578'),
  (448, 1526, 4, 6, '14'),
  (449, 1529, 4, 337, '791'),
  (451, 1535, 4, 274, '643'),
  (453, 1541, 4, 237, '556'),
  (455, 1547, 4, 292, '686'),
  (456, 1550, 4, 261, '613'),
  (458, 1556, 4, 22, '51'),
  (460, 1562, 4, 208, '488'),
  (462, 1568, 4, 136, '319'),
  (464, 1574, 4, 293, '688'),
  (465, 1577, 4, 268, '629'),
  (466, 1580, 407, 370, '984'),
  (468, 1586, 473, 1, '0'),
  (469, 1589, 474, 61, '0'),
  (471, 1595, 474, 146, '0'),
  (472, 1598, 474, 113, '0'),
  (473, 1601, 474, 34, '0'),
  (475, 1607, 474, 11, '0'),
  (477, 1613, 474, 199, '0'),
  (478, 1616, 474, 62, '0'),
  (479, 1619, 474, 63, '0'),
  (480, 1622, 474, 7, '0'),
  (481, 1625, 474, 19, '0'),
  (484, 1634, 474, 21, '0'),
  (487, 1643, 474, 3, '0'),
  (488, 1646, 474, 169, '0'),
  (489, 1649, 474, 246, '0'),
  (491, 1655, 474, 11, '0'),
  (492, 1658, 474, 53, '0'),
  (494, 1664, 474, 8, '0'),
  (497, 1673, 474, 151, '0'),
  (498, 1676, 474, 20, '0'),
  (500, 1682, 474, 12, '0'),
  (503, 1688, 474, 13, '0'),
  (504, 1694, 474, 38, '0'),
  (506, 1700, 474, 11, '0'),
  (508, 1706, 474, 3, '0'),
  (510, 1712, 474, 29, '0'),
  (511, 1715, 474, 150, '0'),
  (513, 1721, 474, 21, '0'),
  (514, 1724, 474, 3, '0'),
  (515, 1727, 474, 11, '0'),
  (517, 1733, 474, 74, '0'),
  (519, 1739, 474, 43, '0'),
  (521, 1745, 474, 117, '0'),
  (523, 1751, 474, 30, '0'),
  (525, 1757, 474, 8, '0'),
  (527, 1763, 474, 102, '0'),
  (528, 1766, 474, 81, '0'),
  (530, 1772, 474, 56, '0'),
  (532, 1778, 474, 37, '0'),
  (534, 1784, 474, 3, '0'),
  (536, 1790, 474, 98, '0'),
  (537, 1793, 474, 1, '0'),
  (539, 1799, 474, 52, '0'),
  (540, 1802, 474, 155, '0'),
  (541, 1805, 474, 5, '0'),
  (543, 1811, 474, 150, '0'),
  (544, 1814, 474, 28, '0'),
  (547, 1823, 474, 110, '0'),
  (548, 1826, 474, 2, '0'),
  (550, 1832, 474, 25, '0'),
  (551, 1835, 474, 43, '0'),
  (552, 1838, 474, 5, '0'),
  (554, 1844, 474, 37, '0'),
  (556, 1850, 474, 43, '0'),
  (557, 1853, 474, 49, '0'),
  (558, 1856, 474, 171, '0'),
  (560, 1862, 474, 10, '0'),
  (562, 1868, 474, 51, '0'),
  (563, 1871, 474, 68, '0'),
  (564, 1874, 474, 79, '0'),
  (566, 1880, 474, 120, '0'),
  (567, 1883, 474, 105, '0'),
  (568, 1886, 474, 15, '0'),
  (570, 1892, 474, 13, '0'),
  (571, 1895, 474, 12, '0'),
  (572, 1898, 474, 1, '0'),
  (575, 1907, 474, 4, '0'),
  (577, 1913, 474, 67, '0'),
  (579, 1919, 474, 7, '0'),
  (581, 1925, 474, 4, '0'),
  (583, 1931, 474, 4, '0'),
  (585, 1937, 474, 117, '0'),
  (586, 1940, 474, 62, '0'),
  (587, 1943, 474, 20, '0'),
  (588, 1946, 474, 96, '0'),
  (589, 1949, 474, 21, '0'),
  (590, 1952, 474, 1, '0'),
  (591, 1955, 474, 37, '0'),
  (592, 1958, 474, 26, '0'),
  (594, 1964, 474, 30, '0'),
  (596, 1970, 474, 28, '0'),
  (597, 1973, 474, 19, '0'),
  (598, 1976, 474, 25, '0'),
  (599, 1979, 474, 95, '0'),
  (600, 1982, 474, 120, '0'),
  (601, 1985, 1, 289, '0'),
  (603, 1991, 1, 98, '0'),
  (614, 2024, 1, 150, '0'),
  (620, 2042, 1, 189, '0'),
  (629, 2069, 474, 151, '0'),
  (655, 2124, 476, 999, '1345');

-- --------------------------------------------------------

--
-- Table structure for table `line_reactors`
--

DROP TABLE IF EXISTS `line_reactors`;
CREATE TABLE IF NOT EXISTS `line_reactors` (
  `id` int(11) NOT NULL AUTO_INCREMENT,
  `elements_id` int(11) NOT NULL,
  `lines_id` int(11) NOT NULL,
  `mvar` int(11) DEFAULT NULL,
  `is_switchable` varchar(1) DEFAULT NULL,
  PRIMARY KEY (`id`),
  KEY `fk_line_reactors_elements1_idx` (`elements_id`),
  KEY `fk_line_reactors_lines1_idx` (`lines_id`)
) ENGINE=InnoDB DEFAULT CHARSET=utf8;

-- --------------------------------------------------------

--
-- Table structure for table `owners`
--

DROP TABLE IF EXISTS `owners`;
CREATE TABLE IF NOT EXISTS `owners` (
  `id` int(11) NOT NULL AUTO_INCREMENT,
  `name` varchar(100) NOT NULL,
  `metadata` varchar(300) DEFAULT NULL,
  `regions_id` int(11) NOT NULL,
  PRIMARY KEY (`id`),
  UNIQUE KEY `name_UNIQUE` (`name`),
  KEY `fk_owners_regions_idx` (`regions_id`)
) ENGINE=InnoDB AUTO_INCREMENT=981 DEFAULT CHARSET=utf8;

--
-- Dumping data for table `owners`
--

INSERT INTO `owners` (`id`, `name`, `metadata`, `regions_id`) VALUES
  (1, 'ACPL', 'not yet', 1),
  (2, 'BALCO', 'not yet', 1),
  (3, 'ATIL', 'not yet', 1),
  (4, 'ACBIL', 'not yet', 1),
  (5, 'APL', 'not yet', 1),
  (6, 'APML', 'not yet', 1),
  (7, 'BDTCL', 'not yet', 1),
  (8, 'CGPL', 'not yet', 1),
  (9, 'CSEPTCL', 'not yet', 1),
  (10, 'CSPTCL', 'not yet', 1),
  (11, 'DB-Power', 'not yet', 1),
  (12, 'DD', 'not yet', 1),
  (13, 'DGEN', 'not yet', 1),
  (14, 'Dhariwal Infra', 'not yet', 1),
  (15, 'DIL', 'not yet', 1),
  (16, 'DNH', 'not yet', 1),
  (17, 'Electricity Dep of DD', 'not yet', 1),
  (18, 'Electricity Dep of DNH', 'not yet', 1),
  (19, 'EPTCL', 'not yet', 1),
  (20, 'ERTS-1', 'not yet', 1),
  (21, 'ERTS-2', 'not yet', 1),
  (22, 'Essar', 'not yet', 1),
  (23, 'GETCO', 'not yet', 1),
  (24, 'GMR', 'not yet', 1),
  (25, 'GMR-CG', 'not yet', 1),
  (26, 'GMR-EMCO', 'not yet', 1),
  (27, 'GPEC', 'not yet', 1),
  (28, 'GSECL', 'not yet', 1),
  (29, 'HAZIRA-IPP', 'not yet', 1),
  (30, 'IEPL', 'not yet', 1),
  (31, 'JAIGAD-IPP', 'not yet', 1),
  (32, 'Jaypee', 'not yet', 1),
  (33, 'Jhabua Power', 'not yet', 1),
  (34, 'Jhabua Power Ltd', 'not yet', 1),
  (35, 'JPL', 'not yet', 1),
  (36, 'JPTL', 'not yet', 1),
  (37, 'JPVL', 'not yet', 1),
  (38, 'JTCL', 'not yet', 1),
  (39, 'KSK', 'not yet', 1),
  (40, 'KWPCL', 'not yet', 1),
  (41, 'LANCO', 'not yet', 1),
  (42, 'Mahan', 'not yet', 1),
  (43, 'MB Power', 'not yet', 1),
  (44, 'MB-Power', 'not yet', 1),
  (45, 'MCCPL', 'not yet', 1),
  (46, 'MEGPTCL', 'not yet', 1),
  (47, 'MEGPTL', 'not yet', 1),
  (48, 'MPPTCL', 'not yet', 1),
  (49, 'MSETCL', 'not yet', 1),
  (50, 'NHPTL', 'not yet', 1),
  (51, 'NPCIL', 'not yet', 1),
  (52, 'NRTS-1', 'not yet', 1),
  (53, 'NSPCL', 'not yet', 1),
  (54, 'NTPC', 'not yet', 1),
  (55, 'OPTCL', 'not yet', 1),
  (56, 'PGCIL', 'not yet', 1),
  (57, 'Ratan India', 'not yet', 1),
  (58, 'Rattan India', 'not yet', 1),
  (59, 'Reliance', 'not yet', 1),
  (60, 'RGPPL', 'not yet', 1),
  (61, 'RKM', 'not yet', 1),
  (62, 'RKMPPL', 'not yet', 1),
  (63, 'RSPTCL', 'not yet', 1),
  (64, 'RTCL', 'not yet', 1),
  (65, 'SKS', 'not yet', 1),
  (66, 'SPGCL', 'not yet', 1),
  (67, 'SPL', 'not yet', 1),
  (68, 'SRTCL', 'not yet', 1),
  (69, 'SRTS-1', 'not yet', 1),
  (70, 'SSNL', 'not yet', 1),
  (71, 'SSNNL', 'not yet', 1),
  (72, 'TPL', 'not yet', 1),
  (73, 'TRN', 'not yet', 1),
  (74, 'UPPTCL', 'not yet', 1),
  (75, 'Vandana Vidyut', 'not yet', 1),
  (76, 'WRST-2', 'not yet', 1),
  (77, 'WRTGPL', 'not yet', 1),
  (78, 'WRTMPL', 'not yet', 1),
  (79, 'WRTS-1', 'not yet', 1),
  (80, 'WRTS-2', 'not yet', 1),
  (81, 'NA', 'No_Metadata', 6),
  (827, 'KPTCL', 'No_Metadata', 6),
  (856, 'GED', 'No_Metadata', 6);

-- --------------------------------------------------------

--
-- Table structure for table `regions`
--

DROP TABLE IF EXISTS `regions`;
CREATE TABLE IF NOT EXISTS `regions` (
  `id` int(11) NOT NULL AUTO_INCREMENT,
  `name` varchar(100) NOT NULL,
  PRIMARY KEY (`id`),
  UNIQUE KEY `name_UNIQUE` (`name`)
) ENGINE=InnoDB AUTO_INCREMENT=267 DEFAULT CHARSET=utf8;

--
-- Dumping data for table `regions`
--

INSERT INTO `regions` (`id`, `name`) VALUES
  (2, 'ER'),
  (6, 'NA'),
  (5, 'NER'),
  (4, 'NR'),
  (3, 'SR'),
  (1, 'WR');

-- --------------------------------------------------------

--
-- Table structure for table `states`
--

DROP TABLE IF EXISTS `states`;
CREATE TABLE IF NOT EXISTS `states` (
  `id` int(11) NOT NULL AUTO_INCREMENT,
  `name` varchar(100) NOT NULL,
  PRIMARY KEY (`id`),
  UNIQUE KEY `name_UNIQUE` (`name`)
) ENGINE=InnoDB AUTO_INCREMENT=157 DEFAULT CHARSET=utf8;

--
-- Dumping data for table `states`
--

INSERT INTO `states` (`id`, `name`) VALUES
  (31, 'Andaman and Nicobar Islands'),
  (1, 'Andhra Pradesh'),
  (2, 'Arunachal Pradesh'),
  (3, 'Assam'),
  (5, 'Bihar'),
  (32, 'Chandigarh'),
  (4, 'Chhattisgarh'),
  (33, 'Dadra and Nagar Haveli'),
  (34, 'Daman and Diu'),
  (35, 'Delhi'),
  (7, 'Goa'),
  (6, 'Gujarat'),
  (8, 'Haryana'),
  (9, 'Himachal Pradesh'),
  (11, 'Jammu (Winter)'),
  (10, 'Jammu and Kashmir'),
  (12, 'Jharkhand'),
  (13, 'Karnataka'),
  (14, 'Kerala'),
  (36, 'Lakshadweep'),
  (15, 'Madhya Pradesh'),
  (16, 'Maharashtra'),
  (17, 'Manipur'),
  (18, 'Meghalaya'),
  (19, 'Mizoram'),
  (20, 'Nagaland'),
  (21, 'Odisha'),
  (37, 'Puducherry'),
  (22, 'Punjab'),
  (23, 'Rajasthan'),
  (24, 'Sikkim'),
  (25, 'Tamil Nadu'),
  (26, 'Telangana'),
  (27, 'Tripura'),
  (29, 'Uttar Pradesh'),
  (28, 'Uttarakhand'),
  (30, 'West Bengal');

-- --------------------------------------------------------

--
-- Table structure for table `substations`
--

DROP TABLE IF EXISTS `substations`;
CREATE TABLE IF NOT EXISTS `substations` (
  `id` int(11) NOT NULL AUTO_INCREMENT,
  `elements_id` int(11) NOT NULL,
  PRIMARY KEY (`id`),
  UNIQUE KEY `elements_id_UNIQUE` (`elements_id`),
  KEY `fk_substations_elements1_idx` (`elements_id`)
) ENGINE=InnoDB AUTO_INCREMENT=1462 DEFAULT CHARSET=utf8;

--
-- Dumping data for table `substations`
--

INSERT INTO `substations` (`id`, `elements_id`) VALUES
  (1, 1),
  (2, 2),
  (3, 3),
  (4, 4),
  (5, 5),
  (6, 6),
  (7, 7),
  (8, 8),
  (9, 9),
  (10, 10),
  (11, 11),
  (12, 12),
  (13, 13),
  (14, 14),
  (15, 15),
  (16, 16),
  (17, 17),
  (18, 18),
  (19, 19),
  (20, 20),
  (21, 21),
  (22, 22),
  (23, 23),
  (24, 24),
  (25, 25),
  (26, 26),
  (27, 27),
  (28, 28),
  (29, 29),
  (30, 30),
  (31, 31),
  (32, 32),
  (33, 33),
  (34, 34),
  (35, 35),
  (36, 36),
  (37, 37),
  (38, 38),
  (39, 39),
  (40, 40),
  (41, 41),
  (42, 42),
  (43, 43),
  (44, 44),
  (45, 45),
  (46, 46),
  (47, 47),
  (48, 48),
  (49, 49),
  (50, 50),
  (51, 51),
  (52, 52),
  (53, 53),
  (54, 54),
  (55, 55),
  (56, 56),
  (57, 57),
  (58, 58),
  (59, 59),
  (60, 60),
  (61, 61),
  (62, 62),
  (63, 63),
  (64, 64),
  (65, 65),
  (66, 66),
  (67, 67),
  (68, 68),
  (69, 69),
  (70, 70),
  (71, 71),
  (72, 72),
  (73, 73),
  (74, 74),
  (75, 75),
  (76, 76),
  (77, 77),
  (78, 78),
  (79, 79),
  (80, 80),
  (81, 81),
  (82, 82),
  (83, 83),
  (84, 84),
  (85, 85),
  (86, 86),
  (87, 87),
  (88, 88),
  (89, 89),
  (90, 90),
  (91, 91),
  (92, 92),
  (93, 93),
  (94, 94),
  (95, 95),
  (96, 96),
  (97, 97),
  (98, 98),
  (99, 99),
  (100, 100),
  (101, 101),
  (102, 102),
  (103, 103),
  (104, 104),
  (105, 105),
  (106, 106),
  (107, 107),
  (108, 108),
  (109, 109),
  (110, 110),
  (111, 111),
  (112, 112),
  (113, 113),
  (114, 114),
  (115, 115),
  (116, 116),
  (117, 117),
  (118, 118),
  (119, 119),
  (120, 120),
  (121, 121),
  (122, 122),
  (123, 123),
  (124, 124),
  (125, 125),
  (126, 126),
  (127, 127),
  (128, 128),
  (129, 129),
  (130, 130),
  (131, 131),
  (132, 132),
  (133, 133),
  (134, 134),
  (135, 135),
  (136, 136),
  (137, 137),
  (138, 138),
  (139, 139),
  (140, 140),
  (141, 141),
  (142, 142),
  (143, 143),
  (144, 144),
  (145, 145),
  (146, 146),
  (147, 147),
  (148, 148),
  (149, 149),
  (150, 150),
  (151, 151),
  (152, 152),
  (153, 153),
  (154, 154),
  (155, 155),
  (156, 156),
  (157, 157),
  (158, 158),
  (159, 159),
  (160, 160),
  (161, 161),
  (162, 162),
  (163, 163),
  (164, 164),
  (165, 165),
  (166, 166),
  (167, 167),
  (168, 168),
  (169, 169),
  (170, 170),
  (171, 171),
  (172, 172),
  (173, 173),
  (174, 174),
  (175, 175),
  (176, 176),
  (177, 177),
  (178, 178),
  (179, 179),
  (180, 180),
  (181, 181),
  (182, 182),
  (183, 183),
  (184, 184),
  (258, 295),
  (285, 336),
  (286, 337),
  (346, 427),
  (424, 544),
  (438, 565),
  (530, 703),
  (743, 1023),
  (745, 1026),
  (748, 1030),
  (750, 1033),
  (831, 1155),
  (841, 1170),
  (953, 1338),
  (977, 1374),
  (979, 1377),
  (996, 1402),
  (1024, 1444),
  (1030, 1453),
  (1043, 1473),
  (1048, 1480),
  (1053, 1488),
  (1054, 1489),
  (1103, 1563),
  (1121, 1590),
  (1122, 1591),
  (1125, 1596),
  (1126, 1597),
  (1128, 1600),
  (1129, 1602),
  (1130, 1603),
  (1134, 1609),
  (1137, 1614),
  (1138, 1615),
  (1140, 1618),
  (1141, 1620),
  (1142, 1621),
  (1143, 1623),
  (1144, 1624),
  (1146, 1627),
  (1151, 1635),
  (1152, 1636),
  (1157, 1644),
  (1158, 1645),
  (1160, 1648),
  (1162, 1651),
  (1165, 1656),
  (1166, 1657),
  (1167, 1659),
  (1171, 1665),
  (1172, 1666),
  (1176, 1672),
  (1178, 1675),
  (1179, 1677),
  (1180, 1678),
  (1184, 1684),
  (1187, 1689),
  (1188, 1690),
  (1191, 1695),
  (1200, 1708),
  (1203, 1713),
  (1204, 1714),
  (1205, 1716),
  (1206, 1717),
  (1209, 1722),
  (1210, 1723),
  (1211, 1725),
  (1213, 1728),
  (1214, 1729),
  (1218, 1735),
  (1222, 1741),
  (1229, 1752),
  (1230, 1753),
  (1234, 1759),
  (1237, 1764),
  (1238, 1765),
  (1240, 1768),
  (1244, 1774),
  (1251, 1785),
  (1255, 1791),
  (1256, 1792),
  (1257, 1794),
  (1261, 1800),
  (1262, 1801),
  (1263, 1803),
  (1264, 1804),
  (1266, 1807),
  (1271, 1815),
  (1272, 1816),
  (1273, 1818),
  (1274, 1819),
  (1278, 1825),
  (1279, 1827),
  (1280, 1828),
  (1284, 1834),
  (1286, 1837),
  (1288, 1840),
  (1293, 1848),
  (1294, 1849),
  (1298, 1855),
  (1299, 1857),
  (1300, 1858),
  (1309, 1872),
  (1310, 1873),
  (1311, 1875),
  (1312, 1876),
  (1315, 1881),
  (1317, 1884),
  (1318, 1885),
  (1320, 1888),
  (1323, 1893),
  (1325, 1896),
  (1327, 1899),
  (1331, 1905),
  (1333, 1908),
  (1334, 1909),
  (1337, 1914),
  (1341, 1920),
  (1342, 1921),
  (1345, 1926),
  (1346, 1927),
  (1349, 1932),
  (1350, 1933),
  (1353, 1938),
  (1354, 1939),
  (1359, 1947),
  (1362, 1951),
  (1367, 1959),
  (1377, 1974),
  (1379, 1977),
  (1380, 1978),
  (1381, 1980),
  (1384, 1984),
  (1385, 1986),
  (1423, 2043),
  (1424, 2092),
  (1441, 2114);

-- --------------------------------------------------------

--
-- Table structure for table `voltages`
--

DROP TABLE IF EXISTS `voltages`;
CREATE TABLE IF NOT EXISTS `voltages` (
  `id` int(11) NOT NULL AUTO_INCREMENT,
  `level` varchar(30) NOT NULL,
  PRIMARY KEY (`id`),
  UNIQUE KEY `name_UNIQUE` (`level`)
) ENGINE=InnoDB AUTO_INCREMENT=96 DEFAULT CHARSET=utf8;

--
-- Dumping data for table `voltages`
--

INSERT INTO `voltages` (`id`, `level`) VALUES
  (2, '1200'),
  (5, '132'),
  (3, '220'),
  (11, '220/132'),
  (10, '220/66'),
  (4, '400'),
  (9, '400/132'),
  (8, '400/220'),
  (6, '66'),
  (1, '765'),
  (7, '765/400');

--
-- Constraints for dumped tables
--

--
-- Constraints for table `bus_reactors`
--
ALTER TABLE `bus_reactors`
ADD CONSTRAINT `fk_bus_reactors_elements1` FOREIGN KEY (`elements_id`) REFERENCES `elements` (`id`) ON DELETE NO ACTION ON UPDATE NO ACTION;

--
-- Constraints for table `elements`
--
ALTER TABLE `elements`
ADD CONSTRAINT `fk_elements_element_types1` FOREIGN KEY (`element_types_id`) REFERENCES `element_types` (`id`) ON UPDATE CASCADE,
ADD CONSTRAINT `fk_elements_voltages1` FOREIGN KEY (`voltages_id`) REFERENCES `voltages` (`id`) ON UPDATE CASCADE;

--
-- Constraints for table `elements_has_owners`
--
ALTER TABLE `elements_has_owners`
ADD CONSTRAINT `fk_elements_has_owners_elements1` FOREIGN KEY (`elements_id`) REFERENCES `elements` (`id`) ON DELETE CASCADE ON UPDATE CASCADE,
ADD CONSTRAINT `fk_elements_has_owners_owners1` FOREIGN KEY (`owners_id`) REFERENCES `owners` (`id`) ON UPDATE CASCADE;

--
-- Constraints for table `elements_has_regions`
--
ALTER TABLE `elements_has_regions`
ADD CONSTRAINT `fk_elements_has_regions_elements1` FOREIGN KEY (`elements_id`) REFERENCES `elements` (`id`) ON DELETE CASCADE ON UPDATE CASCADE,
ADD CONSTRAINT `fk_elements_has_regions_regions1` FOREIGN KEY (`regions_id`) REFERENCES `regions` (`id`) ON UPDATE CASCADE;

--
-- Constraints for table `elements_has_states`
--
ALTER TABLE `elements_has_states`
ADD CONSTRAINT `fk_elements_has_states_elements1` FOREIGN KEY (`elements_id`) REFERENCES `elements` (`id`) ON DELETE CASCADE ON UPDATE CASCADE,
ADD CONSTRAINT `fk_elements_has_states_states1` FOREIGN KEY (`states_id`) REFERENCES `states` (`id`) ON UPDATE CASCADE;

--
-- Constraints for table `elements_has_substations`
--
ALTER TABLE `elements_has_substations`
ADD CONSTRAINT `fk_elements_has_elements_elements1` FOREIGN KEY (`elements_id`) REFERENCES `elements` (`id`) ON DELETE CASCADE ON UPDATE CASCADE,
ADD CONSTRAINT `fk_elements_has_substations_substations1` FOREIGN KEY (`substations_id`) REFERENCES `substations` (`id`) ON UPDATE CASCADE;

--
-- Constraints for table `lines`
--
ALTER TABLE `lines`
ADD CONSTRAINT `fk_lines_conductor_types1` FOREIGN KEY (`conductor_types_id`) REFERENCES `conductor_types` (`id`) ON UPDATE CASCADE,
ADD CONSTRAINT `fk_lines_elements1` FOREIGN KEY (`elements_id`) REFERENCES `elements` (`id`) ON DELETE CASCADE ON UPDATE CASCADE;

--
-- Constraints for table `line_reactors`
--
ALTER TABLE `line_reactors`
ADD CONSTRAINT `fk_line_reactors_elements1` FOREIGN KEY (`elements_id`) REFERENCES `elements` (`id`) ON DELETE CASCADE ON UPDATE CASCADE,
ADD CONSTRAINT `fk_line_reactors_lines1` FOREIGN KEY (`lines_id`) REFERENCES `lines` (`id`) ON UPDATE CASCADE;

--
-- Constraints for table `owners`
--
ALTER TABLE `owners`
ADD CONSTRAINT `fk_owners_regions` FOREIGN KEY (`regions_id`) REFERENCES `regions` (`id`) ON UPDATE CASCADE;

--
-- Constraints for table `substations`
--
ALTER TABLE `substations`
ADD CONSTRAINT `fk_substations_elements1` FOREIGN KEY (`elements_id`) REFERENCES `elements` (`id`) ON DELETE CASCADE ON UPDATE CASCADE;

/*!40101 SET CHARACTER_SET_CLIENT=@OLD_CHARACTER_SET_CLIENT */;
/*!40101 SET CHARACTER_SET_RESULTS=@OLD_CHARACTER_SET_RESULTS */;
/*!40101 SET COLLATION_CONNECTION=@OLD_COLLATION_CONNECTION */;
